,image_name,avg_r,avg_g,avg_b,std_r,std_g,std_b,edge_sum,label
0,SeaLake_179.jpg,49.7080078125,76.317626953125,87.4384765625,1.7715454763959533,2.9832608904558664,1.5393992409015225,0,water
1,SeaLake_2852.jpg,32.55810546875,51.1884765625,73.601806640625,7.916497973267684,6.7154878725702565,4.788687705329577,38,water
2,SeaLake_1397.jpg,23.187255859375,43.301513671875,72.11669921875,0.7795880378473814,0.9109027404434871,1.1182761057060728,0,water
3,SeaLake_637.jpg,23.713623046875,40.769775390625,66.630615234375,0.7151881571263897,0.7328605050506738,0.8241533370976325,0,water
4,SeaLake_2113.jpg,23.02880859375,43.65283203125,72.997802734375,0.7875682922300437,0.8638134174831964,0.9831316831425855,0,water
5,SeaLake_804.jpg,42.130126953125,68.878662109375,91.072021484375,0.8148467212889821,1.116799000234006,0.8951030053370514,0,water
6,SeaLake_1368.jpg,95.233154296875,125.106689453125,126.3173828125,6.798694757229047,7.866072207268815,6.5053576616954425,50,water
7,SeaLake_810.jpg,77.20947265625,105.231689453125,113.949951171875,8.597843804192047,1.9773575913793737,1.2837951084298125,0,water
8,SeaLake_2107.jpg,106.499755859375,110.11962890625,109.844482421875,1.1564611036024321,0.8439498947149817,1.2082818968556694,0,water
9,SeaLake_1426.jpg,39.98876953125,62.11962890625,82.79736328125,0.8355334009311988,0.8865561987485219,1.0647737072797363,0,water
10,SeaLake_1340.jpg,23.443115234375,43.568115234375,73.143310546875,0.7968360666974035,0.8602262615707793,0.9846076993043414,0,water
11,SeaLake_2891.jpg,72.12109375,116.318603515625,90.4599609375,6.001463393724145,6.740176996226166,5.873367326200032,0,water
12,SeaLake_838.jpg,26.25927734375,46.780029296875,69.77197265625,0.7448795684658993,0.8803971932552336,1.0389182772250758,0,water
13,SeaLake_2885.jpg,97.80126953125,125.0283203125,121.147216796875,6.314901952488289,7.393163458807732,5.544568804726195,26,water
14,SeaLake_1354.jpg,78.2158203125,103.613037109375,112.60107421875,6.267148638851834,2.17730121495721,1.6301117971029095,0,water
15,SeaLake_409.jpg,27.622802734375,48.855712890625,75.248046875,0.8564196662151233,0.8707663087437448,1.0879291959051078,0,water
16,SeaLake_347.jpg,30.190185546875,56.041259765625,73.564697265625,0.8692396129001814,0.9975589223778063,1.0747064489062341,0,water
17,SeaLake_1195.jpg,24.3779296875,61.5009765625,87.20849609375,1.0297058566921684,1.1773824846139354,1.2464739658897779,0,water
18,SeaLake_2311.jpg,42.114501953125,60.933837890625,86.142333984375,2.1911408642772288,1.7118519294635417,1.635932223540125,0,water
19,SeaLake_384.jpg,45.411376953125,69.322998046875,87.593505859375,9.52286811046507,8.617235998050067,5.152275628716164,22,water
20,SeaLake_390.jpg,23.45068359375,44.15380859375,72.796630859375,0.8028328271343823,0.8554028350658229,1.129287998371739,0,water
21,SeaLake_2339.jpg,71.041259765625,100.222412109375,106.931640625,1.739226540697206,2.02850671535205,1.924278183397507,0,water
22,SeaLake_1630.jpg,62.401611328125,107.77734375,103.29931640625,1.737282849882734,1.811215702045435,1.5541211347412998,0,water
23,SeaLake_1156.jpg,34.84130859375,59.3515625,82.556640625,1.7216488753756956,2.0583380118663093,1.5830569109635981,0,water
24,SeaLake_1977.jpg,41.458984375,64.082763671875,84.5810546875,1.1043138705802167,1.0985323033451349,1.271023386934433,0,water
25,SeaLake_233.jpg,50.281005859375,71.342041015625,88.290771484375,1.4806336283402177,1.451174811749163,1.3738179544609828,0,water
26,SeaLake_541.jpg,89.8525390625,102.15673828125,102.8232421875,23.71830190202624,19.171457144637984,14.026203394921957,172,water
27,SeaLake_2517.jpg,31.65478515625,46.9638671875,71.083740234375,15.504912482392626,10.006036414702919,6.738855765356002,23,water
28,SeaLake_596.jpg,46.258056640625,77.5478515625,88.12255859375,6.316873371542629,6.739586532882882,4.336506876634467,25,water
29,SeaLake_1744.jpg,45.94189453125,82.615234375,92.9755859375,1.2988662140502936,1.4243290442585097,1.3360570664467315,0,water
30,SeaLake_1022.jpg,31.25244140625,49.245849609375,77.0322265625,1.2329873119422285,1.185589483208737,1.0943911172060168,0,water
31,SeaLake_37.jpg,92.5810546875,121.863037109375,118.4638671875,10.804493624477931,10.602758934634261,8.332516026153856,53,water
32,SeaLake_2098.jpg,23.414794921875,42.941162109375,71.657470703125,0.7047313989469411,0.8621857540587182,1.184044251773268,0,water
33,SeaLake_2926.jpg,31.5576171875,52.850341796875,76.143798828125,1.1526974927120255,1.1561718218380848,1.1114969242669441,0,water
34,SeaLake_757.jpg,84.38818359375,117.179931640625,117.271484375,1.6960711210156652,1.1051184163142862,1.3723437922513657,0,water
35,SeaLake_2932.jpg,37.255126953125,64.456298828125,85.6826171875,1.953461991801774,2.604372895022284,1.8728765543488417,0,water
36,SeaLake_743.jpg,65.45849609375,95.920166015625,90.797607421875,1.3677850779694853,1.3494514118944083,1.2641017601225448,0,water
37,SeaLake_1585.jpg,37.759765625,56.150146484375,76.28515625,0.948066671610367,0.7151164800959546,1.055923754627169,0,water
38,SeaLake_970.jpg,73.50439453125,90.7294921875,101.11328125,3.6538427204239503,1.7705460558473098,1.9975227272545455,5,water
39,SeaLake_1208.jpg,64.803466796875,90.583740234375,91.677001953125,1.6350941572871047,1.397828699500343,1.5105160011863281,0,water
40,SeaLake_964.jpg,28.6142578125,65.103759765625,91.190673828125,0.8050328967083984,1.055688425465793,1.0409210047564406,0,water
41,SeaLake_1552.jpg,38.9580078125,60.80224609375,80.604248046875,1.2471429599043427,1.4996597380949006,1.2411292744806028,0,water
42,SeaLake_794.jpg,44.10888671875,73.99560546875,80.02685546875,15.179198449110542,9.21056205366128,7.638101032164227,138,water
43,SeaLake_2729.jpg,59.603515625,85.468994140625,97.63623046875,15.328500165635282,8.98474268616995,5.855977835992394,109,water
44,SeaLake_958.jpg,92.2451171875,107.626220703125,114.595458984375,3.8286639398610176,1.2711822338290568,1.2514323372847984,0,water
45,SeaLake_780.jpg,23.96337890625,41.09765625,66.9658203125,0.791573485529015,0.8213070607793028,0.8656327340231551,0,water
46,SeaLake_1220.jpg,91.803466796875,125.692626953125,124.455322265625,2.130209077929776,1.6767610650983578,1.6391975914456185,0,water
47,SeaLake_1546.jpg,79.00244140625,102.280517578125,112.612060546875,6.126354593233689,5.995902843107774,3.962980680161597,0,water
48,SeaLake_781.jpg,73.779296875,113.589111328125,117.369384765625,1.5179978505799125,2.6123894622452064,1.5330124463125419,0,water
49,SeaLake_959.jpg,86.604248046875,117.366455078125,118.488037109375,3.9916748718079167,2.724444060967558,1.8027359455138998,0,water
50,SeaLake_2728.jpg,25.749755859375,50.672607421875,78.919189453125,0.7481258739061597,1.1017527044049702,1.1112716740917872,0,water
51,SeaLake_1547.jpg,92.35302734375,120.47412109375,122.08935546875,14.829759216295955,15.150379475477216,10.203511381208651,37,water
52,SeaLake_1553.jpg,23.8583984375,40.977783203125,67.0,1.6691618678988442,1.6285251931000684,1.3468351212193719,10,water
53,SeaLake_795.jpg,31.0927734375,52.964599609375,77.02685546875,0.6879874148881167,0.7258257257900118,0.7707174231183682,0,water
54,SeaLake_965.jpg,45.458251953125,72.226806640625,109.37109375,2.495350221027526,2.3633708211775404,1.766795622719543,0,water
55,SeaLake_2066.jpg,29.239501953125,49.3642578125,77.26904296875,0.8110035173008254,0.9001040716398937,1.154508258292762,0,water
56,SeaLake_1209.jpg,26.65771484375,53.633056640625,74.591552734375,0.7385381019696364,0.7808567964970207,0.8471672299956253,0,water
57,SeaLake_971.jpg,88.917724609375,121.765869140625,119.759765625,2.4323499878147685,2.5152109765014394,3.194753136209175,0,water
58,SeaLake_742.jpg,78.802490234375,111.645751953125,118.853271484375,6.334144794927549,2.7441782341277046,1.9508621993435324,0,water
59,SeaLake_1584.jpg,23.552001953125,43.7138671875,72.778564453125,0.8093272765829564,0.9146502308865613,1.0675612402598595,0,water
60,SeaLake_1590.jpg,39.046875,62.73828125,82.85009765625,1.204341917033946,0.9562496808618749,1.0413754755554103,0,water
61,SeaLake_756.jpg,25.6064453125,49.9287109375,79.676025390625,0.7538297149865991,1.0213998792431254,0.9971989204042071,0,water
62,SeaLake_36.jpg,40.57861328125,57.80126953125,73.47314453125,2.869163850673417,1.8939300527053278,1.5486137559276096,0,water
63,SeaLake_1745.jpg,88.20703125,108.607421875,117.697509765625,16.59038364438187,14.244659895580922,14.309738190476539,66,water
64,SeaLake_2258.jpg,37.974609375,56.225830078125,76.21240234375,0.8625452002139421,0.7091938056265412,0.9701615171555233,0,water
65,SeaLake_1751.jpg,36.98193359375,65.673828125,84.53515625,1.4980996332738388,1.7276922473950573,1.37330661883497,0,water
66,SeaLake_2270.jpg,48.265869140625,71.546630859375,88.93017578125,5.807446318364753,5.26673980933214,4.297472409419978,36,water
67,SeaLake_2516.jpg,33.239501953125,54.239990234375,77.169677734375,6.6898734212669755,4.53822441702475,2.576328634332656,0,water
68,SeaLake_226.jpg,33.93212890625,57.691162109375,82.14111328125,1.8776759443879496,1.9742185996462753,1.8634040200275566,0,water
69,SeaLake_1786.jpg,87.36865234375,122.70166015625,123.08984375,1.7688255671342021,1.1673275006960238,1.3879835781038397,0,water
70,SeaLake_1792.jpg,40.274169921875,63.10888671875,83.253662109375,1.0161185312570853,0.9689309966297179,1.1061181361601597,0,water
71,SeaLake_232.jpg,27.5576171875,48.9521484375,75.297119140625,0.993927158902799,2.0902852100171185,1.0518081072131273,0,water
72,SeaLake_1962.jpg,74.954345703125,92.221435546875,102.16455078125,2.9753406550010117,1.862468406230068,1.6622160217282274,0,water
73,SeaLake_568.jpg,85.386962890625,118.183837890625,115.917724609375,4.156122643089848,5.153232309856169,3.995580847257693,0,water
74,SeaLake_1976.jpg,41.308349609375,58.99462890625,74.89599609375,1.3025623076357173,1.1121095079181404,1.2596981533227478,0,water
75,SeaLake_1631.jpg,44.92138671875,70.262451171875,86.7138671875,2.3631843483975405,3.251609614561139,2.203992091322208,0,water
76,SeaLake_1157.jpg,36.711669921875,99.534912109375,106.489501953125,7.55178221310529,9.304251374754392,9.063921609726211,86,water
77,SeaLake_1619.jpg,23.06103515625,40.15478515625,66.167236328125,2.77917501647549,2.613061870039564,2.2646249471336897,12,water
78,SeaLake_1180.jpg,118.016357421875,123.49072265625,118.64111328125,32.71684682879945,23.528757999380097,18.25579448707601,99,water
79,SeaLake_346.jpg,25.268798828125,46.14697265625,68.19482421875,0.7779700665023216,1.0702295201566903,1.0823660102010098,0,water
80,SeaLake_408.jpg,32.381591796875,60.465576171875,76.65185546875,0.9479330955730519,1.0204388608864425,1.0649725250496924,0,water
81,SeaLake_1802.jpg,23.957275390625,41.13232421875,67.00634765625,0.7227340656346245,0.7050806610822637,0.8021934896021856,0,water
82,SeaLake_1355.jpg,46.08984375,82.874267578125,85.4951171875,4.436590396981216,8.531740024313004,3.5084963261548516,0,water
83,SeaLake_2884.jpg,37.64453125,60.48095703125,79.79296875,0.8943777160816551,0.9399076698491116,1.1751451767860164,0,water
84,SeaLake_1427.jpg,38.194091796875,59.848876953125,80.134521484375,0.9055354162101191,1.002372044366869,1.1739438677451945,0,water
85,SeaLake_187.jpg,28.476318359375,52.16845703125,72.7021484375,1.2090663851283387,1.4103901423444636,1.2024776153701608,0,water
86,SeaLake_839.jpg,68.515625,105.42626953125,115.09814453125,3.3247488744452567,1.2027935215480274,1.2170005370728962,0,water
87,SeaLake_2660.jpg,37.585205078125,56.75341796875,77.511962890625,18.37951862640618,10.25136890807099,7.295074955612033,126,water
88,SeaLake_811.jpg,25.768310546875,64.53564453125,88.216796875,6.319904512268017,14.657156121196975,9.34068569598829,45,water
89,SeaLake_805.jpg,52.846923828125,82.0107421875,113.17724609375,1.4507727298681539,2.1950498810750783,1.6409463476909798,0,water
90,SeaLake_1396.jpg,23.370361328125,43.65673828125,72.847900390625,0.798735858093579,0.8790883871606973,1.005386122692656,0,water
91,SeaLake_144.jpg,23.338623046875,44.04541015625,73.18310546875,0.8195800053991626,0.8887801219701927,1.1967843163301577,0,water
92,SeaLake_634.jpg,24.02880859375,43.4736328125,73.179931640625,0.7962007849318835,0.7990400038003979,0.9391119450454221,0,water
93,SeaLake_2845.jpg,52.057373046875,80.4248046875,88.7822265625,0.9994526497624983,1.1567608503826654,1.167987938152374,0,water
94,SeaLake_2851.jpg,62.346435546875,87.194091796875,89.90478515625,1.0968046584221,1.1040471780050134,1.2738799280268385,0,water
95,SeaLake_146.jpg,23.41845703125,43.40185546875,72.895263671875,0.7953055390838395,0.8683544932720264,0.9291382457395091,0,water
96,SeaLake_813.jpg,101.13818359375,99.912353515625,108.768310546875,2.8918404575491947,2.748558522780933,2.495950172366355,0,water
97,SeaLake_807.jpg,26.02392578125,51.35595703125,79.6552734375,0.6334690408706468,0.9088076312695039,1.108741686939268,0,water
98,SeaLake_2110.jpg,68.327880859375,104.232666015625,113.608642578125,2.6717679074782135,1.2600445342519395,1.2318659282642543,0,water
99,SeaLake_1343.jpg,24.253662109375,41.432373046875,67.35498046875,0.7748873828772963,0.7087048276335001,0.7890019157492777,0,water
100,SeaLake_2892.jpg,51.310546875,70.33056640625,91.411865234375,16.683629762275288,11.32070245064585,8.337517911185452,35,water
101,SeaLake_1800.jpg,25.32373046875,45.978759765625,68.444091796875,0.8096002037134781,0.9353036902892531,1.1102765946255617,0,water
102,SeaLake_1828.jpg,76.7587890625,110.826416015625,113.702880859375,1.458883381607444,1.1853992301092067,1.3365912148631165,0,water
103,SeaLake_350.jpg,78.57275390625,112.44873046875,115.12890625,1.1505687426770146,1.081994121479135,1.2078779392848176,0,water
104,SeaLake_344.jpg,27.089111328125,49.652587890625,72.676025390625,1.010742393899058,0.9710950156316389,0.768503151005457,0,water
105,SeaLake_422.jpg,38.8681640625,51.406005859375,76.169921875,2.537839060713562,1.5475702553610184,1.3148912717013845,0,water
106,SeaLake_2460.jpg,28.262939453125,46.550048828125,72.46533203125,4.798981983542481,6.905326224810332,3.2257613695363068,0,water
107,SeaLake_1169.jpg,37.68603515625,56.009033203125,76.228515625,0.8863991316777324,0.7089456594946488,1.0652663178195674,0,water
108,SeaLake_2306.jpg,28.783447265625,50.108642578125,76.219970703125,1.1751950599197185,1.3709683483193014,1.1927112623731249,0,water
109,SeaLake_2474.jpg,93.872802734375,95.936279296875,105.151611328125,6.6132474291185055,4.3256809688034386,3.769637688433621,0,water
110,SeaLake_1633.jpg,43.45068359375,72.7783203125,89.526611328125,1.6713666053785403,1.9743666683647956,1.475640367252612,0,water
111,SeaLake_1627.jpg,38.392333984375,61.646728515625,89.5078125,7.548355174578064,5.564514561505117,3.2813895059629465,18,water
112,SeaLake_1141.jpg,79.016357421875,123.515625,123.35302734375,1.6387566782090022,2.4098491751300535,1.75108242619096,0,water
113,SeaLake_218.jpg,37.0224609375,60.681396484375,92.778564453125,1.0643290316141063,1.2479692891679628,1.2050672187497133,0,water
114,SeaLake_1974.jpg,23.225830078125,42.81982421875,71.29150390625,0.7251931278556467,0.8186411952747994,1.2056532218639782,0,water
115,SeaLake_2514.jpg,39.267822265625,67.2919921875,88.00634765625,1.371728972742244,1.3645534754779547,1.3892931614710164,0,water
116,SeaLake_2266.jpg,29.698486328125,48.6396484375,75.771484375,1.4734491495458724,1.8056255066191906,1.2253536414565631,0,water
117,SeaLake_1009.jpg,65.252685546875,116.52783203125,95.758056640625,2.7537026945597236,2.9929452837942927,2.1548474905963393,0,water
118,SeaLake_2528.jpg,23.07080078125,40.148193359375,66.22412109375,0.6708691186620455,0.691579980090627,0.833891602120026,0,water
119,SeaLake_2919.jpg,40.272705078125,61.308837890625,77.47607421875,4.153205782102524,3.8743169782478177,2.6020976023184788,11,water
120,SeaLake_768.jpg,35.218017578125,59.79345703125,83.347412109375,1.714363030764928,2.078140545550261,1.5325753645855766,8,water
121,SeaLake_20.jpg,93.689208984375,125.110107421875,126.62158203125,1.8638577159299958,1.2586945231163282,1.3049870678198785,0,water
122,SeaLake_1586.jpg,31.508056640625,46.941162109375,70.846435546875,15.455437249049016,10.232177961558419,6.912864620084167,101,water
123,SeaLake_740.jpg,27.5224609375,43.5693359375,67.617919921875,1.5434727099261007,2.078906607815992,1.2584717486002592,0,water
124,SeaLake_998.jpg,51.18505859375,69.60986328125,81.4306640625,1.8616533825820725,1.847094525040065,1.443289005283071,0,water
125,SeaLake_2925.jpg,25.578125,50.0126953125,79.9736328125,0.7350395928961923,0.9426084574416502,0.9104364970569555,0,water
126,SeaLake_754.jpg,31.8662109375,58.72607421875,73.94140625,0.9420052676367426,1.281693451596979,1.192417603531136,0,water
127,SeaLake_1592.jpg,24.460693359375,41.733642578125,67.446044921875,0.7868039506463965,0.7756681930355939,0.8329863103884272,0,water
128,SeaLake_2070.jpg,80.652587890625,114.724609375,114.333740234375,2.3455530860299483,1.400453276143874,1.7295666101900558,0,water
129,SeaLake_967.jpg,73.638671875,121.31201171875,124.11279296875,62.14684057575722,27.59728552264901,16.094492471104846,149,water
130,SeaLake_2702.jpg,30.240966796875,47.8798828125,72.50830078125,0.795060091866522,0.8703703335460659,0.7908346086765802,0,water
131,SeaLake_973.jpg,67.222412109375,91.07470703125,95.068115234375,1.9184027683800822,2.0313184873332424,1.5975747495723132,0,water
132,SeaLake_783.jpg,25.296875,49.411376953125,79.22216796875,0.7534102157025746,1.0214771102734468,1.049533372462019,0,water
133,SeaLake_1237.jpg,25.219970703125,61.288818359375,86.734130859375,5.589881832864778,4.001077976110055,2.9720979685128692,34,water
134,SeaLake_797.jpg,53.041259765625,77.306884765625,85.957275390625,6.798330072331408,4.969812333604991,3.2538109865016365,21,water
135,SeaLake_1551.jpg,76.924072265625,119.463623046875,120.28369140625,1.6091008925103731,2.6142161226706833,1.732921025254728,0,water
136,SeaLake_796.jpg,31.197265625,52.85888671875,76.484375,2.163405776650178,1.644744569258357,1.7455999371634383,0,water
137,SeaLake_2059.jpg,24.20654296875,50.3603515625,75.202880859375,2.2413715113876007,4.649851966880646,1.7851113578777829,0,water
138,SeaLake_1222.jpg,43.597900390625,72.7734375,89.542236328125,2.618982217821548,2.35703267422065,1.9843561216642838,0,water
139,SeaLake_782.jpg,27.66162109375,52.640380859375,78.01806640625,0.7569674469916482,0.7090515861495104,0.8817628004260613,0,water
140,SeaLake_972.jpg,40.8115234375,60.59228515625,85.48291015625,1.4954762591355917,1.2756275465181492,1.2295995154889257,0,water
141,SeaLake_2065.jpg,43.838623046875,81.204345703125,92.8076171875,2.0387080531245987,1.6968751903835912,1.5734306994445577,0,water
142,SeaLake_966.jpg,64.165283203125,109.157470703125,110.618408203125,5.337466684054313,6.3269372225653004,4.165889081718656,5,water
143,SeaLake_755.jpg,39.08837890625,61.079833984375,82.011474609375,0.946571583494906,1.0651270701488214,1.1088754039407183,0,water
144,SeaLake_2924.jpg,25.925537109375,50.60400390625,79.6591796875,0.6491973744900462,1.1402711711407691,1.1066443995644681,0,water
145,SeaLake_1587.jpg,36.217529296875,69.411376953125,85.96142578125,2.020958386972891,1.6003104735683609,1.744823907203196,0,water
146,SeaLake_999.jpg,97.42041015625,97.4736328125,106.677734375,2.0818255181503207,1.9633577161137346,2.104485616651575,5,water
147,SeaLake_741.jpg,42.63330078125,60.51318359375,75.961181640625,1.8215840364139502,1.7762600120353538,1.691894443176179,0,water
148,SeaLake_21.jpg,27.85888671875,50.779541015625,72.9970703125,1.1139251453104282,0.9019192774762848,1.0390289989606414,0,water
149,SeaLake_769.jpg,35.751220703125,61.204833984375,84.459716796875,1.2290722627540582,1.719257331879106,1.2987893693921235,0,water
150,SeaLake_2918.jpg,23.632568359375,43.929443359375,72.444580078125,0.82413771533805,1.1815857173048068,1.0297597752676926,0,water
151,SeaLake_35.jpg,31.874755859375,60.153076171875,77.148193359375,0.9036533051254254,0.8174460693092208,1.155938157996418,0,water
152,SeaLake_1752.jpg,41.7548828125,69.256591796875,80.866455078125,0.7920969412843922,1.0417695026499185,0.8261992537919652,0,water
153,SeaLake_1034.jpg,40.0732421875,63.400146484375,83.343505859375,1.1388071284112227,0.9433618707406654,1.1070273636862111,0,water
154,SeaLake_2529.jpg,24.46484375,41.61474609375,67.585693359375,1.2027127438985328,1.313807880349755,1.0364360167945859,0,water
155,SeaLake_580.jpg,38.336669921875,60.0068359375,80.080322265625,1.1226899218304587,1.2019889719579362,1.2216086241181612,0,water
156,SeaLake_2267.jpg,36.1083984375,62.136474609375,84.7080078125,1.063862992235165,1.2190214735069032,1.0728786918561506,0,water
157,SeaLake_2298.jpg,22.78369140625,42.328857421875,71.50146484375,0.7365908369100836,0.7821914722129922,1.0709670912230629,0,water
158,SeaLake_557.jpg,23.718505859375,43.467529296875,73.004638671875,0.804108902399913,0.8413857786048966,0.9640652685883027,0,water
159,SeaLake_225.jpg,22.7158203125,45.44677734375,72.841064453125,1.0445654145205088,1.1220009353212208,1.1962601389599774,0,water
160,SeaLake_1785.jpg,65.037109375,111.163818359375,105.25,1.2038714582699888,1.4130977268953069,1.2861947267035423,0,water
161,SeaLake_1975.jpg,31.76513671875,60.173583984375,76.992919921875,0.8677238661408844,0.7679463830525538,1.120955694650214,0,water
162,SeaLake_1961.jpg,22.98193359375,42.71435546875,72.294677734375,0.7703399281909318,0.8777573599902012,0.9480299235723612,0,water
163,SeaLake_386.jpg,27.650390625,50.84619140625,73.1083984375,1.3703186800566172,1.3509166254764382,1.0504685401036808,0,water
164,SeaLake_1140.jpg,25.609619140625,49.9873046875,79.421875,0.7798082017449139,1.069980542014913,1.0785778034638949,0,water
165,SeaLake_1154.jpg,31.277099609375,61.970703125,82.664306640625,0.9870365733392165,0.9087364025751551,0.8746402205172863,0,water
166,SeaLake_392.jpg,38.042236328125,54.699462890625,71.1005859375,0.7695519691427716,0.7729305185548824,1.0005563142208669,0,water
167,SeaLake_345.jpg,43.72802734375,72.834716796875,89.850341796875,2.37021632040249,2.3378625675261024,1.9708111433778723,0,water
168,SeaLake_351.jpg,96.1337890625,127.1044921875,128.23291015625,1.8079606136488071,1.058041812265217,1.3178651236433874,0,water
169,SeaLake_1829.jpg,36.275146484375,78.835205078125,98.19580078125,0.7779476944249387,0.9421451881738889,1.1352578964983637,0,water
170,SeaLake_379.jpg,36.993408203125,63.447998046875,84.181396484375,4.9578994639957115,6.730312064412109,2.2659063624919256,0,water
171,SeaLake_1342.jpg,90.27490234375,136.863037109375,130.959228515625,3.1808470690054804,3.2425607397497807,3.778672648290251,0,water
172,SeaLake_190.jpg,40.78076171875,61.668212890625,79.582275390625,29.577184530179416,15.680713962091382,11.850203069624904,91,water
173,SeaLake_1430.jpg,45.237060546875,73.3291015625,84.4970703125,0.8613350104577927,0.9427419976112545,0.9212080272290034,0,water
174,SeaLake_2887.jpg,36.218505859375,62.780517578125,84.53173828125,0.854594267061155,1.1637935199651546,0.8989297596326956,0,water
175,SeaLake_806.jpg,39.431640625,58.717041015625,84.111328125,2.4401457683609005,1.8950136651978182,1.8463457875853007,0,water
176,SeaLake_2111.jpg,51.373291015625,66.492431640625,82.134765625,2.3597494548211375,1.695997512877413,1.6629881636885933,0,water
177,SeaLake_2663.jpg,24.476318359375,41.88134765625,67.74072265625,0.8628767973455471,0.7484252610131701,0.8530516596419846,0,water
178,SeaLake_812.jpg,24.0009765625,41.082763671875,66.777587890625,0.888566163870583,0.9093351466828759,0.8041006003469734,0,water
179,SeaLake_1381.jpg,28.47607421875,46.1240234375,70.146240234375,0.9131813693027125,0.77387078989369,0.9243085067903167,0,water
180,SeaLake_2688.jpg,90.665771484375,124.3291015625,125.2353515625,1.7226830824234936,1.1953248665363148,1.2978273135432188,0,water
181,SeaLake_153.jpg,42.423095703125,73.883544921875,84.742919921875,2.352264489618921,4.466439823747086,2.2953489125416735,5,water
182,SeaLake_2844.jpg,36.037109375,64.490234375,83.546630859375,14.601111962810815,8.541797643138027,5.205707258668504,115,water
183,SeaLake_1395.jpg,27.640380859375,48.09130859375,70.126220703125,9.550279172716426,6.743737158705653,4.350201590843536,53,water
184,SeaLake_2878.jpg,71.400146484375,109.2841796875,114.82080078125,6.360145836116286,9.727829546536185,5.473668943450946,0,water
185,SeaLake_609.jpg,80.71435546875,126.1142578125,124.3994140625,1.2454797074890331,1.6061502388577211,1.4031701163534114,0,water
186,SeaLake_1391.jpg,60.784423828125,85.836669921875,89.159912109375,8.455141369959152,8.063162100020357,4.989350415675395,11,water
187,SeaLake_631.jpg,122.657958984375,133.160888671875,131.868896484375,5.8950745905378685,6.580796190973953,4.81864961724919,0,water
188,SeaLake_2854.jpg,64.719482421875,96.462890625,92.06640625,0.9362863632393054,1.0198660699018816,1.060883133271963,0,water
189,SeaLake_1352.jpg,49.220703125,76.903076171875,93.39599609375,3.9131964602949894,3.89951047484381,2.7713876375355255,0,water
190,SeaLake_1434.jpg,79.649169921875,92.069580078125,102.98876953125,7.040529591455305,5.595608317319317,5.649890317105426,59,water
191,SeaLake_180.jpg,43.686767578125,67.72607421875,87.490234375,11.923616792022935,8.393820028233067,4.827584146865631,38,water
192,SeaLake_2897.jpg,42.7763671875,79.54833984375,91.470458984375,2.5099972154214316,2.352402191804417,1.8498591543400928,0,water
193,SeaLake_816.jpg,36.69384765625,57.229248046875,81.130126953125,2.081944619500332,2.038432977774594,1.307247893169235,0,water
194,SeaLake_1408.jpg,38.5341796875,54.8125,71.12939453125,0.9996599572916794,1.1608859763129193,1.055517138791499,0,water
195,SeaLake_2673.jpg,23.16162109375,42.98779296875,72.286865234375,0.7498383347796068,0.9342900317289389,0.9921485412638454,0,water
196,SeaLake_802.jpg,35.123779296875,106.376953125,113.75634765625,1.2129513392095046,2.0115623042930424,1.383217186628742,0,water
197,SeaLake_355.jpg,56.015625,83.650634765625,98.14599609375,3.0300819270070902,1.7497947947216843,1.4402736773300209,0,water
198,SeaLake_1193.jpg,43.4638671875,55.116455078125,76.853759765625,3.1963209878485044,2.838656622049222,2.5558890570552832,0,water
199,SeaLake_1187.jpg,38.294921875,54.537109375,71.56298828125,1.2376079473712522,1.1649125854703044,1.2267116771781261,0,water
200,SeaLake_427.jpg,24.0478515625,41.442626953125,66.926025390625,1.6555586037547292,2.275169407646885,1.227391806960115,0,water
201,SeaLake_1839.jpg,51.848388671875,70.607666015625,95.849853515625,14.579195510711802,10.302937319234717,7.201661658437227,35,water
202,SeaLake_369.jpg,88.323974609375,123.99267578125,123.223876953125,1.5767386928737799,1.648106473978457,2.0414231327028864,0,water
203,SeaLake_396.jpg,31.1455078125,49.309326171875,76.900634765625,2.0955727457550752,3.007278107569727,1.7679436068700272,0,water
204,SeaLake_1636.jpg,37.98583984375,56.174072265625,76.491943359375,0.8328548170149318,0.7020628217725102,1.0881255082902155,0,water
205,SeaLake_1144.jpg,88.5107421875,120.49462890625,118.326904296875,3.1311473654489204,3.178290995386031,2.6226400825427154,0,water
206,SeaLake_1622.jpg,53.327392578125,78.6396484375,85.823974609375,13.094197174575601,10.61895647392689,7.392525616034774,0,water
207,SeaLake_2465.jpg,60.974853515625,85.843994140625,88.992431640625,1.4545867909645604,1.5143609625732128,1.4500779024112362,0,water
208,SeaLake_1178.jpg,53.95947265625,83.647216796875,98.901611328125,4.008513658846452,3.7961749699161476,2.798461027488443,0,water
209,SeaLake_2471.jpg,25.992919921875,47.087646484375,69.15673828125,0.8117175736478445,0.9306435357599079,1.1124927606239943,0,water
210,SeaLake_221.jpg,87.496337890625,109.164794921875,114.693115234375,11.613232714836766,9.354088180073951,6.91365634134734,77,water
211,SeaLake_2288.jpg,24.130859375,41.301025390625,67.251708984375,0.7603227391868597,0.6781746261650211,0.8006174431711478,0,water
212,SeaLake_209.jpg,23.2509765625,43.214599609375,72.657958984375,0.782810331482463,0.9036015912896,0.9246252060998653,0,water
213,SeaLake_590.jpg,23.50390625,43.180908203125,72.24658203125,0.7954855380275229,0.8624868405761816,1.1300831504206335,0,water
214,SeaLake_2277.jpg,45.69140625,62.15576171875,77.918701171875,12.658872582252771,11.070890003720208,10.361624561207595,167,water
215,SeaLake_2511.jpg,41.964599609375,69.610107421875,81.1572265625,0.7939386684238257,0.9463568034298907,0.8301487791621653,0,water
216,SeaLake_1018.jpg,23.11376953125,42.72021484375,72.3544921875,0.7627470460507568,0.867063083830792,0.931658538710114,0,water
217,SeaLake_2505.jpg,27.39404296875,48.66015625,75.1474609375,0.7434634834870416,1.0776649267448288,1.0294650264392768,0,water
218,SeaLake_2263.jpg,42.8359375,73.27880859375,82.42822265625,10.979492491508601,13.063935333315577,7.946705068795758,122,water
219,SeaLake_745.jpg,23.152099609375,43.205322265625,72.515869140625,0.7787839114304894,0.9424768904931393,0.9741493316611288,0,water
220,SeaLake_751.jpg,30.017333984375,59.064208984375,79.544189453125,1.7414529902815887,1.166980721006363,1.2273337253911478,0,water
221,SeaLake_989.jpg,26.8427734375,54.64404296875,74.917724609375,0.9189235186044775,1.588149984464215,1.0118044960477808,0,water
222,SeaLake_31.jpg,22.9033203125,42.362060546875,71.780517578125,0.6788725077471486,0.7285447102076686,0.9933476611251896,0,water
223,SeaLake_779.jpg,32.412841796875,55.19921875,75.90087890625,1.0353710887300365,0.7876980002821116,0.838490091637226,0,water
224,SeaLake_2908.jpg,51.6201171875,80.0830078125,94.019287109375,4.53057382734429,4.1634622967926544,2.896129738208728,0,water
225,SeaLake_786.jpg,64.05078125,94.280517578125,89.716552734375,1.160406117873582,1.099392288488456,1.16003579179037,0,water
226,SeaLake_2049.jpg,25.138671875,45.601318359375,68.644775390625,0.6686394430737573,0.7988567393804463,1.067102645025013,0,water
227,SeaLake_1554.jpg,96.221923828125,107.482421875,114.721923828125,1.817159369423977,1.06143494125711,1.2077095323422538,0,water
228,SeaLake_1232.jpg,88.4697265625,117.853271484375,115.782470703125,5.421047444358141,5.1759759081817105,3.857039443747765,0,water
229,SeaLake_792.jpg,23.745849609375,60.52587890625,84.227783203125,1.9385348448171262,7.591422882171781,4.311154632520053,0,water
230,SeaLake_962.jpg,23.1630859375,42.9150390625,72.480712890625,0.7547147694591289,0.8973748598546324,0.9396429048643729,0,water
231,SeaLake_976.jpg,27.952392578125,49.8056640625,75.366455078125,1.5216308640755865,3.3671533711201804,1.249702203563473,0,water
232,SeaLake_1569.jpg,42.147216796875,72.010986328125,84.72265625,2.8369694348182297,3.6317456637572145,2.007246241891098,0,water
233,SeaLake_977.jpg,37.28076171875,64.113037109375,86.07373046875,1.2762023305630443,1.7049634442647574,1.2306840980641236,0,water
234,SeaLake_963.jpg,46.064453125,71.49072265625,115.524169921875,1.31463594568144,1.1604282047558756,1.401520447541368,0,water
235,SeaLake_793.jpg,38.754638671875,60.69580078125,80.615234375,1.0732921418634054,1.356855403243798,1.1037057358364861,0,water
236,SeaLake_1227.jpg,82.995849609375,114.29833984375,115.1376953125,1.6695317576741868,1.1587208303259355,1.3238294361115888,0,water
237,SeaLake_787.jpg,84.568359375,116.468505859375,116.1435546875,8.982715327343932,4.682182850349428,3.6569707437231127,38,water
238,SeaLake_1541.jpg,79.044189453125,121.881103515625,122.352294921875,1.4146452277364503,1.5199758276460404,1.4120227370322644,0,water
239,SeaLake_2909.jpg,76.617431640625,118.82666015625,120.7265625,1.9441365283925203,3.214838669913115,2.0698112600775342,0,water
240,SeaLake_778.jpg,23.871337890625,60.464599609375,86.213134765625,0.7277284106974081,0.8610589954199407,1.1354692283619914,0,water
241,SeaLake_988.jpg,26.37158203125,51.750244140625,79.29638671875,1.9760808546342743,2.3032702080591534,1.686355697339268,0,water
242,SeaLake_18.jpg,25.88232421875,62.4140625,88.098876953125,1.0564256826711484,1.1614904470522993,1.380577716941613,0,water
243,SeaLake_750.jpg,62.900390625,87.755615234375,90.5185546875,1.0538896721963402,1.011695625895167,1.2732783493100703,0,water
244,SeaLake_2935.jpg,45.894287109375,80.0146484375,81.091552734375,2.7697808781347137,2.254071895654353,2.05720602090638,0,water
245,SeaLake_744.jpg,31.01220703125,61.146484375,80.522705078125,1.0280952750781718,2.2644991477986602,1.1893374382097528,0,water
246,SeaLake_2262.jpg,23.77001953125,40.764892578125,66.976318359375,0.7267486989967923,0.6854713593975249,0.9604867948193293,0,water
247,SeaLake_2276.jpg,72.536865234375,105.435791015625,115.128662109375,2.5013879618612695,1.2968856397445117,1.0898585985054097,0,water
248,SeaLake_2538.jpg,40.003173828125,63.454833984375,84.16357421875,1.5085173822134212,1.2161073399509446,1.3991491968193839,0,water
249,SeaLake_1757.jpg,67.031494140625,110.321044921875,104.2275390625,1.4302583607451111,2.8011413832156484,1.4397005569862857,0,water
250,SeaLake_585.jpg,41.171875,58.597412109375,74.6650390625,0.9910488052437175,0.9714092242444031,1.1488820986503014,0,water
251,SeaLake_1964.jpg,23.02783203125,42.8359375,72.435791015625,0.7601569964727675,0.8846772341333025,0.9202996387457354,0,water
252,SeaLake_552.jpg,92.22998046875,108.021484375,115.443115234375,3.5032545693602586,1.1543596641129052,1.1758002853120035,0,water
253,SeaLake_234.jpg,81.408935546875,116.52392578125,116.3837890625,2.2368339266420842,2.026897697403985,2.083269220001431,0,water
254,SeaLake_1958.jpg,31.8876953125,53.302001953125,77.0458984375,1.6836138589105067,1.3848566797447617,1.368180094481373,0,water
255,SeaLake_546.jpg,43.321044921875,59.715087890625,80.119140625,29.65484563458834,17.622925600777997,12.870655549018263,158,water
256,SeaLake_2316.jpg,24.00439453125,43.648193359375,71.870361328125,0.8049409337616598,0.894051335627408,1.172620790315218,0,water
257,SeaLake_2464.jpg,31.37841796875,59.480224609375,76.0166015625,0.8210862643030414,0.845541817520357,0.9453926998197937,0,water
258,SeaLake_1145.jpg,53.637939453125,91.079833984375,85.577880859375,9.623098231976622,11.71475863576855,5.139916269672398,40,water
259,SeaLake_1637.jpg,79.07763671875,117.533935546875,115.141845703125,18.63829558687306,9.854003624981996,8.93589621272707,54,water
260,SeaLake_1151.jpg,30.8408203125,56.413818359375,73.825439453125,1.033403863858367,1.0152136042819675,1.039760011300541,0,water
261,SeaLake_1804.jpg,87.02587890625,120.046875,121.74658203125,1.351472796511755,1.0083876750164096,0.9410028503488308,0,water
262,SeaLake_1810.jpg,37.61328125,59.850341796875,81.08837890625,2.9439522513788225,3.02129726903236,1.388077620823149,0,water
263,SeaLake_426.jpg,23.229736328125,43.13818359375,72.68505859375,0.785118253936719,0.9056824847419404,0.9145265363177125,0,water
264,SeaLake_1186.jpg,90.065185546875,106.787109375,114.68505859375,9.865373020258971,1.479214663017883,1.3384457070158926,0,water
265,SeaLake_432.jpg,81.893798828125,91.835693359375,103.227294921875,2.3280097753698064,1.4458336586452563,1.6367803484630543,0,water
266,SeaLake_803.jpg,26.85107421875,48.358642578125,71.616455078125,0.8316780021012201,0.9288867419017527,0.8271590663402657,0,water
267,SeaLake_2672.jpg,22.8095703125,42.22265625,71.90283203125,0.7042464743388158,0.719248723033929,0.848270176358334,0,water
268,SeaLake_817.jpg,59.4013671875,83.12109375,122.621337890625,27.80351045179904,21.316852203508166,13.653905110720107,207,water
269,SeaLake_1409.jpg,105.883544921875,109.82568359375,109.78369140625,1.5257755238415316,1.1301464409589073,1.2701837828715565,0,water
270,SeaLake_1421.jpg,23.770263671875,40.85205078125,67.021728515625,0.6812245757932125,0.6563137568429178,0.9147054579118538,0,water
271,SeaLake_181.jpg,57.442626953125,77.9580078125,94.80712890625,1.576230091783011,1.7490774175087176,1.9277496491883168,0,water
272,SeaLake_1347.jpg,55.675048828125,83.560546875,86.47705078125,7.945592730896296,7.206276160901533,5.671807049641125,0,water
273,SeaLake_2882.jpg,23.96142578125,41.29736328125,66.773681640625,0.7036292069675811,0.7440866365647439,0.8189650959197274,0,water
274,SeaLake_624.jpg,35.886962890625,62.988037109375,83.78955078125,1.5197803714777818,1.314397235379356,1.1529294352116761,0,water
275,SeaLake_2841.jpg,28.29248046875,49.627685546875,76.220458984375,0.8039830652133043,0.8334469995861957,0.9385314036212872,0,water
276,SeaLake_2699.jpg,102.757568359375,110.529296875,110.91357421875,1.4097409257551088,1.0402641518456908,1.2116585830320878,0,water
277,SeaLake_1390.jpg,124.1279296875,130.442138671875,130.631103515625,3.2747318012405464,2.9171622615921815,2.792008572370573,0,water
278,SeaLake_2857.jpg,26.205322265625,51.19873046875,80.15625,0.7285882335816417,1.0210472323993662,1.1288994917617776,0,water
279,SeaLake_140.jpg,69.0341796875,103.95703125,113.66357421875,1.5359633170953018,1.803482247701218,1.3249415222795031,0,water
280,SeaLake_154.jpg,41.51806640625,78.256103515625,90.6962890625,2.783998952489963,3.1885854238062237,1.7262749756174047,0,water
281,SeaLake_2843.jpg,42.923828125,65.87890625,84.866455078125,1.2321215957481568,1.0964183411047708,1.370193207440615,0,water
282,SeaLake_632.jpg,96.30078125,98.8486328125,109.929931640625,13.796188734878863,10.948255340728876,8.649660318656421,29,water
283,SeaLake_168.jpg,42.804931640625,70.738037109375,81.867431640625,1.6682305767026768,2.0305235370614136,1.2968764477457446,0,water
284,SeaLake_2894.jpg,42.509033203125,71.788818359375,89.576904296875,2.50934122853814,2.4772563046721534,1.7967917879159405,0,water
285,SeaLake_1423.jpg,23.13671875,42.705322265625,71.8076171875,0.7764599246892511,0.8424938529381784,1.1394902685870512,0,water
286,SeaLake_1437.jpg,48.06396484375,73.13037109375,116.462646484375,6.104262591010812,5.768109683025664,3.3745762506010224,0,water
287,SeaLake_829.jpg,38.549072265625,66.58740234375,84.341796875,1.4747331984113023,2.184412439377465,1.2538499670974332,0,water
288,SeaLake_801.jpg,24.001708984375,43.840576171875,73.342041015625,0.7773320566189239,0.8812411679846616,0.9662013522062668,0,water
289,SeaLake_1379.jpg,52.85009765625,72.3984375,82.09912109375,2.548933215550823,2.1320969495648527,2.037116338730757,0,water
290,SeaLake_815.jpg,27.879638671875,51.390380859375,73.14990234375,1.157269595348027,0.8453083129891936,1.0888237230324553,0,water
291,SeaLake_1184.jpg,43.439697265625,56.498046875,77.36181640625,31.164661231497078,19.540372771784646,13.89616723734168,157,water
292,SeaLake_2499.jpg,94.5224609375,126.201171875,121.211669921875,2.3466613997414756,2.2797637696610114,1.9301449469012506,0,water
293,SeaLake_1190.jpg,31.393310546875,63.010009765625,78.53076171875,2.2239912076808865,1.9447062056946114,1.4884093221992214,0,water
294,SeaLake_356.jpg,23.275390625,43.072021484375,72.44970703125,0.7751888906338309,1.009930388771138,1.0219322958466042,0,water
295,SeaLake_418.jpg,47.92431640625,81.83056640625,86.203369140625,7.006632915041082,7.944669699383918,3.780720311100313,7,water
296,SeaLake_1147.jpg,88.65869140625,93.5615234375,113.530517578125,3.02491487588203,1.8998673944878848,1.7170577822034367,0,water
297,SeaLake_395.jpg,33.73779296875,55.624755859375,78.28271484375,1.9423068929788263,1.866925959445528,1.8878864600058483,0,water
298,SeaLake_2314.jpg,23.892822265625,41.000244140625,67.009033203125,1.026973730252747,0.9031465930403298,1.0419269459114215,0,water
299,SeaLake_2300.jpg,42.760009765625,66.3857421875,93.90283203125,6.647094084299517,5.17379890914623,2.706208823862083,0,water
300,SeaLake_544.jpg,88.47900390625,119.077392578125,119.7529296875,2.614011334672679,1.8097005962938084,1.4920005481504195,0,water
301,SeaLake_1782.jpg,34.71240234375,57.218505859375,81.536376953125,1.147901656554039,0.8258277771689402,1.0129266840602738,0,water
302,SeaLake_578.jpg,93.3251953125,121.9775390625,117.92236328125,6.951085372262236,8.727257464406366,5.870787043374315,57,water
303,SeaLake_1033.jpg,23.0322265625,42.54736328125,72.066162109375,0.7391378287704085,0.7869807817470725,0.9774146367627459,0,water
304,SeaLake_1027.jpg,76.931884765625,106.14453125,114.503173828125,6.40594503560724,1.8725529278964153,1.4298333890929507,0,water
305,SeaLake_587.jpg,32.291015625,52.584716796875,75.727294921875,1.0969940034046948,1.48088432256785,1.2558834613489571,0,water
306,SeaLake_1741.jpg,23.34912109375,49.1611328125,73.634521484375,1.4599768596278517,1.4171153461295378,1.6538808720677396,7,water
307,SeaLake_1769.jpg,55.60302734375,85.515869140625,92.774169921875,1.0769380310351284,0.9063804466810965,1.199579513908543,0,water
308,SeaLake_2506.jpg,23.509033203125,43.517822265625,72.9892578125,0.7877333749380576,0.8666874930434798,0.9923446410686737,0,water
309,SeaLake_752.jpg,65.32568359375,90.591552734375,92.126220703125,1.5857287490337322,1.5704227048245516,1.476189924595623,0,water
310,SeaLake_2923.jpg,95.626708984375,109.310546875,116.408935546875,5.270241810346908,1.3955307058347854,1.3787265692939425,0,water
311,SeaLake_1594.jpg,35.14453125,60.431884765625,83.34375,1.5617527510055609,2.200685476129208,1.5902228126114906,0,water
312,SeaLake_746.jpg,30.12890625,47.922607421875,76.078857421875,1.0930731722812237,0.8062358514889832,1.0941437966008984,0,water
313,SeaLake_2937.jpg,47.56005859375,86.935546875,94.822021484375,5.706724582921168,7.520852917533871,3.3359742263094483,0,water
314,SeaLake_949.jpg,24.141845703125,41.23193359375,67.2529296875,0.7037475796618944,0.6426536260616678,0.7899461085613071,0,water
315,SeaLake_2738.jpg,37.244140625,59.32421875,76.9775390625,2.1002615266258173,1.7464694785905757,1.7310591609724437,0,water
316,SeaLake_791.jpg,94.280517578125,109.901611328125,116.29296875,7.893156854056422,1.305912539135632,1.333393731338736,0,water
317,SeaLake_785.jpg,42.10546875,71.14892578125,88.449951171875,2.2358734868107897,2.2813118181605683,1.6440989997726154,0,water
318,SeaLake_975.jpg,42.87451171875,71.7431640625,89.384521484375,2.5838241469803864,2.8362628340315177,2.031813543347186,0,water
319,SeaLake_2704.jpg,80.9814453125,117.3232421875,116.342529296875,2.3493989135142157,1.854841331009263,1.787299991301773,0,water
320,SeaLake_2062.jpg,90.721435546875,118.234619140625,118.8984375,13.8973739049804,13.313779382165583,11.62256096305129,231,water
321,SeaLake_961.jpg,23.5390625,45.179443359375,73.181640625,1.3278262531648295,3.7386909268353827,1.6111837056492377,0,water
322,SeaLake_2077.jpg,83.648193359375,107.24853515625,115.5126953125,10.67248175698779,2.7848901394144416,2.0841278341408254,0,water
323,SeaLake_960.jpg,23.06201171875,42.99951171875,72.558837890625,0.7616685117146901,0.9398407007740306,0.8810920830859852,0,water
324,SeaLake_2705.jpg,34.561767578125,56.33935546875,82.658935546875,1.2022493569524468,1.4014062324427803,1.1939108365742999,0,water
325,SeaLake_974.jpg,34.002197265625,54.925537109375,80.771484375,2.801583860095709,2.425566179996903,2.0660545468067535,0,water
326,SeaLake_2063.jpg,27.269287109375,49.05810546875,72.021240234375,0.8975846928560317,0.9304646041098731,0.9676344509000778,0,water
327,SeaLake_784.jpg,38.5693359375,64.973876953125,87.18115234375,2.290451721881733,3.1028199133283527,2.1755019715812445,0,water
328,SeaLake_790.jpg,38.85400390625,63.298583984375,86.156982421875,4.422363442986085,3.1903262511300863,2.36490764298466,0,water
329,SeaLake_948.jpg,90.109375,122.039306640625,123.2333984375,1.875455673796371,1.3430841037990797,1.525249010611893,0,water
330,SeaLake_1230.jpg,24.9775390625,42.13330078125,67.842529296875,3.35657345369301,2.787353633236755,2.1614199454947016,30,water
331,SeaLake_1556.jpg,35.890869140625,72.54052734375,87.498779296875,6.7681724870829845,8.56408619632933,5.38679650951137,78,water
332,SeaLake_33.jpg,38.914306640625,62.475830078125,82.855224609375,1.181204698087519,0.9134422545385977,1.0304386241520542,0,water
333,SeaLake_2088.jpg,25.59326171875,50.037109375,79.812255859375,0.7613679518247376,0.9907234985287819,0.9973873041782616,0,water
334,SeaLake_2936.jpg,62.536376953125,92.371337890625,95.072265625,2.446526746947873,2.433600399687914,1.9919644099966645,0,water
335,SeaLake_747.jpg,26.418701171875,53.773193359375,74.154541015625,0.8213055730332661,1.7368575019682535,0.9464643727391927,0,water
336,SeaLake_2922.jpg,41.084716796875,70.24267578125,84.71240234375,2.6482233169055513,3.8310505489936704,1.94248413619507,0,water
337,SeaLake_753.jpg,72.06494140625,100.9541015625,107.59716796875,0.9581992981651951,0.9321947668996317,1.2629531160534024,0,water
338,SeaLake_1595.jpg,34.289794921875,61.1962890625,82.55078125,1.0653699094119669,1.67939195028822,1.1251559679210867,0,water
339,SeaLake_2275.jpg,48.5673828125,75.739501953125,86.888427734375,1.4289318651809784,1.932645669334995,1.2267377934661932,0,water
340,SeaLake_2507.jpg,54.898681640625,83.195556640625,89.88427734375,1.3582927517396823,2.0631130203366137,1.3394870116318576,0,water
341,SeaLake_1740.jpg,46.34375,74.774658203125,85.56494140625,0.9275513799784894,1.0480415051209309,1.0005766874679185,0,water
342,SeaLake_1998.jpg,23.033935546875,42.708251953125,72.22509765625,0.7225245587751981,0.8515784235874126,0.9455978341244002,0,water
343,SeaLake_1754.jpg,51.01806640625,82.748046875,86.173095703125,2.2107394503797164,1.4013790967481763,1.7305190206075927,0,water
344,SeaLake_1032.jpg,24.095947265625,60.132080078125,85.367919921875,1.0373038129420356,1.0815778808470031,1.5241019927198094,0,water
345,SeaLake_592.jpg,49.142578125,76.96337890625,92.224365234375,16.44564269543065,10.75125477365282,9.370165528872947,50,water
346,SeaLake_579.jpg,31.48681640625,59.086669921875,76.0146484375,0.8961299286966343,1.1351787977086172,1.1040940650727222,0,water
347,SeaLake_1967.jpg,97.66455078125,108.29443359375,114.633544921875,2.884202864812046,1.0251849449594252,1.2876129091622994,0,water
348,SeaLake_237.jpg,25.268310546875,49.361572265625,79.438720703125,0.7743644554153027,0.9631277724714434,0.9494831674519068,0,water
349,SeaLake_2467.jpg,37.14697265625,61.9912109375,84.993896484375,2.5473792858180384,4.6719451184576615,2.551464777872118,0,water
350,SeaLake_1608.jpg,55.832763671875,79.022705078125,90.107666015625,1.739115362743446,2.4217685676076353,1.2771962631891927,0,water
351,SeaLake_2315.jpg,27.9619140625,49.01806640625,75.935546875,0.6917585779119375,0.6718137846272656,0.7910300924602897,0,water
352,SeaLake_2473.jpg,39.826416015625,66.529541015625,79.093994140625,5.708272116279453,5.443791832527751,3.9247938669952043,60,water
353,SeaLake_1634.jpg,39.885009765625,62.66455078125,83.16796875,1.0463897662311987,1.0306689619562697,1.0882044122192474,0,water
354,SeaLake_2329.jpg,43.408203125,64.4580078125,86.5185546875,7.361970156401086,7.568708346289277,6.535745123344528,0,water
355,SeaLake_380.jpg,36.800537109375,59.677734375,78.600341796875,0.9542819333868369,0.9210283950255602,1.1782907212568112,0,water
356,SeaLake_1620.jpg,62.452392578125,87.4599609375,90.59228515625,1.1268124021470547,1.1081015571571593,1.2923600069005203,0,water
357,SeaLake_1146.jpg,39.96875,63.880859375,94.1220703125,1.7190340674343834,1.787124316877427,1.3017570798947675,0,water
358,SeaLake_419.jpg,23.12451171875,43.210205078125,72.705322265625,0.7620290271006223,0.9335873336252279,0.9893628560789095,0,water
359,SeaLake_1191.jpg,67.885986328125,93.392333984375,95.84619140625,3.1175597214809825,3.157662094664253,2.5599787799879605,0,water
360,SeaLake_357.jpg,30.56103515625,56.0205078125,78.039794921875,2.3494067782530843,5.938245786709781,1.8473556790228467,0,water
361,SeaLake_1185.jpg,36.09619140625,66.607421875,81.955078125,17.958068160498602,10.857550817726873,7.6169548742523405,115,water
362,SeaLake_814.jpg,84.63037109375,119.09326171875,118.5322265625,3.925589060467795,3.337917446075591,4.216716700220616,0,water
363,SeaLake_800.jpg,41.3759765625,88.0810546875,92.8564453125,1.650416916857884,3.642840321285614,2.681205830954941,0,water
364,SeaLake_1350.jpg,32.829345703125,54.924560546875,77.6328125,1.415741634827167,1.376746866997416,1.3957726005133322,0,water
365,SeaLake_828.jpg,65.83447265625,112.318359375,105.087890625,1.4844385233889175,1.3757862963954866,1.4010632972985586,0,water
366,SeaLake_2659.jpg,85.314453125,120.036376953125,120.840087890625,1.4084171127289438,1.3243125274671164,1.225567626816341,0,water
367,SeaLake_2895.jpg,31.1572265625,57.06005859375,74.275146484375,0.8041557851526243,0.7969095559201009,0.996932540476575,0,water
368,SeaLake_1344.jpg,40.324951171875,59.086181640625,84.539306640625,2.4516063168404636,1.8078184340370531,1.7676061638562979,0,water
369,SeaLake_182.jpg,24.92236328125,51.85986328125,76.196533203125,1.94450042810531,4.743250795215027,2.0396934351623597,0,water
370,SeaLake_1387.jpg,38.347900390625,82.618896484375,93.029052734375,1.1982696206730656,1.36073005487983,1.4857347985930516,0,water
371,SeaLake_627.jpg,85.246337890625,132.847900390625,129.803955078125,1.4925306434936019,2.2703206696858866,1.7103185187215932,0,water
372,SeaLake_141.jpg,32.3408203125,59.922607421875,81.504638671875,1.7259943100536,3.551740418193053,1.8751244662617028,0,water
373,SeaLake_668.jpg,30.477783203125,55.77197265625,74.07275390625,0.9591228128798809,0.9574724698404228,1.2024469818355261,0,water
374,SeaLake_2819.jpg,36.61572265625,57.384033203125,80.89892578125,1.236958082588268,1.2047387484523575,1.1522476414834084,0,water
375,SeaLake_898.jpg,23.13525390625,42.839599609375,72.453857421875,0.7566549367737689,0.887414298150727,0.898305568130343,0,water
376,SeaLake_1492.jpg,82.567626953125,117.0517578125,101.410400390625,1.5505218481082519,1.763966819797134,1.3978147132219805,0,water
377,SeaLake_654.jpg,43.1669921875,81.0234375,92.237060546875,1.7242651106526412,1.3522397147302507,1.458475884781893,0,water
378,SeaLake_2825.jpg,31.8681640625,60.6494140625,76.998046875,1.1561242112478642,1.711530190845971,1.2462820072330076,0,water
379,SeaLake_867.jpg,42.902099609375,69.56005859375,91.1826171875,2.613896809198954,2.0599668147367747,1.3226359312295994,5,water
380,SeaLake_2616.jpg,28.8623046875,46.51708984375,70.386962890625,1.8841145552130123,1.956859162277807,1.341901328117736,0,water
381,SeaLake_1479.jpg,98.62109375,97.851318359375,107.5771484375,2.5993885201544877,2.7051768260810714,2.5090471597483592,5,water
382,SeaLake_873.jpg,40.003173828125,68.82080078125,89.748291015625,1.1218443959346738,0.8971074085634282,0.8480054777593751,0,water
383,SeaLake_683.jpg,81.851318359375,115.103515625,116.4130859375,1.8821772061541013,1.335376286999608,1.4355505288006223,0,water
384,SeaLake_1451.jpg,31.24755859375,53.859130859375,78.0263671875,1.0994245194239223,0.7011636717590081,0.8407284357468467,0,water
385,SeaLake_1337.jpg,23.62890625,41.0947265625,67.3173828125,0.9264897078278514,0.6982899896224588,0.996992834893807,0,water
386,SeaLake_697.jpg,43.36865234375,71.283447265625,91.949951171875,2.4322527134217844,2.2192955823830025,1.9982133126691741,0,water
387,SeaLake_1860.jpg,25.625,49.9658203125,79.76318359375,0.7473912964438374,1.015410415281625,0.9997910042758111,0,water
388,SeaLake_1874.jpg,47.80859375,82.2109375,83.574462890625,2.7429747578971515,2.573421372141327,1.9570141789649276,0,water
389,SeaLake_442.jpg,55.422119140625,85.51708984375,92.247314453125,1.6476157612571602,1.5093138340784533,1.37468661725154,0,water
390,SeaLake_456.jpg,83.5439453125,116.337646484375,117.60400390625,1.4530485399701132,1.272649767105704,1.2810303104277982,0,water
391,SeaLake_1848.jpg,38.27880859375,64.747802734375,86.4130859375,2.5384542822456244,2.9399291910837366,1.9242908211831564,0,water
392,SeaLake_2372.jpg,44.021240234375,81.06494140625,91.6259765625,3.1628625077718278,3.1615335412587786,2.2679942403918676,0,water
393,SeaLake_1109.jpg,23.444580078125,44.281005859375,73.33349609375,0.7502310317557979,0.7755357044468796,0.9828167646888667,0,water
394,SeaLake_2366.jpg,31.244873046875,56.669677734375,74.173828125,0.9719443722709412,0.8440500008633179,0.9931693437974132,0,water
395,SeaLake_2428.jpg,67.34912109375,90.989501953125,93.116943359375,29.632756915795884,10.925311831665804,9.138113759350071,72,water
396,SeaLake_481.jpg,31.076416015625,51.06689453125,75.261962890625,0.6711627378520054,0.6774245551637782,0.7404855186365188,0,water
397,SeaLake_1135.jpg,35.53369140625,57.361572265625,76.70703125,3.2469693872355645,4.9877660749684125,2.193431550738121,3,water
398,SeaLake_1653.jpg,47.16259765625,76.320068359375,94.465576171875,2.773149631228363,2.9577671178529243,2.4254080198097023,0,water
399,SeaLake_278.jpg,102.92431640625,109.956298828125,115.17626953125,4.200903748735156,1.0501554816796186,1.2194242324158173,0,water
400,SeaLake_1096.jpg,36.96337890625,63.17138671875,84.677978515625,2.3548957292187174,2.436482486113148,1.5211925496057104,0,water
401,SeaLake_2560.jpg,40.283935546875,61.60205078125,85.119873046875,3.1063027755429435,5.775954981693181,2.676856756208278,0,water
402,SeaLake_293.jpg,99.1875,101.304931640625,111.735107421875,4.60139669692801,2.420319075849452,2.017476835413307,0,water
403,SeaLake_1733.jpg,38.056640625,59.447998046875,80.1962890625,0.8345650788582094,0.9597520106106501,1.0659621435317819,0,water
404,SeaLake_1055.jpg,22.8974609375,42.31298828125,71.910888671875,0.7124269414554878,0.7137648147675612,0.9548491533089395,0,water
405,SeaLake_2548.jpg,106.531494140625,110.24560546875,110.08349609375,1.111237131694353,0.818624885842162,1.2385653100779512,0,water
406,SeaLake_1727.jpg,64.691650390625,94.098388671875,90.36572265625,8.140603323557983,9.591094774118421,4.500383758076132,0,water
407,SeaLake_287.jpg,23.198486328125,43.59912109375,73.016845703125,0.7634904260516008,0.892645301210847,0.9478385215379381,0,water
408,SeaLake_2979.jpg,96.473388671875,107.1953125,113.494140625,5.189831445332827,4.153363365526035,3.445298659800716,17,water
409,SeaLake_40.jpg,35.654052734375,55.339599609375,77.2138671875,1.9892774533185624,1.6098009860499363,1.5112414333457245,0,water
410,SeaLake_708.jpg,35.087646484375,61.0478515625,83.955322265625,1.339704567489304,1.7888148773605135,1.4082298540813984,0,water
411,SeaLake_54.jpg,25.44091796875,49.49267578125,79.41650390625,0.7864983319012024,1.0104169681719037,1.0522766816899876,0,water
412,SeaLake_1294.jpg,23.38427734375,49.270263671875,73.434326171875,0.689476466661803,0.7551609726009696,1.1821769821179093,0,water
413,SeaLake_734.jpg,37.613525390625,61.08203125,81.705322265625,2.371358778091886,3.4971541687883074,1.3756500571506611,0,water
414,SeaLake_720.jpg,37.83056640625,54.765625,71.104248046875,1.690998477544838,1.659710418077503,1.6505271178013852,4,water
415,SeaLake_68.jpg,67.982666015625,103.4228515625,112.8115234375,1.7204373313523185,1.0502070449874674,1.0533262156797312,0,water
416,SeaLake_2789.jpg,26.455322265625,53.19921875,74.22119140625,0.7170196519629828,0.7761454331492504,0.8024621209447506,0,water
417,SeaLake_913.jpg,29.59765625,48.3681640625,74.154541015625,1.3179701392998013,0.9302858622936802,1.1309710827932753,0,water
418,SeaLake_83.jpg,22.979248046875,43.333251953125,72.430908203125,0.7647054560852158,0.9222868629734313,1.012187333750321,0,water
419,SeaLake_1519.jpg,40.4931640625,61.915771484375,83.373779296875,2.486379330715347,2.0861534978353364,1.9551079868776124,0,water
420,SeaLake_907.jpg,23.044921875,42.9521484375,72.57080078125,0.7564395383284009,0.904715982624552,0.9722049999225418,0,water
421,SeaLake_97.jpg,25.152099609375,45.4228515625,68.6865234375,0.5978971008484423,0.7492869484325138,1.0269198975641594,0,water
422,SeaLake_1531.jpg,80.427490234375,107.173583984375,115.427734375,2.906689508081145,1.2745232897022714,1.3192358197810425,0,water
423,SeaLake_2038.jpg,40.1513671875,63.469482421875,83.12353515625,1.1680303959222722,1.1310800656564435,1.1587274146322284,0,water
424,SeaLake_1525.jpg,95.709228515625,127.051025390625,127.200927734375,2.1622815981040397,1.830482967384992,1.752205395689652,0,water
425,SeaLake_1.jpg,24.21533203125,41.500732421875,67.130615234375,0.8685697244998521,0.8578107642762458,0.8579705639904925,0,water
426,SeaLake_1524.jpg,53.11279296875,71.22021484375,81.556396484375,2.2162116668880167,1.3391423739065846,1.5793600065533318,0,water
427,SeaLake_1530.jpg,23.554931640625,43.060302734375,71.994873046875,0.7257876212145299,0.847518382309138,1.1630807871668476,0,water
428,SeaLake_2011.jpg,28.78125,48.66845703125,70.546630859375,15.38582571110501,11.485084636328216,8.885956780600722,75,water
429,SeaLake_96.jpg,41.443603515625,64.0234375,83.97216796875,0.9430787674156069,1.0352373199386458,1.1797472199740497,0,water
430,SeaLake_906.jpg,72.632568359375,120.01025390625,90.002685546875,1.3707333822055334,1.166505336960194,0.9976743536660558,0,water
431,SeaLake_82.jpg,22.27490234375,39.3857421875,65.3359375,0.7026838826248663,0.6655823313330327,0.7837070736849004,0,water
432,SeaLake_912.jpg,100.532958984375,103.870849609375,112.10205078125,5.720319766988466,2.131577563912796,1.787225638187933,0,water
433,SeaLake_2763.jpg,24.74462890625,42.205810546875,67.489013671875,2.553570657819542,3.626935828377725,1.751081251853931,0,water
434,SeaLake_1281.jpg,38.964111328125,55.916015625,77.88916015625,24.19153573993094,14.362775962309858,10.695191844541053,157,water
435,SeaLake_2788.jpg,47.7890625,79.740234375,95.09912109375,8.20569528185112,4.548018793394368,3.046264235095801,33,water
436,SeaLake_69.jpg,79.23388671875,107.76220703125,116.634033203125,2.3638686782036684,1.7954742943058422,1.8944573614125109,0,water
437,SeaLake_721.jpg,34.880859375,59.463134765625,82.91162109375,0.9540031015277725,1.2351098830648537,0.9899404717860836,0,water
438,SeaLake_2950.jpg,42.84228515625,68.41015625,90.184814453125,1.241584583530624,1.9917393797472442,1.243252831201726,0,water
439,SeaLake_735.jpg,22.9853515625,42.55322265625,71.976318359375,0.7624489438833322,0.8016702323035915,1.0054420864835072,0,water
440,SeaLake_1295.jpg,41.356201171875,64.561767578125,83.917236328125,1.0781592488031981,1.0305836865789075,1.2136253551828782,0,water
441,SeaLake_709.jpg,26.608154296875,54.16552734375,74.87939453125,0.9522392972974149,2.3481090953086206,1.1728559330359347,0,water
442,SeaLake_41.jpg,28.44580078125,53.22314453125,76.179931640625,2.588283385216327,2.4886483441163834,2.4029192847611416,0,water
443,SeaLake_1054.jpg,34.88671875,60.279296875,81.518798828125,4.963623473169418,7.0903158740013295,4.379644646436641,0,water
444,SeaLake_2575.jpg,31.048095703125,51.232177734375,76.418212890625,1.963878219930124,1.5893166720435208,1.5799495423082606,0,water
445,SeaLake_2207.jpg,22.93701171875,40.101806640625,65.93603515625,1.1671518384191368,1.240446562149959,1.0001515035303592,0,water
446,SeaLake_245.jpg,35.030029296875,60.560791015625,83.69580078125,10.215778744212512,7.785215841736135,6.854460935063522,92,water
447,SeaLake_279.jpg,38.138671875,59.44189453125,80.2822265625,0.8768443696483341,0.9362192942902549,1.0734438789100404,0,water
448,SeaLake_1134.jpg,31.548095703125,59.888427734375,76.460205078125,0.8677890856025512,0.8674354198834081,1.0132801570607028,0,water
449,SeaLake_494.jpg,24.243408203125,60.349609375,85.643310546875,1.4099190002537234,1.7721367321434622,1.6168573567740565,0,water
450,SeaLake_1646.jpg,23.73193359375,58.741943359375,84.791748046875,0.8824547236772037,1.3958149405828624,1.5212814136919648,0,water
451,SeaLake_480.jpg,28.296142578125,48.307373046875,76.3388671875,0.8574949680881389,0.893227739397842,1.2106756111716466,0,water
452,SeaLake_2401.jpg,22.918212890625,42.464599609375,71.941162109375,0.7077282162773234,0.7675147188123479,0.9556600595932638,0,water
453,SeaLake_1108.jpg,39.11865234375,63.553466796875,83.619384765625,1.8359431489898133,2.7091375856316207,1.2668417038985824,0,water
454,SeaLake_1691.jpg,38.892578125,60.83740234375,80.58642578125,0.8812187459827919,0.9121186543876881,1.1864104040488381,0,water
455,SeaLake_443.jpg,27.873291015625,50.0390625,72.517822265625,1.0209282260049704,1.194648508388032,1.0927114460588359,0,water
456,SeaLake_2159.jpg,30.66552734375,59.2734375,80.250732421875,1.004357262616779,2.0020588767800387,1.13552990911543,0,water
457,SeaLake_696.jpg,93.60986328125,126.048828125,125.59326171875,3.4244981927186036,2.5242106195222664,3.1628324778694488,0,water
458,SeaLake_1336.jpg,60.34423828125,88.1806640625,88.593994140625,2.0580339919379482,1.844829437311481,1.6323311383656711,0,water
459,SeaLake_682.jpg,54.8095703125,81.138916015625,86.80712890625,18.58308166139617,14.896140741186217,11.760276754181668,115,water
460,SeaLake_1444.jpg,31.81201171875,53.77294921875,76.61376953125,1.5111280760950314,1.3729425990309152,1.4588247924302478,0,water
461,SeaLake_872.jpg,99.13134765625,138.0498046875,111.856689453125,11.249254911968508,13.295762657679816,6.985491324186108,124,water
462,SeaLake_2617.jpg,24.418212890625,61.48974609375,87.38330078125,0.7543172160902082,0.7755368188594377,0.8885966174778855,0,water
463,SeaLake_866.jpg,22.94970703125,42.52001953125,72.1123046875,0.7427447987325873,0.7816184128899026,0.8949101740764418,0,water
464,SeaLake_1493.jpg,84.6845703125,118.8271484375,120.3115234375,1.328810929833004,1.2886240820508161,1.0953666728033054,0,water
465,SeaLake_2824.jpg,23.683837890625,41.27197265625,67.199462890625,1.0245485462976123,0.7678574691974542,0.8833362409855713,0,water
466,SeaLake_655.jpg,23.15087890625,42.727294921875,72.32177734375,0.760466813476304,0.8590039579302517,0.9288530210960151,0,water
467,SeaLake_2830.jpg,51.127197265625,77.962890625,89.066162109375,0.8892162960959067,0.9289137240815798,0.8985489154231118,0,water
468,SeaLake_899.jpg,53.287841796875,80.572021484375,89.216064453125,0.8617346187178343,0.9146637528558905,1.0328802170246048,0,water
469,SeaLake_2818.jpg,45.826171875,73.372802734375,110.5576171875,1.3805140126811406,1.1819081153446418,1.3909236287282598,0,water
470,SeaLake_669.jpg,80.353515625,123.2978515625,123.767578125,1.2816414583965592,1.4047406043345898,1.3348848534691988,0,water
471,SeaLake_657.jpg,72.73974609375,111.419921875,116.10595703125,6.559868693753071,10.255473652525586,5.527232268055024,0,water
472,SeaLake_2826.jpg,30.44140625,56.2431640625,79.4658203125,0.887733450260233,1.900337179281218,1.094108740693722,0,water
473,SeaLake_131.jpg,23.191650390625,43.37158203125,70.86083984375,0.8083660523848617,0.7912565641447306,1.098947329112035,0,water
474,SeaLake_1485.jpg,85.30908203125,116.56298828125,118.447265625,1.6486190768210751,1.4027516401434614,1.5149490579532234,0,water
475,SeaLake_2832.jpg,36.758056640625,63.918701171875,75.474365234375,0.7586149312921145,1.0675348869805155,0.7586268738921337,0,water
476,SeaLake_870.jpg,30.912353515625,57.368408203125,80.05859375,1.4191710994103928,3.3459058478602186,1.6832946370023691,0,water
477,SeaLake_2601.jpg,30.8603515625,49.224853515625,76.803955078125,2.4120324744194073,3.6235823572310424,2.037345177671674,0,water
478,SeaLake_2167.jpg,38.775390625,58.497314453125,83.117919921875,3.1854067642393975,2.595442334716374,2.4993184948901557,7,water
479,SeaLake_2173.jpg,35.84716796875,61.25537109375,84.201171875,1.3815828880215617,2.2087628348754262,1.5013205755130996,0,water
480,SeaLake_864.jpg,59.361572265625,84.20458984375,88.26513671875,1.1614653782424185,1.0920247230875089,1.0870398545455835,0,water
481,SeaLake_694.jpg,23.015869140625,42.5751953125,71.638671875,0.7084810766709467,0.7826300067580001,1.1082999164639435,0,water
482,SeaLake_1446.jpg,88.107421875,107.27294921875,114.720458984375,5.116149331115295,1.2803772535794928,1.3131439582004494,0,water
483,SeaLake_680.jpg,23.78515625,43.68701171875,73.18408203125,0.8227920115897683,0.8692260700187098,0.9804238844861308,0,water
484,SeaLake_858.jpg,89.32080078125,124.919189453125,124.9404296875,1.263449883750594,1.051441963395395,1.1327278894856665,0,water
485,SeaLake_1877.jpg,38.84033203125,59.96435546875,82.384033203125,0.9839504476879153,1.01126418340707,1.233377343221673,0,water
486,SeaLake_333.jpg,22.789794921875,42.31591796875,71.853515625,0.719770577688101,0.7253774186731167,0.9390754178344034,0,water
487,SeaLake_441.jpg,43.89404296875,68.32568359375,76.035888671875,0.9720225280458712,1.212678998338837,1.077754053625431,0,water
488,SeaLake_2365.jpg,27.28369140625,48.65087890625,71.72705078125,0.8916319124335431,1.0165568844874366,0.956684283206202,0,water
489,SeaLake_2403.jpg,41.792236328125,60.7529296875,86.040771484375,3.4818233760881694,2.7019038446401367,2.4032139512404758,0,water
490,SeaLake_2417.jpg,46.197265625,73.740234375,92.00244140625,3.153487705809769,3.4796285417869477,2.342394169602017,0,water
491,SeaLake_1650.jpg,36.56982421875,57.349609375,82.46630859375,3.304901007931395,2.671617283577891,2.31826512081662,0,water
492,SeaLake_1888.jpg,100.65771484375,108.8759765625,115.782958984375,4.227078475059448,1.1906820128399873,1.3547920714675992,0,water
493,SeaLake_2359.jpg,39.887451171875,61.91552734375,82.890380859375,2.688095636675282,4.08266546989783,2.1969539573881915,0,water
494,SeaLake_1122.jpg,40.400390625,62.0283203125,75.15478515625,7.9826068152053,5.032965420967037,3.7657827447165166,45,water
495,SeaLake_482.jpg,32.974609375,58.118408203125,75.715087890625,1.185170347950922,1.1344623784232375,1.1369276084282975,0,water
496,SeaLake_1644.jpg,65.352783203125,96.19775390625,90.799560546875,1.3122421874287784,1.1711267752950003,1.122658066824423,0,water
497,SeaLake_1903.jpg,67.18359375,106.221435546875,115.71044921875,3.421194906017624,2.115105523775391,1.7378619770647825,0,water
498,SeaLake_1081.jpg,23.086181640625,42.750244140625,71.940673828125,0.7552837772613571,0.8428090464825678,1.084175024364451,0,water
499,SeaLake_1095.jpg,24.2333984375,41.4716796875,67.189697265625,0.7323561168397233,0.7349922345847624,0.7951275608601416,0,water
500,SeaLake_2211.jpg,38.065185546875,59.006591796875,77.5546875,1.9012225879295688,1.7121194562848,1.5938840323542205,0,water
501,SeaLake_290.jpg,23.56591796875,41.097900390625,67.18212890625,0.9563472872842135,0.695574378941945,0.9315084367616746,0,water
502,SeaLake_43.jpg,23.048583984375,43.207763671875,72.557373046875,0.7913922578830612,0.93308767863691,0.9614794373736129,0,water
503,SeaLake_723.jpg,45.718994140625,75.5869140625,89.3115234375,10.162516843657476,6.589547286858161,5.112276892235806,42,water
504,SeaLake_2946.jpg,49.155517578125,75.40185546875,111.75244140625,7.82832670808514,4.93657393160841,3.2402564123322897,65,water
505,SeaLake_737.jpg,22.98291015625,42.960693359375,72.347900390625,0.7458877678582755,1.003980314736189,0.9819217872763454,0,water
506,SeaLake_2775.jpg,98.521240234375,138.345703125,128.22705078125,3.969123755149705,2.5956546270864376,1.8529196485502992,0,water
507,SeaLake_904.jpg,25.02685546875,45.2890625,68.525634765625,0.4848903252780135,0.6315573973074419,0.9721849824191645,0,water
508,SeaLake_94.jpg,24.6162109375,41.941650390625,67.541748046875,3.2051702157226174,2.80184851280557,2.0829280188792225,28,water
509,SeaLake_1268.jpg,23.05419921875,48.4599609375,72.94580078125,0.7784273655498564,0.8136160594679294,1.1345049612879132,0,water
510,SeaLake_910.jpg,40.02099609375,59.429443359375,84.66552734375,1.7953250336769777,1.447115356222065,1.4459477034011532,0,water
511,SeaLake_80.jpg,25.15673828125,42.00732421875,66.7529296875,4.683836433543639,5.4241435337359665,2.5024385003794105,11,water
512,SeaLake_2749.jpg,35.4287109375,55.30224609375,76.975830078125,1.8341369890408599,1.3468187466444275,1.3972461036809358,0,water
513,SeaLake_938.jpg,36.3203125,66.086181640625,88.116455078125,1.1568568930916867,1.3302903195145726,1.2178934217138626,0,water
514,SeaLake_3.jpg,35.27197265625,60.70849609375,83.338134765625,1.227037374329861,1.4195503262973777,0.9445933924979183,0,water
515,SeaLake_1254.jpg,90.63427734375,117.804443359375,108.536376953125,21.262175667748714,11.567781301569132,11.843529226112516,308,water
516,SeaLake_1533.jpg,34.031982421875,57.455322265625,81.306884765625,1.361511458936725,1.6157960480212585,1.2092221570093267,0,water
517,SeaLake_2990.jpg,22.706298828125,39.722900390625,65.81689453125,0.7056685746611164,0.6939491450093604,0.8641445624511229,0,water
518,SeaLake_939.jpg,47.8857421875,73.484375,117.650390625,1.360768623254047,1.1892462489430018,1.4442233544061354,0,water
519,SeaLake_1241.jpg,33.681640625,57.74072265625,81.690185546875,2.27883323262138,3.3841256638928088,1.7878062906142425,0,water
520,SeaLake_2.jpg,87.176513671875,120.63037109375,119.333740234375,4.264262048029671,3.7069923712376895,4.0723671367626375,0,water
521,SeaLake_1527.jpg,23.164306640625,42.722412109375,71.887451171875,0.7474601576147902,0.8258196934581804,1.1120253321811915,0,water
522,SeaLake_81.jpg,29.02685546875,58.73388671875,79.1455078125,1.5770452601457632,1.0631818266610649,1.0608071698011212,0,water
523,SeaLake_911.jpg,24.14306640625,41.280517578125,67.315673828125,0.7674027647869859,0.7494603043109652,0.8787355723492182,0,water
524,SeaLake_2760.jpg,28.24853515625,46.242431640625,72.832275390625,3.509995187120317,5.616014206846246,2.655688046869399,0,water
525,SeaLake_95.jpg,34.852783203125,60.162353515625,83.01611328125,1.2797464760033,2.123450429510706,1.367605875578691,0,water
526,SeaLake_905.jpg,47.238525390625,69.764404296875,87.48974609375,1.3632273622371989,1.878619562749211,1.4578693832633347,0,water
527,SeaLake_2012.jpg,46.638671875,70.8701171875,81.4140625,1.484065294582413,1.261364583008057,1.270126062579518,0,water
528,SeaLake_736.jpg,36.4169921875,63.2900390625,84.81298828125,1.214915577031575,1.3595935163585184,1.252804376010146,0,water
529,SeaLake_722.jpg,32.663330078125,60.90185546875,76.864013671875,0.9553933276822072,1.0440196482757007,1.1223118507964174,0,water
530,SeaLake_2953.jpg,41.297119140625,67.948486328125,82.6669921875,8.96770744710705,9.027250014593866,5.219212585779963,76,water
531,SeaLake_56.jpg,36.84814453125,63.9736328125,85.512939453125,1.2154950423019906,1.6276385087522782,1.2916228558688585,0,water
532,SeaLake_291.jpg,120.164306640625,131.952880859375,125.41162109375,4.972296828400485,7.494820900692808,5.200379503596834,0,water
533,SeaLake_285.jpg,41.726806640625,61.89697265625,81.300048828125,2.193034106328126,2.0574347402019386,1.5314285602390385,0,water
534,SeaLake_1719.jpg,40.7685546875,58.781005859375,74.33349609375,1.2957063488004439,1.2527861776843316,1.299079859151658,0,water
535,SeaLake_2210.jpg,25.628173828125,50.375244140625,80.056884765625,0.7392967949570611,0.9770623415635284,1.005325886996246,0,water
536,SeaLake_1094.jpg,39.981689453125,63.591796875,83.234619140625,1.1876672074904393,1.0050512530414728,1.1816809529130046,0,water
537,SeaLake_252.jpg,84.3359375,119.567138671875,117.161865234375,13.958152352293757,2.994931300128412,2.7599997235553713,38,water
538,SeaLake_508.jpg,124.906005859375,136.637939453125,134.13916015625,4.570327517492939,3.9986589612670866,3.3951467081206483,18,water
539,SeaLake_1916.jpg,28.746337890625,50.031494140625,76.28125,0.9023955028935071,0.9949748318330935,1.10904484523846,0,water
540,SeaLake_1902.jpg,36.96875,60.5556640625,91.519775390625,1.3466538391509526,1.2880259652452648,1.1180774638528534,0,water
541,SeaLake_483.jpg,57.1376953125,83.5751953125,96.970458984375,3.8902277609627856,2.9168506201000466,2.680014354023285,0,water
542,SeaLake_1645.jpg,81.64208984375,124.772216796875,125.064697265625,1.319114999745322,1.5244170145498623,1.3331573067142708,0,water
543,SeaLake_2358.jpg,98.000244140625,104.05859375,112.48681640625,5.361424529662836,1.389477888888822,1.427554598029734,0,water
544,SeaLake_1651.jpg,44.92236328125,73.12255859375,84.41357421875,0.8715489314443186,0.9476630881267997,0.9163506714600733,0,water
545,SeaLake_2416.jpg,81.867431640625,112.847900390625,103.699462890625,1.8128377501082718,1.9860501015087642,1.7701848488261105,0,water
546,SeaLake_2370.jpg,24.0478515625,60.79443359375,86.497314453125,0.7810345161811407,0.9268816753617799,1.1515922294102119,0,water
547,SeaLake_1679.jpg,81.544921875,114.949951171875,102.030029296875,1.8996899401998433,1.9341414937714134,1.7918616473389326,0,water
548,SeaLake_2364.jpg,22.876953125,39.916748046875,66.1435546875,0.6127678733033696,0.6072903211610348,0.9267073879854295,0,water
549,SeaLake_2402.jpg,36.14111328125,75.267822265625,93.98583984375,1.0855087421826037,1.5359620558986775,1.381481413637178,0,water
550,SeaLake_1686.jpg,38.96240234375,60.9990234375,81.7841796875,0.8654910152592613,0.8871913104430653,1.071562322715017,0,water
551,SeaLake_1692.jpg,36.272216796875,58.03515625,81.4296875,4.439465846233544,7.25913583703914,2.920485548644908,0,water
552,SeaLake_332.jpg,25.22509765625,42.73583984375,68.25244140625,3.096450051292731,2.748409461506778,2.0319094834442115,13,water
553,SeaLake_1447.jpg,52.859375,72.79248046875,89.235107421875,1.8844164589137402,1.5363124541087925,1.539565396322706,0,water
554,SeaLake_1321.jpg,54.633056640625,84.4765625,114.798828125,1.623758850748962,2.4464853417389913,1.6349032946810598,0,water
555,SeaLake_2628.jpg,80.857177734375,114.22998046875,115.6640625,2.6150037052682626,1.5725736517707303,2.3348659749745275,0,water
556,SeaLake_859.jpg,82.552001953125,106.994384765625,104.890380859375,6.27687432291114,7.760842825348798,5.067652205744158,0,water
557,SeaLake_681.jpg,97.49853515625,110.192626953125,115.408203125,7.978333563344089,4.084167498255279,3.123729600171922,14,water
558,SeaLake_695.jpg,29.2685546875,54.52978515625,78.6552734375,8.186703650497664,7.773721983031498,3.9646646694086165,37,water
559,SeaLake_1335.jpg,28.005859375,62.149658203125,89.535400390625,3.4990881685768667,2.9060508803378506,2.726679660061592,10,water
560,SeaLake_2172.jpg,33.794921875,58.739990234375,82.466796875,1.0633882287981584,1.4432704831058636,1.198090560012153,0,water
561,SeaLake_865.jpg,34.130615234375,75.126220703125,89.72509765625,1.2114284135573854,1.4506652481629352,1.3568097168176372,0,water
562,SeaLake_1309.jpg,24.43505859375,41.449462890625,66.231689453125,0.9284360781735447,0.9879077009397281,0.8554065629486591,0,water
563,SeaLake_2600.jpg,54.604736328125,84.664794921875,91.29833984375,1.7104250170851958,1.5701969350926057,1.5187169420702549,0,water
564,SeaLake_871.jpg,43.93505859375,73.066162109375,89.507568359375,1.7586786467414315,1.936433052265957,1.5880539588396771,0,water
565,SeaLake_2166.jpg,89.54638671875,123.717041015625,122.903076171875,1.5530327660173846,1.517239035645494,2.037042296668529,0,water
566,SeaLake_1484.jpg,39.811279296875,62.614501953125,82.930908203125,1.085135596060237,0.9156701386037225,1.0876444567180874,0,water
567,SeaLake_124.jpg,36.17724609375,73.6337890625,90.587646484375,5.273925193558434,6.072412233248445,5.045460688829783,88,water
568,SeaLake_2833.jpg,41.026123046875,65.31201171875,93.26904296875,2.2922575203381856,1.8322768707574384,1.3961018071638567,0,water
569,SeaLake_2827.jpg,121.915771484375,129.781982421875,129.72021484375,3.15013102569252,3.5451988847599947,2.8497261300591963,0,water
570,SeaLake_656.jpg,38.234130859375,60.2001953125,80.3046875,1.5969994834261294,1.583595086931324,1.3962972448922721,0,water
571,SeaLake_2199.jpg,90.338134765625,123.04296875,120.723388671875,1.5479544331635626,1.7076657859556235,2.467444243549978,0,water
572,SeaLake_118.jpg,23.75634765625,43.3369140625,71.98974609375,0.7472009881117208,0.8322507183774287,1.1648297949299786,0,water
573,SeaLake_652.jpg,23.193359375,43.18798828125,72.443115234375,0.7697369450660462,0.950078253283734,0.9947059388029151,0,water
574,SeaLake_646.jpg,75.482421875,88.0869140625,106.16357421875,4.168705911703473,3.6147841838399906,2.516178378257457,0,water
575,SeaLake_120.jpg,27.397216796875,49.16552734375,72.12255859375,0.9154607723192539,1.1057127558597981,0.9535700275008766,0,water
576,SeaLake_108.jpg,23.009033203125,42.645263671875,71.89208984375,0.7366430686677928,0.8290926120665847,1.0509835087564887,0,water
577,SeaLake_691.jpg,32.55322265625,53.35986328125,76.730224609375,0.8646708218227873,1.0617600276465409,0.9546476302741911,0,water
578,SeaLake_2638.jpg,74.078369140625,114.029541015625,111.908447265625,6.241749310063061,3.7490697263148953,3.4336863690796604,17,water
579,SeaLake_849.jpg,82.795166015625,129.890380859375,127.163818359375,1.6485037225375205,2.3877014908973937,1.8533303717920029,0,water
580,SeaLake_685.jpg,40.229248046875,63.385986328125,82.86279296875,1.06728427498441,1.0242131620788613,1.145312462529576,0,water
581,SeaLake_2162.jpg,61.87255859375,89.285400390625,97.60595703125,7.4302662364294205,6.047245768335871,4.565389032029876,69,water
582,SeaLake_875.jpg,37.8115234375,56.005615234375,76.339111328125,0.8618566573904176,0.7161759017643039,1.0601967642906192,0,water
583,SeaLake_861.jpg,39.263916015625,66.526611328125,78.30029296875,2.7456333756661,3.099076040687841,1.8916345218274357,0,water
584,SeaLake_2176.jpg,40.879638671875,60.20458984375,85.251220703125,2.2560499102561953,1.7550536482781234,1.6892709093559803,0,water
585,SeaLake_450.jpg,38.556396484375,66.427978515625,77.06591796875,3.8916280211885796,5.904529214894141,3.057880849566555,0,water
586,SeaLake_493.jpg,22.912841796875,42.3974609375,72.072509765625,0.7015406666780061,0.7370187773466976,0.8975150970953122,0,water
587,SeaLake_1133.jpg,23.415771484375,40.47119140625,66.731689453125,0.8933539826998081,0.8236317646109501,1.0750779755723017,0,water
588,SeaLake_2348.jpg,31.829833984375,51.911865234375,75.340576171875,1.6116030001992774,1.5093445381897488,1.3873641755234891,0,water
589,SeaLake_1641.jpg,85.86962890625,117.419677734375,115.037109375,2.8435088254504204,3.40523113971649,3.250914811716405,0,water
590,SeaLake_1127.jpg,23.568115234375,44.387939453125,73.615234375,0.7206150817850254,0.7703242597011183,0.9699601029518479,0,water
591,SeaLake_256.jpg,84.389892578125,115.40478515625,117.420654296875,2.302996813805447,1.5770313514732872,1.1774049364579713,0,water
592,SeaLake_518.jpg,23.406494140625,40.453125,66.639892578125,0.7467683069483751,0.6765823467065927,0.9475814135658955,0,water
593,SeaLake_1053.jpg,96.4892578125,95.976318359375,105.599609375,2.754325758993971,2.4628441463625563,2.294235269629536,4,water
594,SeaLake_2214.jpg,47.793701171875,70.064697265625,85.08154296875,9.05210445644488,7.536205825758453,5.1374839531863685,14,water
595,SeaLake_2200.jpg,40.586669921875,63.34912109375,82.633056640625,0.9811743822543378,1.0049628845876866,1.261614414306364,0,water
596,SeaLake_2566.jpg,30.232421875,51.37353515625,74.896240234375,1.416691648973581,1.7734541030980442,1.224834780353026,0,water
597,SeaLake_726.jpg,31.642333984375,49.430419921875,73.82568359375,0.7582584524038867,0.8640737563877976,0.8497383107534254,0,water
598,SeaLake_2957.jpg,31.313720703125,49.060302734375,76.153076171875,1.1081495097935818,0.9201659508490293,1.2094013684377471,0,water
599,SeaLake_1286.jpg,25.2958984375,46.025146484375,69.08642578125,0.7508736925642412,0.8962827301965479,1.021904299254743,0,water
600,SeaLake_1292.jpg,81.37060546875,125.684814453125,125.139404296875,1.2588961654094402,1.4400533928178174,1.4904808750493201,0,water
601,SeaLake_732.jpg,40.816650390625,67.76123046875,84.078125,4.251186198300074,8.16577035662874,2.6778989111101636,0,water
602,SeaLake_52.jpg,102.883544921875,104.699951171875,112.67822265625,3.9945473983799342,1.5447618133925418,1.5691963898120573,0,water
603,SeaLake_46.jpg,23.211669921875,43.185546875,72.64111328125,0.7780374853105931,0.9337142802687203,0.9422323946908525,0,water
604,SeaLake_1523.jpg,51.43359375,80.345703125,88.98193359375,1.1802758776917104,1.4298782638271115,1.147205236636065,0,water
605,SeaLake_929.jpg,47.57177734375,79.9404296875,80.19677734375,6.752041384401772,3.241555467151326,2.7827154434987946,38,water
606,SeaLake_2980.jpg,48.135498046875,72.87646484375,86.3955078125,8.678499701916689,7.302334868651279,4.898463101601508,39,water
607,SeaLake_1537.jpg,23.390869140625,43.173095703125,71.7529296875,0.7798766845034374,0.8578502306257555,1.2886566447976562,0,water
608,SeaLake_2016.jpg,27.42724609375,53.988525390625,77.686767578125,13.296795308000924,9.256628493556102,6.0404949142649995,46,water
609,SeaLake_901.jpg,36.939697265625,61.08740234375,83.6318359375,2.3415669637770127,3.4884963700793796,2.043401668623547,0,water
610,SeaLake_91.jpg,23.3642578125,43.1572265625,72.002197265625,0.7974151575764753,0.9344672422265179,1.1374077298395564,0,water
611,SeaLake_1279.jpg,64.97509765625,95.424072265625,99.765625,3.738963576083051,5.601260375277397,2.4732455113423333,0,water
612,SeaLake_915.jpg,23.15234375,43.13232421875,72.498291015625,0.7779520233188789,0.9411751237852615,0.9325373910049967,0,water
613,SeaLake_85.jpg,25.723876953125,50.2890625,80.105712890625,0.721581520764956,1.0142719352292806,0.9741816375197732,0,water
614,SeaLake_84.jpg,39.54833984375,66.637939453125,85.911376953125,5.466705615885698,3.680411095553264,2.946745334252282,21,water
615,SeaLake_914.jpg,80.656982421875,92.955322265625,103.341796875,5.8339879253365154,2.353875211098948,2.2921126422997267,0,water
616,SeaLake_2003.jpg,27.89892578125,54.82373046875,75.715087890625,2.5177182320613394,2.4625482525430655,2.397432483263395,0,water
617,SeaLake_1278.jpg,89.310302734375,123.522216796875,124.345458984375,2.0352487817621703,1.4050323088586307,1.470591891718975,0,water
618,SeaLake_90.jpg,49.99462890625,71.419921875,88.023193359375,1.3224955912410177,1.3605180516613826,1.3548592947999811,0,water
619,SeaLake_2771.jpg,88.47802734375,123.07080078125,122.50146484375,2.2657878422586966,1.7145878420554572,2.057877823264245,0,water
620,SeaLake_900.jpg,47.488525390625,61.49169921875,80.3310546875,6.5901104568390725,8.781913311433371,3.6232178352100606,0,water
621,SeaLake_2981.jpg,35.895751953125,56.554443359375,81.320556640625,3.129780955450037,2.490992519683663,2.3796269244413533,0,water
622,SeaLake_928.jpg,32.14697265625,57.390869140625,79.441162109375,0.7951148546372526,1.0754289780278723,0.8688146429917031,0,water
623,SeaLake_1536.jpg,96.6201171875,108.886962890625,115.158203125,2.0361061149328856,0.9612440845223155,1.2288726627442872,0,water
624,SeaLake_7.jpg,99.267333984375,98.972900390625,108.137939453125,2.3725454671982975,2.284671660336934,1.9884348362208342,0,water
625,SeaLake_1522.jpg,22.94482421875,42.560302734375,71.721435546875,0.7237479546868869,0.7669161983078061,1.0842396753394379,0,water
626,SeaLake_2995.jpg,51.02392578125,91.27490234375,91.665283203125,5.3662186460292105,9.098372696952502,4.305250452966092,42,water
627,SeaLake_53.jpg,78.6201171875,108.78515625,114.165283203125,4.999387226702598,6.161144499042847,4.166783622848652,0,water
628,SeaLake_733.jpg,32.049560546875,54.938232421875,80.32080078125,1.3339888208183945,1.8647750368791332,1.1537629262545186,0,water
629,SeaLake_727.jpg,94.39794921875,106.5283203125,114.059326171875,2.3790745667793316,1.0920427349238226,1.2085494336003215,0,water
630,SeaLake_2201.jpg,22.971923828125,42.5546875,71.85791015625,0.7146232139721221,0.7902219204715534,1.0358919803981015,0,water
631,SeaLake_2215.jpg,61.33056640625,90.710205078125,88.1484375,7.312540282440088,9.53955853833816,3.9988935847736373,18,water
632,SeaLake_294.jpg,43.0751953125,60.357177734375,76.369140625,1.521239587878263,1.4547579009724407,1.482306072552025,0,water
633,SeaLake_1052.jpg,27.558837890625,44.482177734375,68.586669921875,7.305950259642944,6.995720981739337,4.503829538530758,26,water
634,SeaLake_1046.jpg,43.271728515625,70.132080078125,92.37841796875,1.1128429687836618,1.1841590211358834,0.9874026045272131,0,water
635,SeaLake_280.jpg,87.182373046875,96.903564453125,108.77294921875,17.504371435977028,11.900393367224208,12.737919778617062,169,water
636,SeaLake_2229.jpg,83.036865234375,113.09423828125,104.323486328125,1.9894394864180907,2.192495636277766,1.8166964227385942,0,water
637,SeaLake_1720.jpg,82.007080078125,113.446533203125,103.138671875,3.662881095445052,4.998297824798151,3.2439560076909157,0,water
638,SeaLake_519.jpg,81.382568359375,126.27734375,125.0927734375,1.2691420442685368,1.6210090339310073,1.3920065200258342,0,water
639,SeaLake_257.jpg,23.26708984375,40.2412109375,65.6533203125,0.7463785796200214,0.7227611568702147,0.7538499564070441,0,water
640,SeaLake_525.jpg,40.217041015625,62.033935546875,81.1982421875,1.0859150781306375,1.118283221296508,1.1542452366569311,0,water
641,SeaLake_243.jpg,27.113525390625,48.838623046875,71.88330078125,0.9024990658213676,0.9855312943408198,0.9116511694958438,0,water
642,SeaLake_2375.jpg,94.250244140625,105.529541015625,113.395263671875,2.96251399966445,1.3571664473806606,1.2786815066000181,0,water
643,SeaLake_1126.jpg,48.046630859375,74.412841796875,85.857177734375,6.117822913715217,5.294290587286272,3.082581203888511,0,water
644,SeaLake_1132.jpg,32.893310546875,55.8857421875,81.26708984375,1.9833521421993847,3.828811397128711,1.9624031942023537,0,water
645,SeaLake_492.jpg,39.762451171875,62.64501953125,82.949462890625,1.0615649596851995,1.1679996754306186,1.1126205625463783,0,water
646,SeaLake_1654.jpg,51.364013671875,78.748779296875,95.06005859375,2.3708977531861386,2.622976056447405,1.8766415721487075,0,water
647,SeaLake_1867.jpg,38.119873046875,58.815185546875,83.82861328125,15.939568970591957,13.893648569437802,12.594929443485823,106,water
648,SeaLake_479.jpg,31.406982421875,49.671630859375,77.211181640625,2.254583022458867,3.496347965822366,1.9495797749868902,0,water
649,SeaLake_323.jpg,85.71728515625,118.0732421875,117.019287109375,3.467434161000525,2.4154666903044255,2.3610546752006734,0,water
650,SeaLake_1697.jpg,24.905029296875,45.376953125,68.110595703125,0.5294215769809001,0.6970193892946841,1.1007477202226161,0,water
651,SeaLake_860.jpg,25.69384765625,49.466064453125,79.633056640625,0.7765617078934435,0.9376670370703529,0.9732110153433271,0,water
652,SeaLake_2611.jpg,36.227783203125,59.9287109375,79.505615234375,5.233663157555052,8.92190487617795,5.106719274680459,0,water
653,SeaLake_874.jpg,80.29296875,125.0341796875,124.502685546875,1.9147121027777094,2.7314365838258814,1.9176128080475427,0,water
654,SeaLake_2605.jpg,51.905517578125,79.671142578125,88.687744140625,0.9650174189265366,1.3479249327031266,1.1419753090198492,0,water
655,SeaLake_684.jpg,122.370849609375,139.281982421875,135.438720703125,7.257836541997306,4.194295742210903,3.6942013689056674,0,water
656,SeaLake_1456.jpg,50.912353515625,79.04736328125,88.628173828125,1.138754342758658,1.302305228081817,1.2363225084029583,0,water
657,SeaLake_848.jpg,56.70849609375,80.656982421875,94.66162109375,37.578069595645026,21.462511945697834,15.305156137828357,131,water
658,SeaLake_690.jpg,46.690673828125,78.12109375,88.174072265625,20.158896893431898,10.064003399677036,7.210372683638841,94,water
659,SeaLake_1330.jpg,38.87158203125,56.480224609375,77.5029296875,6.180758088135478,10.969934032797354,4.2868908107369785,0,water
660,SeaLake_109.jpg,58.17333984375,83.135009765625,87.112060546875,3.550587563850345,3.1977599734127766,2.3805221681826607,0,water
661,SeaLake_647.jpg,41.3916015625,58.644775390625,74.616943359375,1.0145271823601172,0.9385603630131515,1.0413783087562798,0,water
662,SeaLake_1481.jpg,105.48779296875,115.17431640625,112.29443359375,0.9431327721418982,0.955496292777782,1.1302949488392222,0,water
663,SeaLake_2188.jpg,27.568115234375,49.666259765625,72.29931640625,0.8565287881011582,0.847615148716869,1.0173108707271268,0,water
664,SeaLake_121.jpg,32.48095703125,47.791015625,71.631103515625,16.595004327066057,10.802640796918865,7.428822363735773,78,water
665,SeaLake_135.jpg,22.94677734375,42.411865234375,71.668701171875,0.6655585099085537,0.7342392410435623,1.0335470971890937,0,water
666,SeaLake_653.jpg,40.33837890625,63.644775390625,83.12890625,1.1508538393536574,1.035755804361906,1.1798621042142754,0,water
667,SeaLake_645.jpg,42.18798828125,68.84375,91.0029296875,0.7739106859726586,0.9899396288410723,0.8323836319156884,0,water
668,SeaLake_889.jpg,31.412841796875,55.286376953125,74.64013671875,1.2212398966329348,1.2410893174320057,1.2326492607623563,0,water
669,SeaLake_2820.jpg,28.991455078125,65.248291015625,91.361572265625,6.024784036580494,13.333321525399622,9.15872288858309,86,water
670,SeaLake_651.jpg,41.306640625,65.121826171875,81.73583984375,10.98937318911318,11.618847169823747,5.595673960132057,84,water
671,SeaLake_1497.jpg,29.888671875,55.37841796875,73.4033203125,0.913392432683775,0.9686809638250996,1.1711158836873925,0,water
672,SeaLake_137.jpg,31.810546875,60.251953125,77.05224609375,0.8740207096675309,0.7824965640836606,1.1053866837843969,0,water
673,SeaLake_2808.jpg,40.746337890625,66.7548828125,79.71435546875,1.099920659021561,1.2737875615235414,1.077762155703645,0,water
674,SeaLake_679.jpg,41.47412109375,68.907958984375,87.92919921875,3.042475061682725,4.068154134348614,2.1738113992189825,0,water
675,SeaLake_686.jpg,27.591796875,49.779541015625,72.330810546875,1.615468166272624,1.7072002231236216,1.4441719916447844,8,water
676,SeaLake_1332.jpg,44.49072265625,74.033935546875,87.13623046875,4.716049710127423,6.518608485082019,2.568019180104416,0,water
677,SeaLake_692.jpg,25.55126953125,61.7841796875,87.312255859375,0.9410393344145638,0.9643568285196109,1.1627377902652773,0,water
678,SeaLake_2175.jpg,92.9775390625,117.450439453125,106.595703125,9.39812166439585,8.486575152244482,7.0186777248720595,78,water
679,SeaLake_862.jpg,50.37646484375,77.87744140625,87.780517578125,1.1166674063570978,1.5790124041146802,1.211082179132731,0,water
680,SeaLake_876.jpg,40.521240234375,63.48388671875,82.64404296875,0.9772999839832676,0.9890682419162787,1.1976350646810934,0,water
681,SeaLake_2161.jpg,26.26416015625,47.81591796875,74.02294921875,1.2667027347013882,1.3631594365740474,1.1883059326658116,0,water
682,SeaLake_321.jpg,83.653076171875,131.260986328125,128.379150390625,1.3790796403232466,1.4737287304340747,1.2257590365418114,0,water
683,SeaLake_1695.jpg,31.2529296875,49.052001953125,76.843017578125,1.051640836113334,0.835013154834213,0.9906866481624044,0,water
684,SeaLake_453.jpg,44.060302734375,73.620361328125,81.635986328125,0.8526877921325591,0.7940608805009765,0.9302132986917999,0,water
685,SeaLake_309.jpg,42.968017578125,71.3193359375,81.929931640625,0.8481957964208556,1.0315232348430141,0.9438444671340167,0,water
686,SeaLake_484.jpg,41.604736328125,73.539306640625,84.93896484375,1.5314945687369879,3.7454944166962494,1.829175793821233,0,water
687,SeaLake_490.jpg,35.3525390625,59.409912109375,83.483642578125,1.719810297507147,2.144940766248042,1.6373407643186568,0,water
688,SeaLake_1118.jpg,36.8984375,64.18212890625,75.37451171875,0.7743050689771764,0.8575451877354211,0.8181144693861128,0,water
689,SeaLake_2377.jpg,23.97509765625,41.2080078125,67.089111328125,0.7440289591311328,0.6670936965216842,0.7800732333087699,0,water
690,SeaLake_2363.jpg,50.564208984375,71.44775390625,87.77294921875,1.841306182123313,1.562095208186065,1.5193127472590247,0,water
691,SeaLake_533.jpg,67.300048828125,103.620849609375,113.015869140625,1.3847523461311826,1.0576843353117744,1.082077052940697,0,water
692,SeaLake_1093.jpg,49.30419921875,82.260986328125,84.922119140625,2.6540877124375317,1.684894227661437,1.9751975280634622,0,water
693,SeaLake_241.jpg,48.031982421875,76.11376953125,90.4462890625,4.994059222247571,5.79700099674471,3.7893180839621885,0,water
694,SeaLake_1939.jpg,89.329833984375,123.364501953125,122.990966796875,1.5580714026886933,1.4599803502249817,1.7129636812017652,0,water
695,SeaLake_1087.jpg,34.2080078125,55.062744140625,83.134033203125,1.2113937994884094,1.150627668793094,1.450469328298621,0,water
696,SeaLake_1911.jpg,61.403076171875,90.218994140625,93.70947265625,6.198174213753724,5.022229934948909,4.318787096805488,0,water
697,SeaLake_296.jpg,30.100341796875,57.07861328125,79.241455078125,1.0525452226269882,2.835353612560717,1.263810517194983,0,water
698,SeaLake_1736.jpg,22.8896484375,42.776123046875,71.52197265625,0.7157070595947819,0.8349811752276015,1.1494757701349425,0,water
699,SeaLake_282.jpg,29.78564453125,53.730224609375,78.928466796875,1.1308221629712463,1.2733079107145013,1.3732269082259048,0,water
700,SeaLake_1078.jpg,24.1552734375,45.0244140625,72.347412109375,0.8799034056968603,1.441363574380956,1.1780703493996498,0,water
701,SeaLake_79.jpg,36.43212890625,59.162841796875,79.49951171875,4.12674950577124,7.436258833567826,4.4472274276037895,0,water
702,SeaLake_731.jpg,27.998046875,62.248291015625,89.382568359375,1.5631236548343623,1.4448257657707058,1.3890893365007597,0,water
703,SeaLake_2940.jpg,27.89306640625,49.03125,75.841064453125,0.6220954159352968,0.6139650845121406,0.8311461634782084,0,water
704,SeaLake_725.jpg,63.451171875,88.82373046875,90.783203125,2.2389177146467407,2.0016310121006082,2.0416491241739445,0,water
705,SeaLake_719.jpg,68.982177734375,104.35009765625,114.190185546875,2.1318650009963087,1.369481108335656,1.4840333043381666,0,water
706,SeaLake_51.jpg,41.57470703125,59.10400390625,74.80224609375,1.760649769114179,1.67644631586721,1.656236684493755,0,water
707,SeaLake_2029.jpg,23.654541015625,43.6279296875,73.11962890625,0.8061917882796832,0.8664432115298454,0.9392408103300393,0,water
708,SeaLake_2001.jpg,24.180908203125,46.854248046875,72.98486328125,1.1227132815937841,4.455618437998843,1.8397109840258832,0,water
709,SeaLake_916.jpg,60.964111328125,85.84228515625,89.06591796875,1.1798400527639534,1.1162984017774606,1.2655480443846745,0,water
710,SeaLake_2767.jpg,62.090087890625,104.56787109375,115.2431640625,3.279305881217508,1.844486865196708,1.3901692190012322,0,water
711,SeaLake_86.jpg,53.120849609375,80.958251953125,89.246826171875,1.7450529576602853,2.502921197812093,1.5201654557160984,0,water
712,SeaLake_902.jpg,43.73193359375,71.234130859375,87.991455078125,4.161054057638546,5.621710594322098,3.656139853032861,0,water
713,SeaLake_2773.jpg,32.80322265625,55.069091796875,78.635986328125,4.62382262940921,3.7682967383128925,2.1078267243331648,0,water
714,SeaLake_92.jpg,40.75390625,70.556884765625,90.915771484375,1.622288716200337,1.502824964338758,1.2022055295500056,0,water
715,SeaLake_93.jpg,58.572265625,83.558837890625,87.3857421875,2.415395029429629,2.132444454757685,1.9628213898703863,0,water
716,SeaLake_2772.jpg,57.936767578125,83.43359375,86.5849609375,1.8048479908842245,1.726823191574904,1.5885664474138692,0,water
717,SeaLake_903.jpg,24.0712890625,41.180908203125,67.1767578125,0.7104107928289597,0.6586538972913496,0.8010045182270914,0,water
718,SeaLake_2000.jpg,30.28857421875,51.927001953125,76.347412109375,0.7656098967638983,0.7598914113394329,0.8292493205511917,0,water
719,SeaLake_87.jpg,29.491943359375,52.3798828125,72.311767578125,1.0629289266182569,0.9763940284368242,1.1461630115760464,0,water
720,SeaLake_917.jpg,28.271240234375,51.35107421875,72.84033203125,2.2918020136196744,3.225310186505955,1.5203355558084042,0,water
721,SeaLake_2028.jpg,22.958740234375,42.59619140625,72.04052734375,0.7506551662485046,0.8341614582103679,0.9623366923320389,0,water
722,SeaLake_1253.jpg,78.942138671875,110.102783203125,100.107177734375,5.702317726796062,7.978145935383757,4.664002275956697,0,water
723,SeaLake_50.jpg,28.717041015625,49.871337890625,76.463623046875,1.055011586446551,1.08311741156542,1.1137216600351012,0,water
724,SeaLake_718.jpg,78.0654296875,121.017578125,121.30859375,1.2331347451692587,1.534493883425895,1.4264125314792133,0,water
725,SeaLake_44.jpg,23.302001953125,42.830322265625,71.86962890625,0.7223793530297535,0.8479458714047536,1.1543884757370149,0,water
726,SeaLake_1284.jpg,40.87353515625,66.114013671875,84.90478515625,5.939277924823462,4.6692811469754725,3.395153449555655,8,water
727,SeaLake_2955.jpg,24.36767578125,41.59765625,67.536376953125,0.9649978082266313,0.9828780159999192,0.9591993724097934,0,water
728,SeaLake_724.jpg,31.161865234375,48.795166015625,76.75927734375,1.0640709147071572,0.7944424094735013,1.0010550417024753,0,water
729,SeaLake_2799.jpg,49.115478515625,78.437744140625,88.6953125,1.8294185235489573,1.8228506148951098,1.2810356146859267,0,water
730,SeaLake_2941.jpg,32.206298828125,52.271240234375,75.809814453125,1.1687121369863718,1.055312557790911,1.1146272519927265,0,water
731,SeaLake_730.jpg,78.943603515625,119.828369140625,95.142333984375,11.301574191331717,10.230883749766448,8.868065337702859,73,water
732,SeaLake_78.jpg,37.640869140625,50.572265625,73.49462890625,25.0727102726544,18.6343871149065,12.172686127457732,130,water
733,SeaLake_2558.jpg,22.923583984375,43.0732421875,72.256103515625,0.7697722159385851,1.0212616832723211,1.0493612515047024,0,water
734,SeaLake_1737.jpg,63.69873046875,101.850341796875,112.7158203125,2.6809619508751714,1.791994698753988,1.5120943770851085,0,water
735,SeaLake_1938.jpg,84.662109375,106.9609375,114.951904296875,10.228449613115231,2.1887133911487244,1.5629315924620348,0,water
736,SeaLake_240.jpg,24.052734375,44.866943359375,72.306396484375,1.43023037635318,2.085248840608859,1.4190797052976412,0,water
737,SeaLake_526.jpg,32.648193359375,56.3896484375,82.14208984375,1.77287275085866,1.416983438119094,1.3072162722951013,0,water
738,SeaLake_1092.jpg,23.24462890625,43.44384765625,72.919189453125,0.7659249788503628,0.9123026542992089,0.9700409378674507,0,water
739,SeaLake_2362.jpg,53.036376953125,80.5703125,89.688720703125,1.038983765107204,1.2139076477820503,1.0661837446997613,0,water
740,SeaLake_2404.jpg,23.044189453125,42.836669921875,72.398193359375,0.7547055686541033,0.8967350960315322,0.9013264193257913,0,water
741,SeaLake_2376.jpg,46.7060546875,72.10205078125,116.293701171875,1.353172798281608,1.1810415215166081,1.3989111881260554,0,water
742,SeaLake_1657.jpg,31.209228515625,52.93994140625,77.178466796875,0.7254597077883507,0.7935324483389273,0.8155802148091734,0,water
743,SeaLake_1131.jpg,45.113525390625,72.71435546875,93.23681640625,1.849581000202057,1.5634212829614953,1.2135594684566697,0,water
744,SeaLake_491.jpg,31.7509765625,54.106689453125,77.751220703125,3.1290597104123283,2.7149028414874974,1.460540044237535,0,water
745,SeaLake_1125.jpg,41.43994140625,79.3310546875,90.974853515625,1.18721476693005,1.1812220817375019,1.2510161799307704,0,water
746,SeaLake_1643.jpg,26.163818359375,48.136474609375,69.205322265625,1.0156343606370766,1.1676706552452798,1.064832455301592,0,water
747,SeaLake_308.jpg,27.251708984375,49.161865234375,71.57568359375,0.8950667798046724,1.0697915417387287,1.0332057786990378,0,water
748,SeaLake_1870.jpg,29.713134765625,49.12890625,74.14990234375,1.0766445167426324,0.7787361900611384,0.8043400282767587,0,water
749,SeaLake_1694.jpg,60.334228515625,85.123291015625,88.843505859375,1.9353214290443097,1.8473705207919595,1.6775376689734995,0,water
750,SeaLake_452.jpg,31.57421875,53.693115234375,76.51513671875,1.3967943821115683,1.4524734636138068,1.4000786043988684,0,water
751,SeaLake_446.jpg,62.31982421875,86.924072265625,90.46533203125,1.7728027686691354,1.7083053722264294,1.6125633730004998,0,water
752,SeaLake_320.jpg,53.84326171875,81.874755859375,89.705078125,17.60052998541353,8.65064616890635,5.928400395038824,165,water
753,SeaLake_1680.jpg,35.52978515625,61.18603515625,84.04638671875,1.064607997441858,1.4214663914032712,1.1937731635757307,0,water
754,SeaLake_1858.jpg,33.802001953125,56.24658203125,78.377685546875,2.7468209423001504,2.3974551198853806,2.324122002134727,0,water
755,SeaLake_877.jpg,76.64599609375,91.760498046875,102.05078125,2.4563918502266167,1.2778201600085632,1.413819687371214,0,water
756,SeaLake_2606.jpg,23.156005859375,43.26416015625,72.28515625,0.7643982927542864,0.9196449073419455,1.091173024472259,0,water
757,SeaLake_2160.jpg,44.777587890625,81.755615234375,92.83349609375,1.7720694453740697,1.4939960285105893,1.4709461918110707,0,water
758,SeaLake_1469.jpg,23.4853515625,43.866943359375,73.05615234375,0.7956671443064672,0.8575953349398477,1.0151543333608846,0,water
759,SeaLake_863.jpg,36.80224609375,57.238037109375,80.932373046875,1.7428578682189968,1.4694906558686904,1.4941509770053456,0,water
760,SeaLake_2612.jpg,28.726806640625,53.1328125,77.46435546875,1.2142642439017968,2.629634580572698,1.508827855867583,0,water
761,SeaLake_693.jpg,47.36669921875,80.010986328125,84.759765625,20.584591202261418,14.343567074126621,13.154650375725247,247,water
762,SeaLake_2148.jpg,22.77294921875,42.845947265625,71.121337890625,0.7406386426481977,0.7679799122741334,1.1743406424132972,0,water
763,SeaLake_1441.jpg,27.536865234375,46.7548828125,72.322265625,1.455092195788458,1.2291128286866466,1.3214546996372443,0,water
764,SeaLake_1327.jpg,48.81201171875,69.941650390625,84.935546875,10.862884426447824,9.015977766649094,5.710653942494479,85,water
765,SeaLake_687.jpg,25.577880859375,42.947998046875,68.36865234375,6.882473849604734,5.91888371813015,4.252565142734163,34,water
766,SeaLake_678.jpg,26.4189453125,54.766845703125,77.70556640625,5.614292974755083,6.0889872743317275,3.4073576569860493,11,water
767,SeaLake_2809.jpg,32.822509765625,53.11474609375,80.2373046875,1.2542860697729636,1.2020154518429105,1.30197977289992,0,water
768,SeaLake_650.jpg,32.094970703125,52.25830078125,76.31591796875,1.8462679044285375,1.7309734219957393,1.650580075919031,0,water
769,SeaLake_888.jpg,29.56396484375,46.954345703125,72.1796875,0.6944325912311706,0.8469935696638136,0.8148628503274339,0,water
770,SeaLake_136.jpg,49.796630859375,77.40771484375,92.8837890625,2.887269737921355,3.351011253142238,2.698862408359376,0,water
771,SeaLake_885.jpg,31.161865234375,50.64013671875,73.43310546875,6.468328853848243,10.942114668509372,4.649997660933696,28,water
772,SeaLake_891.jpg,40.68408203125,62.947265625,84.108642578125,1.0571097356806785,1.0884480169917898,1.3131187206773625,0,water
773,SeaLake_649.jpg,39.869384765625,52.321533203125,74.18798828125,2.7124172316725472,2.65898484081109,2.1902465471637367,0,water
774,SeaLake_661.jpg,79.772705078125,107.123046875,115.522216796875,2.950246134285212,1.1375154934341485,1.2094979620431838,0,water
775,SeaLake_113.jpg,50.44140625,78.859130859375,86.715576171875,2.671369538263274,3.1355181780041677,1.8954384902627994,0,water
776,SeaLake_675.jpg,62.43115234375,101.288330078125,113.256591796875,3.8820055424327875,4.958629684113689,3.31645261015463,0,water
777,SeaLake_846.jpg,100.38818359375,99.30517578125,108.2705078125,2.331886018610973,2.1309962661366755,1.949451379138876,0,water
778,SeaLake_2637.jpg,37.730224609375,61.75048828125,75.010986328125,3.4801648539240393,2.090424073832011,1.7583857131526432,0,water
779,SeaLake_2151.jpg,31.984619140625,56.032958984375,74.265869140625,1.5121602638410674,1.7337802004504401,1.4369452484135656,0,water
780,SeaLake_852.jpg,40.01513671875,61.344482421875,83.0029296875,2.1490517033090395,1.969675830344713,1.7343021411885393,0,water
781,SeaLake_2623.jpg,78.550048828125,118.629638671875,115.6611328125,1.6311287663159257,1.4156941436992971,1.5174483510109462,0,water
782,SeaLake_1464.jpg,89.675537109375,122.58740234375,120.265869140625,2.263619199309431,2.1766870007093364,2.752904560993411,0,water
783,SeaLake_1470.jpg,88.28125,104.48876953125,114.105224609375,7.111005994231759,3.1062517054839027,2.946944930297626,0,water
784,SeaLake_2179.jpg,22.987060546875,42.705078125,72.3388671875,0.7529749281535382,0.8690835655427414,0.9580625621460427,0,water
785,SeaLake_1316.jpg,36.84521484375,60.803466796875,91.76904296875,1.1800616346846733,1.276553011313838,1.0892221736019638,0,water
786,SeaLake_1699.jpg,26.3896484375,46.80224609375,69.966796875,0.7737327551576245,0.8597753805866194,1.0089303847343654,0,water
787,SeaLake_339.jpg,36.11083984375,63.938232421875,83.80419921875,1.1796283833425998,1.558539731420913,1.4300902586242203,0,water
788,SeaLake_2384.jpg,97.805419921875,108.835693359375,115.458251953125,5.049943912071883,1.1165504773504542,1.2504746251252452,0,water
789,SeaLake_1855.jpg,35.201171875,56.322509765625,83.833740234375,1.366471631779813,1.6682177141193255,1.4325472678796047,0,water
790,SeaLake_2435.jpg,95.067138671875,99.46484375,108.7841796875,5.27024873185449,5.53965061008688,5.037244459916791,0,water
791,SeaLake_1128.jpg,30.487548828125,56.137939453125,79.417236328125,0.9598081511786296,1.8685477660864267,1.123256365269197,0,water
792,SeaLake_1896.jpg,82.852783203125,117.61669921875,101.801513671875,1.6719646786319575,1.6468051584334862,1.440522520015725,0,water
793,SeaLake_2347.jpg,43.1552734375,67.603515625,94.78173828125,1.103444324991947,1.0838963928258363,1.2891215917741414,0,water
794,SeaLake_1666.jpg,36.879150390625,75.54443359375,93.185302734375,5.683660694265528,8.521914436072828,5.086372034639046,41,water
795,SeaLake_1114.jpg,86.1826171875,117.592529296875,114.640625,6.526527193908686,7.147868512131418,5.419037441914846,0,water
796,SeaLake_1672.jpg,65.407470703125,96.168701171875,90.683349609375,1.356492219557421,1.174104908635937,1.2686407399228652,0,water
797,SeaLake_1935.jpg,99.4453125,98.409423828125,108.67333984375,1.880184888473405,1.8232705472141184,1.727882605551872,0,water
798,SeaLake_2596.jpg,91.97021484375,125.6982421875,126.619873046875,1.4887572000555238,1.3892221983344546,1.262935252747703,0,water
799,SeaLake_271.jpg,68.333740234375,103.763427734375,114.316650390625,14.503087436485181,7.294377943235602,5.376006093234273,39,water
800,SeaLake_1048.jpg,65.150146484375,107.419921875,104.0458984375,11.343089898925461,6.336004630790328,6.632170557380522,61,water
801,SeaLake_1074.jpg,65.31005859375,94.587890625,92.300537109375,2.9520180459207515,7.35886674490625,1.970177980288461,0,water
802,SeaLake_1060.jpg,69.237060546875,104.707763671875,107.670654296875,2.94110542572692,6.189614401895244,2.2658250260022506,0,water
803,SeaLake_2958.jpg,95.843017578125,109.977783203125,115.670654296875,1.8720067450725864,1.0372668073170062,1.1749659908729697,0,water
804,SeaLake_729.jpg,100.405029296875,125.744873046875,127.8017578125,3.534396289049651,2.743706947892605,2.750578212639156,0,water
805,SeaLake_2780.jpg,44.160888671875,72.404541015625,89.4951171875,2.495551430974184,3.713845095692885,2.9310060509391804,0,water
806,SeaLake_75.jpg,26.218017578125,52.190185546875,74.610595703125,0.6728391161737771,1.078333931180345,0.774328739425502,0,water
807,SeaLake_2794.jpg,38.374267578125,61.156982421875,89.800537109375,7.9773123087033175,4.737134620194708,3.0744361945954446,41,water
808,SeaLake_715.jpg,54.66259765625,83.630615234375,90.281494140625,1.0955019407477136,1.1877179949588892,1.1893937670800165,0,water
809,SeaLake_701.jpg,30.5185546875,47.976806640625,76.09814453125,0.9932130334534366,0.7649545263974207,1.0177316970772394,0,water
810,SeaLake_932.jpg,27.045654296875,48.900146484375,71.961669921875,0.853597431932553,0.8515495859269311,0.8647533655533995,0,water
811,SeaLake_9.jpg,26.814453125,48.29248046875,71.509521484375,0.8773662723901201,0.9387502598666913,0.8743899466687026,0,water
812,SeaLake_2031.jpg,87.23779296875,117.778076171875,118.244873046875,1.7717943687863615,1.310943202482604,1.2874651404170732,0,water
813,SeaLake_1538.jpg,38.807861328125,62.3544921875,83.61962890625,2.3449885719647146,3.7610928815972446,1.5766067755751365,0,water
814,SeaLake_2757.jpg,23.33251953125,42.86083984375,71.834228515625,0.7426574825161868,0.8798246883115269,1.143344485202561,0,water
815,SeaLake_926.jpg,51.396240234375,75.32177734375,85.559326171875,2.8964848585893637,2.417884689620081,1.8914373087233576,0,water
816,SeaLake_1510.jpg,39.74267578125,61.885498046875,82.306640625,0.8186039160941646,0.8582803516949228,1.1315843962558025,0,water
817,SeaLake_1504.jpg,37.836669921875,65.013916015625,86.5908203125,1.4600584067785376,1.6528714647195422,1.3110310645012964,0,water
818,SeaLake_1262.jpg,54.35498046875,72.1650390625,82.059326171875,1.3475471784156687,1.1636622207922371,1.2307684397179097,0,water
819,SeaLake_1505.jpg,58.935302734375,105.053955078125,115.6533203125,44.63562290191485,17.851294622769508,8.987780806143133,173,water
820,SeaLake_1263.jpg,32.155517578125,47.09619140625,70.993896484375,24.77261797614998,16.870442820606804,12.212522863856673,63,water
821,SeaLake_1277.jpg,25.9287109375,51.052734375,73.4833984375,0.7932182633537072,1.2357201309128858,0.8490676029460543,0,water
822,SeaLake_1511.jpg,29.737548828125,44.919189453125,72.949951171875,2.173215918692029,2.0511198654366263,1.4858331645673797,0,water
823,SeaLake_2018.jpg,37.934326171875,54.74755859375,71.29052734375,1.4989688627267772,1.5614821361163638,1.5071665116315347,0,water
824,SeaLake_927.jpg,63.100341796875,90.181884765625,90.10107421875,1.7296359467167928,1.5296145483122665,1.4252325805124149,0,water
825,SeaLake_2756.jpg,39.541748046875,58.7568359375,84.315673828125,3.672867588047808,2.759297519516244,2.4705706172586743,0,water
826,SeaLake_933.jpg,52.162841796875,72.430419921875,89.0244140625,2.101686481094533,1.5974352061126358,1.5391662872484722,0,water
827,SeaLake_2742.jpg,22.931884765625,42.83837890625,71.783935546875,0.7622687677066659,0.8404168590973492,1.1524200672805012,0,water
828,SeaLake_8.jpg,31.125732421875,51.320068359375,76.4541015625,1.9823592002244312,1.656205068734544,1.6062143640980984,0,water
829,SeaLake_700.jpg,26.677978515625,53.58935546875,74.75439453125,0.8116362088250633,0.8824039290225695,0.8502241344022721,0,water
830,SeaLake_48.jpg,94.3662109375,122.244873046875,118.336669921875,7.3550890451275555,7.698058557213575,5.99830567259036,50,water
831,SeaLake_714.jpg,31.502197265625,54.13134765625,78.28515625,1.1151894528616082,0.7014450348727488,0.8582289944041378,0,water
832,SeaLake_2795.jpg,25.75537109375,50.158203125,79.829833984375,0.7370102047983655,1.0497261053437865,1.0383743359219315,0,water
833,SeaLake_74.jpg,30.361083984375,51.863037109375,76.28369140625,0.7303675209118179,0.7750006014298597,0.7781737224231473,0,water
834,SeaLake_728.jpg,40.595703125,68.865478515625,88.82421875,2.385998606320891,2.116301051863025,1.5407420642010257,0,water
835,SeaLake_2568.jpg,23.59765625,43.427490234375,72.944091796875,0.779519567962176,0.8674991837973149,0.9780547375777767,0,water
836,SeaLake_1061.jpg,39.180419921875,63.990234375,84.61474609375,5.257659722839204,6.372770929514755,3.260876831309198,0,water
837,SeaLake_1707.jpg,30.331787109375,59.82177734375,80.22216796875,1.515874763437792,1.0130854621152128,1.0788977244908338,0,water
838,SeaLake_1713.jpg,44.7568359375,71.342529296875,90.798095703125,1.3977004511727453,1.538918251210024,1.3326233697216974,0,water
839,SeaLake_1075.jpg,47.597412109375,70.97119140625,85.118896484375,1.3220571469104931,2.2768901288108188,1.3332710425409626,0,water
840,SeaLake_2232.jpg,27.706787109375,51.631591796875,76.430419921875,4.9993371464521505,4.2067268495227035,2.334155867273674,6,water
841,SeaLake_2226.jpg,26.92578125,53.325439453125,74.724365234375,1.0120655776175957,2.6999705767794397,0.9987551271977788,0,water
842,SeaLake_1049.jpg,85.572509765625,132.6552734375,129.99853515625,1.2934314787181451,1.5491024125624921,1.2778146791427887,0,water
843,SeaLake_502.jpg,43.518310546875,71.054931640625,77.027099609375,7.892877566918997,6.381710629739745,4.619348107611801,37,water
844,SeaLake_264.jpg,51.980712890625,91.164306640625,91.273681640625,8.036225907447909,4.999424323081762,4.526511608729155,21,water
845,SeaLake_1920.jpg,31.28125,49.19384765625,77.005859375,1.6485670861387474,2.0260802578294825,1.3621433176155178,0,water
846,SeaLake_258.jpg,39.93115234375,70.521240234375,84.46875,2.511136570405696,3.851432620135486,1.1684324434899949,0,water
847,SeaLake_1934.jpg,35.06787109375,56.572509765625,75.7080078125,1.7686735183840965,1.5791661633244956,1.6117834938939426,0,water
848,SeaLake_1667.jpg,78.868896484375,119.87548828125,122.093505859375,1.4397568401698133,2.0882915686378474,1.5051334080863206,0,water
849,SeaLake_1101.jpg,29.591796875,57.54052734375,77.97216796875,1.3606750585610932,1.1917350940576388,1.2455807769014817,0,water
850,SeaLake_2408.jpg,101.861572265625,100.8388671875,109.330322265625,2.094013012550496,1.941631956431455,1.806433407008785,0,water
851,SeaLake_489.jpg,23.397705078125,44.073486328125,73.508544921875,0.7919792051932851,0.8289913827680628,1.0413451111711958,0,water
852,SeaLake_2346.jpg,25.568115234375,49.70166015625,79.677490234375,0.7710262048698726,0.9374256104519577,0.9793977092843885,0,water
853,SeaLake_476.jpg,51.634765625,78.1357421875,93.845703125,3.861544474212146,3.6719922635447797,2.5575640521041176,0,water
854,SeaLake_1868.jpg,78.99365234375,108.328369140625,116.3115234375,3.889019339886359,1.2935144246819201,1.3390630555123921,0,water
855,SeaLake_462.jpg,25.543212890625,49.760498046875,79.717529296875,0.7813048915652786,0.9760371817068806,0.9677642914217636,0,water
856,SeaLake_2385.jpg,41.471923828125,60.810546875,80.90234375,25.76672304380347,19.318661691345955,15.565738693339803,92,water
857,SeaLake_338.jpg,55.080810546875,82.2392578125,89.416015625,1.4448057987628522,1.5432823924699313,1.7208161852754231,0,water
858,SeaLake_1698.jpg,40.4951171875,68.21533203125,88.2529296875,1.732184874484271,1.5682765991105487,1.5592125450627803,0,water
859,SeaLake_1840.jpg,42.001953125,70.956298828125,88.03857421875,3.1463328253385296,3.543300011740715,2.429569695367438,0,water
860,SeaLake_1303.jpg,29.303466796875,48.238525390625,75.47998046875,1.1404955803594452,0.8046436112666223,1.0174692868182953,0,water
861,SeaLake_2144.jpg,39.61181640625,102.348876953125,110.20361328125,18.66076937046121,10.36631854913803,9.5065533847288,102,water
862,SeaLake_853.jpg,62.040283203125,87.1318359375,89.84912109375,1.4454901302572045,1.6274627217185333,1.3732905598957577,0,water
863,SeaLake_2636.jpg,58.655517578125,83.071044921875,88.04931640625,23.779920171131653,16.67055206448487,17.458307185035856,128,water
864,SeaLake_847.jpg,29.068603515625,46.03271484375,68.183837890625,1.3905128476640878,2.6985427296966065,1.376115498185218,0,water
865,SeaLake_2150.jpg,45.637939453125,68.953857421875,86.30908203125,1.375715741358503,2.0083005883355654,1.3955060186034218,0,water
866,SeaLake_674.jpg,22.9150390625,40.039306640625,66.02685546875,0.7099381014209063,0.695035343437855,0.7898040912455555,0,water
867,SeaLake_660.jpg,79.4873046875,106.5439453125,103.22021484375,3.7549882137352344,4.7870698302311485,2.9569405827801414,0,water
868,SeaLake_2839.jpg,70.975830078125,115.0302734375,107.3173828125,14.686557542715773,4.619143412228282,5.770374109975851,91,water
869,SeaLake_648.jpg,25.2080078125,42.558837890625,67.213623046875,4.8922665312142355,5.722843055149844,3.091305846154476,0,water
870,SeaLake_890.jpg,67.543701171875,103.866455078125,113.55126953125,4.293554896012948,2.0156825892774886,1.649102605635988,0,water
871,SeaLake_884.jpg,33.83251953125,55.81396484375,78.306396484375,1.6401865782091012,1.4848059580763535,1.6766485890721528,0,water
872,SeaLake_892.jpg,40.96630859375,64.390380859375,82.735107421875,1.0420071744690136,1.0155986782477793,1.1065756442418615,0,water
873,SeaLake_138.jpg,47.465576171875,70.688232421875,87.56298828125,1.1702224014294123,1.1814063226109264,1.301455486244217,0,water
874,SeaLake_2191.jpg,25.90771484375,50.70849609375,79.727783203125,0.7230030774041789,1.0684512027420772,1.1342370645610709,0,water
875,SeaLake_1498.jpg,81.5400390625,114.66845703125,102.10791015625,2.0310957629994015,2.3191292568273196,1.8384659258953102,0,water
876,SeaLake_886.jpg,90.725341796875,125.143310546875,125.7900390625,5.24883751828261,5.87676329732442,4.803396259260121,21,water
877,SeaLake_676.jpg,59.36376953125,84.5029296875,87.553955078125,1.618525518221494,1.4650855920154127,1.505529840137526,0,water
878,SeaLake_2807.jpg,37.423828125,57.67919921875,81.265625,2.0007465876414696,1.8049727705700687,1.6673419855791434,0,water
879,SeaLake_662.jpg,34.79833984375,58.786865234375,83.34423828125,1.7250897784988541,3.8436526076841253,1.8590876894251238,0,water
880,SeaLake_2813.jpg,42.17333984375,68.985595703125,86.439697265625,3.7302516694344803,3.862952230885924,3.44059183484134,0,water
881,SeaLake_1329.jpg,50.911376953125,78.00927734375,84.737060546875,1.088248421748266,1.0946031785048609,1.1340579585564954,0,water
882,SeaLake_689.jpg,45.666259765625,74.31298828125,90.916015625,2.9083819926781147,2.4205515044716917,1.7541182969674136,0,water
883,SeaLake_851.jpg,81.476806640625,113.38330078125,102.674560546875,2.79245446011764,2.6476062381598853,2.6298870620664876,0,water
884,SeaLake_2146.jpg,69.51904296875,105.114013671875,114.607177734375,6.748670923992456,2.6089424985519667,1.721372216649915,0,water
885,SeaLake_845.jpg,42.435791015625,71.75048828125,85.376953125,11.44660149564383,9.153196470138528,6.889083309233002,84,water
886,SeaLake_1473.jpg,45.99072265625,85.679443359375,85.75048828125,0.8381829452112136,0.9135093319316528,0.8734639172320863,0,water
887,SeaLake_1301.jpg,99.842529296875,106.964599609375,114.47607421875,1.4607019693566234,1.0198071278279033,1.1816937899648865,0,water
888,SeaLake_879.jpg,45.270263671875,69.48828125,91.715576171875,4.223140600553058,3.8989756486029044,3.3099801087574106,12,water
889,SeaLake_1856.jpg,23.322509765625,43.954833984375,73.2451171875,0.8392479135818615,0.895497129619946,1.1612962458572273,0,water
890,SeaLake_312.jpg,34.274658203125,55.7744140625,83.24365234375,1.2741811020538432,1.5775492911640656,1.3470920432120188,0,water
891,SeaLake_460.jpg,37.589599609375,72.533203125,85.047119140625,6.981300304474077,5.711177627796236,4.364717436697565,42,water
892,SeaLake_306.jpg,31.091796875,53.620849609375,77.73876953125,1.0856265713818147,0.7136673967359795,0.8368472558936041,0,water
893,SeaLake_1895.jpg,43.313232421875,66.121826171875,86.6279296875,3.7133996043735076,5.70802890065575,3.419447085430063,0,water
894,SeaLake_2344.jpg,87.807861328125,121.7412109375,119.20703125,3.1640446320959366,2.1823423344838386,3.3340410117113795,0,water
895,SeaLake_1659.jpg,22.839111328125,42.37109375,71.833740234375,0.7020781034808724,0.7542097834561267,0.965945676375913,0,water
896,SeaLake_1881.jpg,40.962158203125,61.5712890625,90.840087890625,14.975151411431014,10.26634062852085,5.92169478552384,39,water
897,SeaLake_2378.jpg,23.026611328125,43.568359375,72.849609375,0.7793883076428743,0.8878602062541205,0.9477769238655842,0,water
898,SeaLake_1117.jpg,95.999755859375,99.44189453125,111.2783203125,8.755453096486232,6.406215146597977,5.678536782583159,57,water
899,SeaLake_1665.jpg,23.30712890625,43.31494140625,72.5576171875,0.794824542710955,0.9529617670081378,1.0296391708771524,0,water
900,SeaLake_2581.jpg,26.35791015625,54.30224609375,73.940673828125,1.1978683572509545,2.666241289027095,1.046593215368635,0,water
901,SeaLake_1088.jpg,83.748291015625,116.0087890625,103.827392578125,1.7740732641466377,1.992030238508033,1.7674193421592583,0,water
902,SeaLake_272.jpg,23.1728515625,43.646728515625,72.982421875,0.7771173655512458,0.8852381170919404,0.969346385855688,0,water
903,SeaLake_2230.jpg,35.945068359375,62.1552734375,84.421875,1.7382867191528693,2.1367578032165775,1.6523391326767638,0,water
904,SeaLake_1705.jpg,23.45751953125,43.410400390625,72.88330078125,0.7863285555509099,0.8754347334323944,0.9450500376134269,0,water
905,SeaLake_1063.jpg,27.4033203125,48.78759765625,72.01123046875,0.8824618833269244,0.996969279551535,0.9075264984129419,0,water
906,SeaLake_76.jpg,44.1328125,63.5400390625,95.15576171875,7.085756612906186,7.370685867320905,4.077455165997788,0,water
907,SeaLake_2783.jpg,31.484130859375,58.62451171875,75.829833984375,0.7530809935696319,0.7584966343985455,1.0296382157104078,0,water
908,SeaLake_702.jpg,30.738525390625,54.37109375,73.540283203125,1.2524351956397548,1.4652499436822843,1.3323785994588737,0,water
909,SeaLake_716.jpg,37.46044921875,56.18603515625,71.35498046875,6.166385865476837,5.229177485096393,4.072999005408181,12,water
910,SeaLake_925.jpg,37.341064453125,59.39111328125,84.4111328125,4.350392093471523,4.535812264769107,4.975664713556958,0,water
911,SeaLake_931.jpg,24.969970703125,45.2333984375,68.532958984375,0.48141900352415784,0.6478010984264835,0.9704559748381008,0,water
912,SeaLake_1249.jpg,67.93115234375,103.33984375,113.345947265625,2.6695706876722487,1.4158472421437058,1.30586050605782,0,water
913,SeaLake_919.jpg,36.55322265625,71.83740234375,83.636474609375,2.214476378314227,4.169320084969732,3.420330369605536,0,water
914,SeaLake_89.jpg,36.578857421875,63.34814453125,75.747802734375,0.8131801619353661,0.8523213216626214,0.7382676461394426,0,water
915,SeaLake_1507.jpg,37.820068359375,60.920166015625,80.027587890625,1.001755098103821,0.9389174554047934,1.1619246905096143,0,water
916,SeaLake_1513.jpg,23.7578125,40.857177734375,66.77978515625,0.625341703465993,0.6748569319246428,0.7852034673205176,0,water
917,SeaLake_1275.jpg,77.907470703125,115.875244140625,110.10986328125,22.45289084883826,10.796154210698207,9.672298576188236,111,water
918,SeaLake_1274.jpg,96.74365234375,97.221923828125,106.659423828125,1.8957726255764777,1.917695610657579,1.7604248810375211,0,water
919,SeaLake_1260.jpg,37.625732421875,61.189208984375,88.97021484375,4.3257057713845315,3.5997356075976996,1.8514383008804705,0,water
920,SeaLake_88.jpg,50.399169921875,78.929443359375,88.75146484375,1.5371662793417329,1.7501819890624846,1.2029211689083321,0,water
921,SeaLake_918.jpg,98.917724609375,129.718994140625,129.053955078125,3.629955973489555,2.151577946559668,2.186555372365293,0,water
922,SeaLake_1506.jpg,22.994140625,39.87646484375,65.076416015625,1.061334307122223,1.0485633785901012,1.0573267656836272,0,water
923,SeaLake_2999.jpg,41.62841796875,63.773681640625,84.487060546875,1.0150782360498742,1.0517845327512705,1.2781320874826771,0,water
924,SeaLake_930.jpg,29.55810546875,53.55859375,77.410400390625,1.7296649797002144,4.455397925966988,1.6105969983983726,0,water
925,SeaLake_924.jpg,53.65234375,82.7939453125,88.864013671875,1.9251710493709222,2.1254646690804524,1.750924394195272,0,water
926,SeaLake_2755.jpg,43.0,67.068359375,88.60107421875,26.97629891451012,21.437584612709976,13.960254646085582,198,water
927,SeaLake_717.jpg,29.61376953125,47.01318359375,75.34619140625,1.0201800974627742,0.7764364343626817,1.147038964132713,0,water
928,SeaLake_703.jpg,24.041015625,40.619384765625,65.831298828125,1.3850052684036473,1.3590715223036143,1.0796442522808158,0,water
929,SeaLake_2972.jpg,96.563232421875,126.1630859375,121.1689453125,4.536301677669137,3.3638073446601764,3.4753277246734986,0,water
930,SeaLake_63.jpg,83.7021484375,113.896484375,102.0947265625,11.682763715853639,8.364208727690913,7.143705675950468,66,water
931,SeaLake_77.jpg,63.166259765625,87.9521484375,90.446044921875,1.154113006147717,1.1476263178693267,1.2958463472937387,0,water
932,SeaLake_1076.jpg,31.2548828125,46.82177734375,70.708251953125,13.466428729274963,9.03324882537004,5.83221541035391,49,water
933,SeaLake_2219.jpg,98.06787109375,126.249755859375,128.37451171875,2.5094125462213617,1.4878659407294916,1.6245115719867682,0,water
934,SeaLake_1704.jpg,82.782470703125,108.823974609375,117.395263671875,3.2124932133198456,2.0156907507056525,1.8806599543965656,0,water
935,SeaLake_2225.jpg,70.16748046875,120.569091796875,99.14990234375,4.032373523135881,2.700569918758739,2.737005875466521,0,water
936,SeaLake_2231.jpg,23.065673828125,44.9658203125,73.020263671875,0.9628517189445154,1.3228032020910754,1.204576854844531,0,water
937,SeaLake_501.jpg,43.905517578125,70.966552734375,92.53173828125,1.1399222260012454,1.3015182057110115,1.0872433721358323,0,water
938,SeaLake_1089.jpg,47.6875,74.293212890625,84.948486328125,1.9546868754995006,1.9149934801184916,1.459422728679033,0,water
939,SeaLake_529.jpg,76.923583984375,118.308837890625,119.802001953125,1.292923364678278,1.862610110285913,1.450554142494752,0,water
940,SeaLake_2594.jpg,38.76123046875,60.512451171875,80.586669921875,0.9156947763565408,1.0598962800995857,1.1589108085362658,0,water
941,SeaLake_1102.jpg,43.841552734375,69.588623046875,87.509765625,13.079741235672094,9.671506831567799,6.475155519952271,102,water
942,SeaLake_2379.jpg,79.499755859375,90.9970703125,102.023681640625,5.083914962570219,2.5884718907940942,2.33930322329584,0,water
943,SeaLake_2437.jpg,76.066162109375,121.046630859375,92.619140625,3.471039154152262,2.6258412670664137,2.2710527319889797,0,water
944,SeaLake_2351.jpg,82.672607421875,114.560546875,103.627685546875,2.3197714306400243,3.1599214558557835,2.056170475938032,0,water
945,SeaLake_2345.jpg,30.348388671875,48.134033203125,76.220458984375,1.374098547297163,1.760668913321029,1.3691214479852922,0,water
946,SeaLake_461.jpg,29.936279296875,53.879638671875,77.1162109375,1.0388414821897785,0.9094316274833343,0.8392070397139022,0,water
947,SeaLake_307.jpg,36.1962890625,62.029541015625,84.7646484375,1.2568351787099497,1.7306001669278908,1.157845298724665,0,water
948,SeaLake_475.jpg,100.1298828125,99.236328125,107.865478515625,1.8397004219483915,1.8576826841078065,1.713121370369463,0,water
949,SeaLake_2392.jpg,30.941650390625,51.084228515625,71.720947265625,15.239246452251528,12.145178332533064,8.499713384480257,140,water
950,SeaLake_1843.jpg,31.8974609375,49.349365234375,76.33544921875,1.3299558698173488,1.5918384944412864,1.3916861096849442,0,water
951,SeaLake_2386.jpg,75.353515625,109.31884765625,112.742919921875,1.5471203542002991,1.2342350554508983,1.4159642493037188,0,water
952,SeaLake_449.jpg,51.937255859375,80.046630859375,94.712158203125,1.7804874159741289,2.1153326460816864,1.6252730030203453,0,water
953,SeaLake_878.jpg,30.0068359375,50.63232421875,75.770263671875,1.0283824470781753,1.1068722068884926,1.1753924414486603,0,water
954,SeaLake_2635.jpg,23.105224609375,43.098388671875,72.458740234375,0.777435719019186,0.9308815028625682,0.953640626358048,0,water
955,SeaLake_844.jpg,95.056396484375,125.10888671875,127.19580078125,0.9398372443807175,0.9311551602605542,0.9686199223957195,0,water
956,SeaLake_850.jpg,102.273681640625,127.478271484375,141.23095703125,15.469446029802095,17.579521237340586,6.839744737083847,62,water
957,SeaLake_688.jpg,44.549560546875,70.3857421875,89.3896484375,2.8404831514098885,3.854549340848125,2.1781116107545566,0,water
958,SeaLake_1328.jpg,78.4443359375,111.72900390625,114.571044921875,1.49701106781012,1.0998928321305859,1.300289737068541,0,water
959,SeaLake_663.jpg,23.24609375,43.107666015625,72.45068359375,0.7673668801238019,0.931952242448312,1.0514171618936914,0,water
960,SeaLake_2806.jpg,25.604736328125,49.93359375,79.896240234375,0.7556861462081281,0.9682379569150021,0.9422927101821625,0,water
961,SeaLake_677.jpg,39.078125,61.760009765625,80.58251953125,2.9900959563406992,3.663024226548281,2.21457068965122,0,water
962,SeaLake_111.jpg,30.238525390625,53.66796875,73.158447265625,1.208082389534005,1.3611193459882338,1.2865902167710435,0,water
963,SeaLake_2190.jpg,45.723876953125,72.408203125,90.055419921875,3.1562772598600186,3.788457889100819,2.1044746132667815,0,water
964,SeaLake_887.jpg,27.77587890625,49.85107421875,71.947265625,0.8074144987776128,0.7826792041948458,1.1450693994004728,0,water
965,SeaLake_893.jpg,26.769775390625,48.448486328125,71.639404296875,0.8288467069447333,0.9305905035835874,0.8461193795870574,0,water
966,SeaLake_2802.jpg,63.838134765625,103.44580078125,114.922119140625,4.097019309696468,1.7786417151683163,1.5155570221433476,0,water
967,SeaLake_673.jpg,24.25146484375,50.50341796875,74.368408203125,0.818337087396012,0.8983970301262265,1.2424647903442612,0,water
968,SeaLake_667.jpg,34.48876953125,64.260986328125,83.205078125,2.2881682019295817,3.9896718962411972,1.8506052625145333,0,water
969,SeaLake_101.jpg,92.26513671875,123.99609375,125.0439453125,1.3712717141837658,1.150103755085139,1.2608987606105724,0,water
970,SeaLake_1489.jpg,44.47119140625,74.521240234375,88.7646484375,12.91741156839969,8.552117223746041,6.802980754200971,44,water
971,SeaLake_129.jpg,46.5185546875,67.095947265625,79.689208984375,17.87986569104538,10.094587967400853,8.718069012343374,102,water
972,SeaLake_897.jpg,95.238525390625,125.759765625,127.38232421875,1.1558234742607503,0.9669349648856221,1.155117717705517,0,water
973,SeaLake_883.jpg,23.187255859375,43.130126953125,72.676025390625,0.7811522994939785,0.9201045411774708,0.9456786085162951,0,water
974,SeaLake_2194.jpg,40.496826171875,67.911865234375,86.32421875,5.944731589972338,8.357595946051905,5.329738518060566,0,water
975,SeaLake_2619.jpg,37.181640625,60.9775390625,92.219970703125,1.2773243380596837,1.3197283835269367,1.107371253415806,0,water
976,SeaLake_868.jpg,24.4541015625,50.382080078125,74.376953125,1.1576607835134862,3.7601764484229983,1.9364906881528592,0,water
977,SeaLake_1310.jpg,23.80078125,43.4990234375,71.59912109375,0.7508844882193515,0.7868542884967227,1.163591225484192,0,water
978,SeaLake_854.jpg,82.744873046875,115.732666015625,103.594482421875,1.8996037013451395,1.8729330591142832,1.8211964928877484,0,water
979,SeaLake_698.jpg,96.880859375,103.610107421875,104.915771484375,21.21118847327925,14.167579123853448,10.93484277054456,83,water
980,SeaLake_840.jpg,26.30615234375,51.576416015625,77.310546875,0.7711986157381131,0.7477312343389165,1.0421985539846688,0,water
981,SeaLake_1338.jpg,76.828857421875,117.132568359375,114.17724609375,1.6495315573149028,1.5104628084523037,1.5651009084082619,0,water
982,SeaLake_471.jpg,97.898681640625,97.414306640625,106.687744140625,2.6947102081074616,2.678761302712324,2.444782028916071,0,water
983,SeaLake_317.jpg,36.0625,62.872314453125,84.129638671875,0.8575264208757652,0.9931676333803031,0.9496815185258087,0,water
984,SeaLake_303.jpg,64.091064453125,89.6611328125,91.131591796875,1.7628596263605463,1.7762850448297536,1.6561078964307274,0,water
985,SeaLake_2382.jpg,38.4873046875,60.3779296875,80.289306640625,0.9564924942416053,1.015861131654397,1.207092851468054,0,water
986,SeaLake_1847.jpg,43.47021484375,71.9697265625,80.8466796875,0.9054908203384301,1.2682501799652677,1.086776299670223,0,water
987,SeaLake_459.jpg,58.99267578125,83.900390625,86.78369140625,9.249258050288125,6.354350736693098,5.622663372883877,75,water
988,SeaLake_1674.jpg,38.9248046875,60.81787109375,80.2138671875,1.0706078337692226,1.1821561335154416,1.1716304269524753,0,water
989,SeaLake_1884.jpg,79.568115234375,123.703857421875,122.984375,2.9885440386743576,6.0228199475242885,3.5482513849253974,0,water
990,SeaLake_505.jpg,23.045654296875,42.8095703125,72.42529296875,0.7781913009034792,0.8768764538797084,0.8980147984481166,0,water
991,SeaLake_277.jpg,23.228515625,43.078369140625,72.678466796875,0.7718353631966207,0.9161425992566327,0.8436835580732728,0,water
992,SeaLake_1099.jpg,40.478271484375,85.107421875,91.259521484375,1.602615215158877,6.8577328325964615,4.768086676254197,0,water
993,SeaLake_1933.jpg,47.886962890625,75.172607421875,92.958740234375,18.23755906097439,13.076444472305484,6.884794640446117,62,water
994,SeaLake_1066.jpg,84.180419921875,119.952880859375,120.507080078125,1.489355925783229,1.3887721158317377,1.231285163454731,0,water
995,SeaLake_2209.jpg,23.39013671875,43.99853515625,73.1337890625,0.796194796003455,0.8232449387835847,1.0163078946635076,0,water
996,SeaLake_1700.jpg,80.57666015625,117.86083984375,116.849365234375,1.4048542301405245,1.0951641205374085,1.2711163997683694,0,water
997,SeaLake_1072.jpg,55.950439453125,98.974365234375,105.7607421875,23.07698213153246,15.606616594594305,12.565293604027234,286,water
998,SeaLake_2553.jpg,23.236328125,42.841552734375,72.3759765625,0.7861152220469875,0.8711084954762872,0.9922792887845052,0,water
999,SeaLake_2221.jpg,73.84619140625,112.2802734375,117.073486328125,3.2154526719015237,5.059708096222739,2.7413251232667943,7,water
1000,SeaLake_1728.jpg,40.66796875,78.90087890625,90.968505859375,0.8924648622065955,1.0732176398679831,1.2146301817760388,0,water
1001,SeaLake_707.jpg,42.302734375,70.264892578125,81.4130859375,0.7396105550851471,0.777112725207412,0.8272487394911799,0,water
1002,SeaLake_2976.jpg,23.238037109375,43.978515625,73.104248046875,0.8484984753583205,1.1278294902736226,0.9596963636211965,0,water
1003,SeaLake_713.jpg,30.62841796875,48.447265625,75.987548828125,1.2669218036454042,0.9087531936358515,1.0694128278845074,0,water
1004,SeaLake_2962.jpg,41.111083984375,67.3310546875,80.21435546875,0.887529817268341,0.8971920503071109,0.8961990999588025,0,water
1005,SeaLake_73.jpg,65.33203125,90.875,91.7138671875,1.8563155962210298,1.5785117100452566,1.5405213853143487,0,water
1006,SeaLake_67.jpg,28.705078125,51.02294921875,72.646728515625,2.081572233348265,1.861792203324196,1.4071018394034187,0,water
1007,SeaLake_2786.jpg,30.35546875,51.7802734375,76.489501953125,0.740571843424686,0.7680519718625385,0.9379619413983759,0,water
1008,SeaLake_1502.jpg,88.267822265625,119.697265625,121.798828125,1.6280919333411403,1.5292245353261107,1.3896796624434655,0,water
1009,SeaLake_908.jpg,28.2216796875,46.407470703125,75.720947265625,1.1093436223280424,0.7983949041482029,1.1149773510313272,0,water
1010,SeaLake_2779.jpg,62.523681640625,88.7099609375,99.607666015625,4.2178153733475945,4.3856297650365015,2.869922456109126,0,water
1011,SeaLake_98.jpg,64.66455078125,96.811279296875,92.2216796875,0.9605363458193629,0.9112361346473293,1.0489385962247277,0,water
1012,SeaLake_2037.jpg,86.885009765625,118.484619140625,118.17578125,3.6310173521512374,1.377220420054425,1.5571343417953498,0,water
1013,SeaLake_920.jpg,30.2626953125,48.46142578125,75.910888671875,1.2813776464378202,1.1394370176309998,1.1801245429296006,0,water
1014,SeaLake_2751.jpg,26.904052734375,48.419921875,71.5693359375,1.0840296555418056,1.2209249798396642,1.0291537161770326,0,water
1015,SeaLake_2989.jpg,25.772216796875,50.670166015625,78.592041015625,0.7664979512360846,1.1559748708887716,1.1307686883013335,0,water
1016,SeaLake_934.jpg,41.982177734375,68.30029296875,88.600341796875,1.1692365062180499,1.4419631502466739,1.4460310309775155,0,water
1017,SeaLake_2023.jpg,32.52685546875,57.1142578125,75.1552734375,1.7661811830325387,2.787060614883127,1.7461764936875463,0,water
1018,SeaLake_935.jpg,26.608642578125,47.427734375,69.946533203125,0.766366677229871,0.8418104697278119,1.1067630752590762,0,water
1019,SeaLake_2022.jpg,40.813232421875,59.62451171875,84.6357421875,2.6328066024940613,2.229753690297186,1.938415065145418,0,water
1020,SeaLake_921.jpg,41.908203125,78.864013671875,90.513916015625,5.735449583728396,7.168917139494505,3.3993338181192394,47,water
1021,SeaLake_99.jpg,60.17529296875,85.31396484375,88.17138671875,2.809553128409714,2.2326939267707604,2.0727542513250596,0,water
1022,SeaLake_909.jpg,100.7021484375,101.837158203125,111.21728515625,7.448203647304249,5.260693734177606,4.364737299325518,60,water
1023,SeaLake_1271.jpg,37.188232421875,58.756103515625,77.41455078125,1.4936284602370404,1.3046030485494489,1.2909401829732525,0,water
1024,SeaLake_1517.jpg,73.840087890625,109.066650390625,112.343994140625,1.4656098053882685,1.0482505472474293,1.3452310384616717,0,water
1025,SeaLake_1265.jpg,23.723388671875,46.112548828125,72.78466796875,0.9319627312977293,1.4507806181200138,1.0997688354003077,0,water
1026,SeaLake_66.jpg,60.206298828125,105.239990234375,107.786865234375,2.8084466229820446,3.5899126795480183,2.572338836021992,0,water
1027,SeaLake_2793.jpg,41.845703125,65.22314453125,84.63427734375,1.4569409217141354,1.2036368532174553,1.5422237094388882,0,water
1028,SeaLake_72.jpg,80.5107421875,117.879150390625,116.3173828125,1.8003042917539565,1.233799256884567,1.36012931152872,0,water
1029,SeaLake_712.jpg,60.794189453125,85.790771484375,89.4287109375,5.184145698972012,5.263415039817244,3.285680921752426,0,water
1030,SeaLake_706.jpg,31.804931640625,60.1171875,77.04248046875,0.853694347114789,0.8529232247651309,1.107349427021471,0,water
1031,SeaLake_1729.jpg,64.700439453125,95.140869140625,91.473388671875,3.5327513128057784,7.554872808382982,2.197027208744904,0,water
1032,SeaLake_289.jpg,40.361083984375,78.00927734375,89.457763671875,1.4012895835097308,1.5305839958633254,1.303980264454381,0,water
1033,SeaLake_2546.jpg,79.37890625,107.88623046875,104.273681640625,19.866964383209403,18.68697077662025,13.45973997938704,239,water
1034,SeaLake_1715.jpg,77.78955078125,94.275146484375,104.020751953125,10.52824271757056,4.024792244981233,4.320340361686391,0,water
1035,SeaLake_1073.jpg,23.57666015625,43.257568359375,71.445068359375,0.7593699702343553,0.8360857609263962,1.1708996337680895,0,water
1036,SeaLake_1067.jpg,23.46826171875,44.242919921875,73.621826171875,0.7818550818427261,0.7904605000765338,1.0394100382410605,0,water
1037,SeaLake_1701.jpg,25.462646484375,42.641845703125,68.26708984375,0.7887584364813177,0.8015469123856535,0.7889934547355895,0,water
1038,SeaLake_2585.jpg,44.140625,69.841552734375,97.60009765625,0.751788232732463,0.8816942204590891,1.132889001828183,0,water
1039,SeaLake_538.jpg,24.28515625,44.1396484375,73.50439453125,0.7990071811854619,0.9137781467094782,0.9899298747108771,0,water
1040,SeaLake_2591.jpg,36.95458984375,51.7236328125,73.765625,20.81420996231203,14.139175964635399,9.569403655825425,110,water
1041,SeaLake_1098.jpg,24.160888671875,45.582275390625,72.328369140625,0.885673511875171,2.0842996374915734,1.228063721620421,0,water
1042,SeaLake_1926.jpg,52.86962890625,82.3662109375,93.669189453125,15.032260083622303,9.468088410181084,8.025818197632642,73,water
1043,SeaLake_510.jpg,23.459228515625,49.201416015625,73.075439453125,0.7038522562028618,0.7694153286910456,1.1402706222810448,0,water
1044,SeaLake_504.jpg,82.75390625,116.59912109375,102.4697265625,1.8991888623728124,1.9532972946466198,1.6299688226257376,0,water
1045,SeaLake_2340.jpg,23.0703125,42.55859375,71.905517578125,0.7098205511562412,0.7859138136341272,1.0537826329853963,0,water
1046,SeaLake_1661.jpg,23.65673828125,44.259033203125,72.926025390625,0.836101622825118,1.0500378726759347,1.0958223329047534,0,water
1047,SeaLake_1846.jpg,39.0771484375,66.15869140625,82.900390625,2.2672742431367467,2.140958606870389,1.2375709590411814,0,water
1048,SeaLake_316.jpg,79.763916015625,117.524658203125,115.841064453125,1.5762447638125954,1.0645097629982763,1.3746033659985504,0,water
1049,SeaLake_841.jpg,30.958251953125,49.077880859375,76.96240234375,1.1466941576580578,0.8847332542173441,1.070992024360829,0,water
1050,SeaLake_699.jpg,30.371337890625,48.298583984375,76.595703125,1.1141178400919607,0.8247028032265622,1.1588320383538049,0,water
1051,SeaLake_2156.jpg,37.8583984375,66.30029296875,84.570556640625,2.68776666072365,3.89362458567455,2.2253208780901046,0,water
1052,SeaLake_2142.jpg,23.883056640625,41.01318359375,67.0712890625,0.6996413930172296,0.6410608437237724,0.8613873588971869,0,water
1053,SeaLake_855.jpg,93.171142578125,108.662109375,115.552734375,6.6427942973817675,1.4173485106130777,1.5221837288722275,0,water
1054,SeaLake_2624.jpg,37.86181640625,56.030517578125,76.480712890625,0.801577437412216,0.7021147782238917,1.1020307424985734,0,water
1055,SeaLake_1305.jpg,92.220703125,108.76904296875,114.925048828125,4.745435830813144,1.8140830000212742,1.351719643161837,0,water
1056,SeaLake_869.jpg,47.4951171875,83.443603515625,88.57177734375,7.542229780667789,7.274020223906457,4.140150251702732,26,water
1057,SeaLake_2618.jpg,82.527587890625,126.7568359375,126.421875,1.1222712749334998,1.3154550619304697,1.3555982016714982,0,water
1058,SeaLake_882.jpg,43.267578125,79.94873046875,91.600341796875,1.9747388063416094,1.7024248416348386,1.5714400119953342,0,water
1059,SeaLake_2181.jpg,32.48681640625,60.546630859375,76.969970703125,0.8693017703052461,0.8647690807111161,0.9716823558674887,0,water
1060,SeaLake_896.jpg,33.129150390625,61.7578125,82.14990234375,1.7143893150263185,3.481807840740748,1.6408452204087554,0,water
1061,SeaLake_666.jpg,23.609375,41.213623046875,66.638916015625,2.635257118029472,4.096971532817728,1.8405001010195232,0,water
1062,SeaLake_2817.jpg,23.862060546875,45.71142578125,72.966552734375,0.9612949295853879,1.770313553165887,1.1615606214473744,0,water
1063,SeaLake_114.jpg,84.275634765625,119.54833984375,120.35791015625,1.328199294761088,1.1392788193661048,1.0410640626556564,0,water
1064,SeaLake_672.jpg,41.215576171875,64.144287109375,83.4423828125,0.9873029669228794,0.9977668324529568,1.2425954856487247,0,water
1065,SeaLake_102.jpg,42.469970703125,79.826171875,91.03369140625,6.231502047867688,7.100255730550061,3.585974965284183,0,water
1066,SeaLake_2815.jpg,43.4814453125,63.124267578125,77.823486328125,21.647142463090177,11.753404466511052,9.629708930986242,115,water
1067,SeaLake_664.jpg,51.833984375,82.963623046875,86.515625,3.0419876417000546,2.8527322016194128,2.4217741914503508,0,water
1068,SeaLake_670.jpg,23.826416015625,40.91357421875,67.0498046875,0.6719806942863015,0.6403210546946955,0.8791530686422173,0,water
1069,SeaLake_880.jpg,84.071533203125,108.7548828125,117.11865234375,10.23457825145842,8.129354337177835,8.005465890335342,30,water
1070,SeaLake_2829.jpg,46.286376953125,78.119384765625,86.79248046875,2.1362912240244403,3.9986148984194094,1.6538609242163562,0,water
1071,SeaLake_658.jpg,65.078857421875,94.621337890625,90.320068359375,2.607621466037628,2.8074475046380964,1.6363329557892536,0,water
1072,SeaLake_894.jpg,22.794677734375,39.915283203125,65.675537109375,1.624723832798552,1.5937196130286657,1.2255209369824203,0,water
1073,SeaLake_2168.jpg,28.13818359375,49.508056640625,75.856201171875,0.8674039828236524,0.9408448314104934,0.9963682207923318,0,water
1074,SeaLake_1313.jpg,89.16015625,121.573974609375,106.055908203125,2.6762545201897256,2.7409111921800413,1.9390239106180032,0,water
1075,SeaLake_1475.jpg,38.033935546875,61.871337890625,92.602294921875,1.2467029720560125,1.296516805612706,1.1440593019850795,0,water
1076,SeaLake_2154.jpg,54.36962890625,77.2412109375,88.909423828125,1.4432951999381238,2.025091842640815,1.2340185640676036,0,water
1077,SeaLake_843.jpg,54.193603515625,70.703125,82.305908203125,1.9884598957139268,1.2557485006461286,1.388226251151387,0,water
1078,SeaLake_2626.jpg,23.139892578125,42.650390625,71.5654296875,0.7124111705753502,0.7748738832301095,1.1476096978039407,0,water
1079,SeaLake_857.jpg,23.87646484375,41.17041015625,67.0908203125,0.8690494103733619,0.8186446901109483,0.8131329931735659,0,water
1080,SeaLake_2140.jpg,49.5361328125,68.82763671875,95.04296875,8.745683259177687,6.065727063223892,4.524953532112063,26,water
1081,SeaLake_1449.jpg,51.672119140625,78.705322265625,89.1669921875,0.9151844084284388,0.9334971804931266,1.0009489325454946,0,water
1082,SeaLake_300.jpg,43.0849609375,69.192626953125,80.81787109375,3.2623126739859134,2.752352391147394,2.0552745024103665,10,water
1083,SeaLake_314.jpg,23.18115234375,42.850830078125,72.284912109375,0.7644418410539038,0.8772094284051024,1.0051755191539873,0,water
1084,SeaLake_2381.jpg,38.442626953125,59.962158203125,80.477294921875,1.0010391736801707,1.2397169340354561,1.1351418322955673,0,water
1085,SeaLake_1688.jpg,52.98681640625,78.3095703125,86.2373046875,5.113441808640814,4.0029732859299285,2.9485058055378706,0,water
1086,SeaLake_2424.jpg,62.863525390625,91.830810546875,103.29443359375,1.549690516400272,1.1696595421644127,1.1128810230080572,0,water
1087,SeaLake_512.jpg,80.7646484375,109.658447265625,112.109375,9.967833043321342,14.61348678538137,11.924004560785148,0,water
1088,SeaLake_274.jpg,25.2373046875,49.353759765625,79.286376953125,0.759596778916635,1.008799431923881,1.0067011597757507,0,water
1089,SeaLake_1930.jpg,74.423095703125,109.043701171875,116.287109375,9.89115291771501,19.396051929244564,10.969978111613857,0,water
1090,SeaLake_248.jpg,41.531494140625,64.0576171875,84.2158203125,1.0820735275877942,1.0762440956653792,1.2405123181421467,0,water
1091,SeaLake_2578.jpg,40.6748046875,68.762451171875,88.72216796875,1.4744602961687463,1.4553800538455373,1.5812798870413483,0,water
1092,SeaLake_1703.jpg,53.334228515625,75.071533203125,88.5634765625,23.51757903614269,14.444178318538084,10.272311560136462,125,water
1093,SeaLake_2544.jpg,66.107666015625,96.08935546875,91.1513671875,1.1775403978014671,1.075437762706177,1.0188832763365683,0,water
1094,SeaLake_2222.jpg,66.68994140625,112.765380859375,106.349609375,1.2915199668188535,1.243491945380985,1.3152277620861375,0,water
1095,SeaLake_2236.jpg,34.55419921875,51.60498046875,74.974609375,3.3923874945879766,6.2413388894075466,2.588631969286501,0,water
1096,SeaLake_2550.jpg,45.375244140625,67.57666015625,86.357666015625,1.5656413543821603,1.698598393291871,1.6498268202729454,0,water
1097,SeaLake_1059.jpg,89.13671875,103.15087890625,112.25390625,15.063840687708046,11.172964947224116,6.972811622918759,0,water
1098,SeaLake_710.jpg,25.32666015625,49.434326171875,79.461669921875,0.7776367555412524,0.9581493774717009,0.9775285443970071,0,water
1099,SeaLake_704.jpg,74.65771484375,105.814453125,114.762451171875,2.0896716465897014,1.0810630680851763,1.1332019794067778,0,water
1100,SeaLake_2975.jpg,33.104736328125,56.1162109375,81.493408203125,1.9907052154188707,3.989386664075741,1.9374887866034112,0,water
1101,SeaLake_2785.jpg,97.20556640625,107.44970703125,113.891845703125,2.212188420743464,1.081814300050758,1.2717912716686155,0,water
1102,SeaLake_70.jpg,25.866455078125,50.40673828125,79.765869140625,0.7108861464513148,1.134333464227251,1.0639315385932142,0,water
1103,SeaLake_738.jpg,42.574462890625,69.29296875,91.489013671875,1.2310367060611025,1.2856666919436925,1.1816783300011597,0,water
1104,SeaLake_2949.jpg,25.40576171875,49.7421875,79.75927734375,0.7818160485990588,0.9288336415062441,0.8960426588717438,0,water
1105,SeaLake_1298.jpg,26.537109375,53.510498046875,74.50927734375,0.7016232878383595,0.7410844737692258,0.789278661749413,0,water
1106,SeaLake_1515.jpg,28.371337890625,56.205810546875,77.210693359375,0.9383063027930568,1.0120733221560647,0.8593993790376376,0,water
1107,SeaLake_1267.jpg,54.490478515625,82.694580078125,89.607421875,3.2358325769939484,4.127689691213097,1.7128260392612802,0,water
1108,SeaLake_2008.jpg,35.00244140625,60.0439453125,83.517578125,1.1675938033132596,1.868092082382257,1.4389203559514627,0,water
1109,SeaLake_937.jpg,50.01708984375,78.255126953125,88.524658203125,1.371515801400261,1.5480891962881707,1.1677541631347954,0,water
1110,SeaLake_2746.jpg,72.13427734375,104.635009765625,114.230224609375,2.523142274764831,1.1523731033983233,1.1490377038474973,0,water
1111,SeaLake_923.jpg,40.901123046875,104.332763671875,110.116943359375,13.426930389194164,16.258932664401907,13.468305750820074,208,water
1112,SeaLake_2753.jpg,100.328857421875,109.155029296875,109.829833984375,1.097096337703635,1.002749685981224,1.1807367319819064,0,water
1113,SeaLake_922.jpg,103.283203125,103.17724609375,112.06689453125,5.4347488634471635,4.607476286265657,4.223483192572079,30,water
1114,SeaLake_936.jpg,24.375,41.715087890625,67.520263671875,0.8780638323891948,0.7487795356822247,0.8110440854861974,0,water
1115,SeaLake_1514.jpg,40.288818359375,67.5458984375,85.89794921875,3.40902008496033,3.6128355668968744,2.1521327751317445,0,water
1116,SeaLake_739.jpg,95.818115234375,127.85302734375,128.536865234375,1.9605170023257994,1.1494226706546289,1.300956805871923,0,water
1117,SeaLake_71.jpg,29.5771484375,47.2119140625,70.654541015625,2.621911366225279,3.0703844057161223,1.7619690812382587,0,water
1118,SeaLake_65.jpg,91.92724609375,93.264404296875,102.778076171875,9.59652748037671,6.9875840318502815,5.968203329846038,16,water
1119,SeaLake_2974.jpg,25.95849609375,46.879638671875,69.256103515625,0.8278219280231657,0.9485883149802058,1.108202220336846,0,water
1120,SeaLake_705.jpg,73.071533203125,100.921142578125,107.44140625,3.0163147191938835,2.306872854404904,2.113129615631975,0,water
1121,SeaLake_2960.jpg,91.808837890625,124.14990234375,122.56689453125,1.7199796786050412,1.5482128022620976,1.8609939707556398,0,water
1122,SeaLake_711.jpg,44.126953125,86.69091796875,96.378173828125,4.570358823883824,7.865518569074665,6.6726838052687825,0,water
1123,SeaLake_1058.jpg,23.240234375,42.81005859375,72.03515625,0.763167192572086,0.8621015817128354,1.0584640141903443,0,water
1124,SeaLake_1702.jpg,23.562255859375,44.379638671875,73.578857421875,0.7561797416775196,0.7891262142027637,0.999820424884003,0,water
1125,SeaLake_1070.jpg,23.947265625,43.59228515625,73.18310546875,0.8083743474983354,0.8585388277101468,1.0272972183423075,0,water
1126,SeaLake_2592.jpg,45.812255859375,68.88232421875,90.0205078125,21.587251559011303,13.779454250504887,10.237061638581965,232,water
1127,SeaLake_2586.jpg,36.40283203125,62.893798828125,84.9814453125,0.7685415031727297,0.9746296484908392,0.8604524274018741,0,water
1128,SeaLake_249.jpg,90.274658203125,123.261962890625,123.100341796875,1.3007293553353618,1.0807162946677515,1.579266258243016,0,water
1129,SeaLake_261.jpg,50.00927734375,76.190185546875,87.3525390625,1.3587145900235797,1.7249069734727311,1.1350391471934442,0,water
1130,SeaLake_1919.jpg,77.071044921875,115.668701171875,113.852294921875,1.9127914100734495,1.6169744342004921,1.6944041653398658,0,water
1131,SeaLake_507.jpg,23.052490234375,48.897216796875,73.3095703125,0.6357886419009524,0.6419057836087513,1.0774981016775167,0,water
1132,SeaLake_513.jpg,24.141357421875,43.671142578125,73.206298828125,0.7925979047763457,0.8600890574252926,1.010283730141811,0,water
1133,SeaLake_498.jpg,84.879638671875,106.355712890625,114.431884765625,9.047288713894732,1.6154108838986467,1.2759987518983076,0,water
1134,SeaLake_1138.jpg,93.860107421875,108.343017578125,115.856201171875,4.676571676421793,1.277343540016647,1.2730590398347112,0,water
1135,SeaLake_1886.jpg,64.439453125,89.755615234375,116.2998046875,2.6597855319419526,2.7615334692803226,3.027052499850808,0,water
1136,SeaLake_1676.jpg,96.273681640625,127.427734375,128.14794921875,2.347403552376499,2.2501415632007156,2.036192470929815,0,water
1137,SeaLake_2380.jpg,31.2734375,48.7724609375,76.614990234375,1.0181159357331315,0.8580861917876439,0.9745090410039214,0,water
1138,SeaLake_2394.jpg,41.59765625,58.962890625,74.87451171875,0.8998884343828059,0.8965482003423516,0.9454737754263314,0,water
1139,SeaLake_1845.jpg,23.01708984375,43.28125,71.7314453125,0.8260297359905396,0.8893905919223567,1.3236680587752268,0,water
1140,SeaLake_856.jpg,33.818115234375,61.077392578125,75.215087890625,2.3791850385496582,2.8419665833232743,1.7566494463698465,0,water
1141,SeaLake_1448.jpg,79.28369140625,95.311767578125,104.888427734375,12.291328070982399,5.680173698299646,5.415274518795728,0,water
1142,SeaLake_842.jpg,61.79931640625,97.20947265625,95.857177734375,12.037975373591673,8.60459929449266,7.1043672090529455,158,water
1143,SeaLake_1460.jpg,25.389892578125,49.424072265625,79.52490234375,0.8158496985646564,0.9619705415981715,0.9603288164872263,0,water
1144,SeaLake_895.jpg,35.774658203125,61.397705078125,83.880126953125,1.0268620569269011,1.638848623716842,1.2417837722437446,0,water
1145,SeaLake_2182.jpg,46.520263671875,72.73486328125,111.478759765625,1.7164983913048513,1.7665278059290443,1.8215126207203987,0,water
1146,SeaLake_659.jpg,37.005126953125,60.618408203125,92.29443359375,2.3557449482545123,2.00929067799627,1.4276935451529715,0,water
1147,SeaLake_2828.jpg,23.435546875,42.5966796875,70.3388671875,1.0054762619911692,0.813658255519418,1.2493799579134603,0,water
1148,SeaLake_881.jpg,24.022705078125,41.438720703125,67.62939453125,0.9559242229655747,0.7174953207335262,0.9987077708381931,0,water
1149,SeaLake_671.jpg,97.442138671875,107.771484375,114.3955078125,2.995043385196216,1.0075531855097573,1.2302420271033927,0,water
1150,SeaLake_117.jpg,83.104736328125,115.22119140625,102.94921875,2.7749255741723764,2.673272687512658,2.471489653710579,0,water
1151,SeaLake_665.jpg,90.572998046875,105.562255859375,113.230224609375,7.981426400017884,1.375188619507695,1.3415587323569285,0,water
1152,SeaLake_2814.jpg,66.8125,96.186767578125,91.40869140625,1.160675651829571,1.0829965575366904,1.0174083604715451,0,water
1153,SeaLake_602.jpg,38.084716796875,65.3759765625,86.509765625,1.4256991219055444,1.8206307456347879,1.3484302012222804,0,water
1154,SeaLake_2873.jpg,55.958984375,78.182861328125,119.423583984375,24.467069253892177,16.846953232529952,11.564021033687029,153,water
1155,SeaLake_616.jpg,83.201416015625,117.21875,102.63818359375,1.7229233273058757,1.5436361294035585,1.614281665143458,0,water
1156,SeaLake_2867.jpg,40.224853515625,68.13818359375,88.09716796875,1.260881340922324,1.2458709230567728,1.5203154827531682,0,water
1157,SeaLake_170.jpg,42.678955078125,80.18798828125,104.98828125,13.752333128828115,12.68691548283556,7.309785779326808,59,water
1158,SeaLake_825.jpg,24.3115234375,56.974609375,83.1259765625,1.6359678016049655,1.4560085112773584,1.7755525722857894,0,water
1159,SeaLake_2654.jpg,24.020751953125,43.936279296875,70.416748046875,0.9004713506361531,0.776920644350667,1.2106714510142182,0,water
1160,SeaLake_2898.jpg,92.698974609375,105.818115234375,113.799072265625,9.826470892368942,1.69165401978612,1.4291227090190435,0,water
1161,SeaLake_831.jpg,84.15869140625,107.279296875,114.889892578125,6.263751484739988,1.3904041586406575,1.2588884715386985,0,water
1162,SeaLake_1349.jpg,44.96728515625,72.204345703125,92.183837890625,7.78017713818255,4.964423299134488,3.5478237328460316,53,water
1163,SeaLake_1407.jpg,47.62890625,73.268310546875,117.629638671875,1.3098874202430288,1.2036450488248762,1.4184507071112786,0,water
1164,SeaLake_819.jpg,29.301025390625,59.1845703125,80.20361328125,0.9906589718839002,1.1049057028740743,0.9566005438262141,0,water
1165,SeaLake_1361.jpg,29.844970703125,53.3828125,76.938720703125,1.1257111897531458,0.7358280173340439,0.7793130514430678,0,water
1166,SeaLake_1413.jpg,23.192138671875,43.0654296875,72.52294921875,0.7641546572161365,0.9239205118643337,0.999980807120199,0,water
1167,SeaLake_1188.jpg,23.312744140625,47.99267578125,73.963623046875,1.0931220022850745,2.7778147795649915,1.5530636804092552,0,water
1168,SeaLake_400.jpg,38.165771484375,59.781005859375,80.224365234375,0.957143317687121,0.9897623234882795,1.1461561470754547,0,water
1169,SeaLake_1163.jpg,39.095458984375,62.704345703125,92.05908203125,1.2528946500712235,1.297812410313736,1.2306809984042875,0,water
1170,SeaLake_1605.jpg,35.232177734375,58.580322265625,90.266845703125,0.9065461496997778,0.8879584498414703,0.9096565348243942,0,water
1171,SeaLake_1611.jpg,26.732421875,53.7646484375,74.88134765625,0.8453015790364314,1.0520071373468949,0.95891364122252,0,water
1172,SeaLake_548.jpg,37.17626953125,64.144775390625,85.89990234375,1.5185002847720857,2.232087344705484,1.6349574697719989,0,water
1173,SeaLake_2287.jpg,22.962890625,43.423583984375,72.46875,0.7992243821587961,0.9067996430061052,1.0355025953613057,0,water
1174,SeaLake_1942.jpg,24.455810546875,41.781494140625,67.1953125,0.7606666145444491,0.8404793751447995,0.834402796821625,0,water
1175,SeaLake_2293.jpg,31.639892578125,49.204345703125,71.3857421875,1.1530616463726215,1.2844816947856241,1.0277553647550155,0,water
1176,SeaLake_574.jpg,25.758056640625,44.22314453125,67.576904296875,5.6695121225489356,7.852771920199467,3.7244499104394144,6,water
1177,SeaLake_560.jpg,79.3388671875,111.79541015625,114.734375,2.8640949919627037,1.6543734734286424,2.3135027386789497,0,water
1178,SeaLake_2522.jpg,50.360595703125,70.54833984375,93.031494140625,27.50765341008776,20.52938555027905,17.342208104714672,233,water
1179,SeaLake_2244.jpg,52.348876953125,77.655029296875,117.307373046875,10.211370314492724,7.457456753452242,3.837202799654949,0,water
1180,SeaLake_1759.jpg,63.84130859375,94.344970703125,91.237060546875,1.8235687470129547,3.8885711319661422,1.4499136397524943,0,water
1181,SeaLake_1765.jpg,82.161865234375,113.424560546875,103.91015625,1.925852296458824,2.5925585181750868,1.7654823988320976,0,water
1182,SeaLake_992.jpg,51.231689453125,77.7509765625,87.958984375,1.3279528113549963,1.968625745939457,1.236362065094954,0,water
1183,SeaLake_16.jpg,26.7802734375,52.54931640625,78.528564453125,1.7355884053346098,2.52178196883168,1.144434771849261,0,water
1184,SeaLake_986.jpg,25.32568359375,49.4755859375,79.583740234375,0.7981818459862922,0.9267032715773944,0.9189940550116851,0,water
1185,SeaLake_776.jpg,44.65380859375,76.926513671875,87.682861328125,2.4730530431005007,3.2639753838614816,1.5235005487942435,0,water
1186,SeaLake_762.jpg,44.831298828125,74.376708984375,90.886962890625,2.0245338180018138,1.9014885486024249,1.6155572865977685,0,water
1187,SeaLake_2046.jpg,65.046142578125,88.414306640625,92.52197265625,6.211488361041899,5.7478749816266035,4.123698375988152,0,water
1188,SeaLake_951.jpg,23.468994140625,59.352294921875,84.2451171875,0.9817751202207243,1.3196085797106987,1.6142903051781268,0,water
1189,SeaLake_789.jpg,81.09033203125,107.061767578125,115.126953125,1.503948022831989,1.0139857928825098,1.3054109497789324,0,water
1190,SeaLake_945.jpg,23.260986328125,42.89208984375,72.325439453125,0.7519515000362921,0.9044032518341034,0.9967218251471676,0,water
1191,SeaLake_1215.jpg,60.567138671875,83.4912109375,87.157958984375,14.05765139385804,5.845497808346212,4.464945948007682,21,water
1192,SeaLake_979.jpg,93.047607421875,125.88330078125,125.292724609375,2.088947182256511,1.704501864136012,1.6684415089212008,0,water
1193,SeaLake_978.jpg,22.908203125,42.73974609375,71.887451171875,0.7586551975306268,0.8438323651837586,1.071550947534782,0,water
1194,SeaLake_1566.jpg,39.470703125,68.432373046875,78.4326171875,5.27372069552088,9.57422773655719,4.317122815062086,0,water
1195,SeaLake_1214.jpg,30.495849609375,53.7060546875,73.441162109375,1.0847767451220827,1.166559804836116,1.2651252937463549,0,water
1196,SeaLake_944.jpg,23.308837890625,42.970458984375,70.4775390625,0.8461078265737179,0.7726756881259067,1.2026108472970884,0,water
1197,SeaLake_2047.jpg,78.7294921875,112.177001953125,115.00732421875,1.4797029552840884,1.3508780405591525,1.2181268712944897,0,water
1198,SeaLake_788.jpg,24.434326171875,47.934326171875,73.415283203125,0.9545754512082363,0.7508676199400317,1.134358134288832,0,water
1199,SeaLake_950.jpg,43.617919921875,63.721923828125,85.6279296875,20.33013083804492,15.221286615157089,9.557864542880703,101,water
1200,SeaLake_2721.jpg,65.724609375,116.644775390625,96.12939453125,3.3488337294365795,2.989897875349487,2.597485116469889,0,water
1201,SeaLake_763.jpg,23.017578125,42.5830078125,71.97119140625,0.7065428000280551,0.8064342909152393,0.9858125150991681,0,water
1202,SeaLake_777.jpg,95.622314453125,106.880615234375,113.982666015625,3.206466262617889,1.248106070056413,1.244104190215067,0,water
1203,SeaLake_2906.jpg,37.53369140625,55.992431640625,76.13671875,0.9355905797382194,0.7527237943371864,1.0429541197475742,0,water
1204,SeaLake_987.jpg,94.0390625,126.789306640625,126.00537109375,5.2484128460272395,2.7297358695834064,2.8730411905508646,0,water
1205,SeaLake_1599.jpg,46.432373046875,62.81005859375,77.589599609375,1.4369281585072473,1.4303683134744605,1.125338159176986,0,water
1206,SeaLake_993.jpg,42.966796875,67.282958984375,85.60205078125,11.494261097499493,8.610793476288144,6.156792147238387,72,water
1207,SeaLake_1770.jpg,42.486083984375,65.1904296875,84.41943359375,1.0776954292652097,1.1221170573378931,1.2645069411371217,0,water
1208,SeaLake_2279.jpg,23.30126953125,43.1416015625,72.570556640625,0.8744743675719748,0.9834905617226627,1.0560013958152303,0,water
1209,SeaLake_2537.jpg,22.978515625,42.438232421875,71.90673828125,0.7177488569345544,0.7435222870180638,0.9705595528177526,0,water
1210,SeaLake_207.jpg,90.748046875,120.24853515625,122.683349609375,1.9134076925220966,1.534036941735038,1.476070887353326,0,water
1211,SeaLake_575.jpg,35.565673828125,60.932373046875,83.48779296875,0.8764404633512809,1.3439559556905238,0.8961437633762016,0,water
1212,SeaLake_213.jpg,90.484130859375,125.390869140625,125.618408203125,1.8654030768511731,1.236570289361698,1.4825294465651293,0,water
1213,SeaLake_2292.jpg,26.038330078125,51.358154296875,79.7255859375,0.6141603328821648,0.8771719202955452,1.1173304753081097,0,water
1214,SeaLake_2286.jpg,36.176513671875,62.97021484375,84.5908203125,2.190253881235279,3.0179462492259805,2.168343286552524,0,water
1215,SeaLake_1610.jpg,47.56591796875,68.501220703125,85.393798828125,6.430635792547722,5.674392388497105,3.504454562388044,23,water
1216,SeaLake_1176.jpg,38.63720703125,64.54736328125,81.1015625,2.3930690962288494,1.9079661539422637,1.6949884482921262,0,water
1217,SeaLake_2325.jpg,38.16552734375,61.561767578125,83.43017578125,5.21008291486048,6.29333361959642,2.3018139009759135,0,water
1218,SeaLake_2443.jpg,41.362060546875,85.249755859375,97.5068359375,5.548614696572612,7.867982670772912,7.9051661898222285,23,water
1219,SeaLake_2480.jpg,25.40087890625,49.955078125,79.274169921875,0.7318368431718942,1.0166742626802767,1.0956576196805534,0,water
1220,SeaLake_429.jpg,23.60009765625,40.840087890625,66.514892578125,1.2955527861547196,1.8129213928491874,1.1346258710988353,0,water
1221,SeaLake_2494.jpg,80.08251953125,118.165283203125,116.281005859375,2.3631544851558646,1.6140786294786695,1.8870422054426652,0,water
1222,SeaLake_1823.jpg,24.795654296875,62.242431640625,87.6591796875,1.2969656073849258,1.2873582845303286,1.285455639875372,0,water
1223,SeaLake_1406.jpg,41.66455078125,61.201904296875,86.0419921875,2.4864423775024456,2.928177742091216,2.0300944636122145,0,water
1224,SeaLake_2669.jpg,31.901611328125,60.166015625,77.153076171875,0.9144763172831069,0.8231141702436299,1.1476688797205818,0,water
1225,SeaLake_818.jpg,29.2470703125,53.28173828125,73.809326171875,1.2259368272595257,1.5550505247831325,1.231115528450989,0,water
1226,SeaLake_1348.jpg,61.1083984375,85.53955078125,98.99609375,4.812953283587693,2.7629132527013067,2.698738198901653,0,water
1227,SeaLake_2641.jpg,39.622314453125,66.125732421875,82.27392578125,2.0954237980195636,1.9953710961158195,1.6146496748882022,0,water
1228,SeaLake_830.jpg,70.709228515625,112.19189453125,104.94775390625,9.783704404046013,9.339113226847415,6.331708463316821,81,water
1229,SeaLake_824.jpg,82.390380859375,114.693115234375,115.60546875,2.6630785850700383,1.797978319530658,1.9598283404480703,0,water
1230,SeaLake_617.jpg,23.140625,42.631103515625,71.876708984375,0.7055513690547273,0.8006341194270735,1.0850927511467192,0,water
1231,SeaLake_2696.jpg,97.167236328125,96.76611328125,106.80810546875,1.8652378102215994,1.7785023025828104,1.6708649766292736,0,water
1232,SeaLake_2858.jpg,65.2978515625,97.467041015625,92.337890625,1.1395137024039284,1.2171013024185655,0.9687952830898329,0,water
1233,SeaLake_2694.jpg,42.685546875,79.2705078125,91.197509765625,1.5138507958771017,1.3524678455979886,1.3487565345004848,0,water
1234,SeaLake_2864.jpg,24.49267578125,41.693359375,67.593017578125,0.8951066344685991,0.9055573019415223,0.8908388316130811,0,water
1235,SeaLake_167.jpg,36.74853515625,67.34423828125,80.01318359375,11.097457470400947,12.875991921963607,7.122931581719414,66,water
1236,SeaLake_832.jpg,91.736328125,124.795654296875,126.046875,1.2991540944337527,1.0195791591334875,1.0646806666202782,0,water
1237,SeaLake_2643.jpg,35.02490234375,60.731201171875,83.229248046875,1.5857227349148264,2.0987028924132227,1.5843577479941195,0,water
1238,SeaLake_826.jpg,27.758544921875,49.589599609375,72.47412109375,0.8680247826949702,0.9513452830070938,0.969915734593116,0,water
1239,SeaLake_2657.jpg,29.419921875,50.708251953125,76.8955078125,1.3263530804037378,1.3704079110869227,1.397129917993121,0,water
1240,SeaLake_1438.jpg,119.948486328125,128.055908203125,128.22802734375,2.927181453802438,4.369253956020219,3.163397787467191,0,water
1241,SeaLake_1376.jpg,44.271484375,76.927734375,86.952880859375,2.5934727532077253,2.786889006705032,1.9807364529290012,0,water
1242,SeaLake_1362.jpg,30.42724609375,54.4951171875,73.333251953125,1.3039452731519703,1.390704206289781,1.1817408747747422,0,water
1243,SeaLake_359.jpg,50.16357421875,79.3701171875,95.9501953125,1.9185314712587664,2.644223802463984,1.977278146367634,0,water
1244,SeaLake_2496.jpg,82.702880859375,115.076904296875,101.9638671875,8.795243049194221,6.790294500314192,5.52525832664056,36,water
1245,SeaLake_417.jpg,68.731689453125,109.94921875,103.260986328125,2.7362103978058117,5.14457574012653,2.378287487018092,0,water
1246,SeaLake_1809.jpg,44.30908203125,68.407958984375,95.45458984375,1.0339337885998183,0.9503418044012999,1.3102243768566324,0,water
1247,SeaLake_403.jpg,22.97802734375,42.6005859375,72.263916015625,0.7385226062060114,0.8356904707648916,0.8721643207111976,0,water
1248,SeaLake_1148.jpg,56.15966796875,85.9365234375,92.93603515625,1.3057468704749973,1.2434885181469042,1.2936935007041035,0,water
1249,SeaLake_2441.jpg,30.8564453125,51.38623046875,75.54541015625,0.9889020214089853,1.0951980814031566,0.8909749464543605,0,water
1250,SeaLake_2327.jpg,58.476806640625,85.724609375,87.78515625,8.858779695481816,9.12598131729745,5.018105342216915,0,water
1251,SeaLake_2333.jpg,65.44775390625,111.27392578125,112.165771484375,5.632348050718978,7.61206406658973,4.941415604292267,0,water
1252,SeaLake_1612.jpg,84.09619140625,93.686767578125,104.9462890625,9.722794834864287,4.08315431030488,4.247534429400528,69,water
1253,SeaLake_1606.jpg,78.2900390625,121.087890625,121.29638671875,1.6578289638783976,3.4107037745950777,2.077019591072412,0,water
1254,SeaLake_1160.jpg,24.163330078125,60.190185546875,86.216552734375,1.968857398963846,2.495349456666312,2.4353414783885463,9,water
1255,SeaLake_1941.jpg,23.550048828125,44.419921875,73.138916015625,0.7954552288176339,0.8425533144237725,1.0780068761273625,0,water
1256,SeaLake_239.jpg,36.409423828125,58.9921875,79.344970703125,13.774927654786012,12.151105012604564,6.4070799080673595,82,water
1257,SeaLake_205.jpg,24.502197265625,41.7568359375,67.475341796875,0.7749716830464022,0.7746295412702101,0.8175189817482199,0,water
1258,SeaLake_577.jpg,23.7568359375,43.737060546875,73.130859375,0.8148716279012885,0.891010635943997,1.0241063385823805,0,water
1259,SeaLake_1982.jpg,27.41552734375,48.974853515625,72.014404296875,4.483116451794005,3.792609805753629,2.901632342424956,32,water
1260,SeaLake_2247.jpg,30.673583984375,49.695556640625,68.628662109375,3.2683743580132463,6.537738985139088,2.7646182431506117,0,water
1261,SeaLake_2521.jpg,43.169189453125,70.698486328125,87.0537109375,1.8108661621103486,3.574562589855919,1.5195811442443181,0,water
1262,SeaLake_1766.jpg,114.06298828125,134.301513671875,136.206787109375,23.316572140490017,20.928639861653636,16.04301660129794,141,water
1263,SeaLake_1772.jpg,28.08544921875,50.345703125,72.526611328125,1.053511239149832,1.1369251181873123,1.181842956875161,0,water
1264,SeaLake_985.jpg,32.7587890625,54.417724609375,77.3994140625,1.571201054092178,1.6445840025208514,1.4936845070754554,0,water
1265,SeaLake_749.jpg,30.236572265625,51.95556640625,76.2294921875,0.7129113181259324,0.7156715811015971,0.7859665973350679,0,water
1266,SeaLake_991.jpg,80.460205078125,114.030029296875,115.14697265625,1.3719349207207179,1.2009219273975278,1.1968711713525475,0,water
1267,SeaLake_2086.jpg,23.61328125,44.4755859375,73.71923828125,0.7723615464265666,0.8103274128722575,1.038460119496433,0,water
1268,SeaLake_761.jpg,29.656982421875,52.82470703125,72.23681640625,1.9837634578553611,2.902725502671035,1.5170167648153514,0,water
1269,SeaLake_2904.jpg,41.462890625,62.7900390625,84.77197265625,7.102698777615246,6.777638611988996,4.629880829919094,0,water
1270,SeaLake_775.jpg,23.3212890625,40.377685546875,66.569580078125,0.7748461909100871,0.7048105593396939,0.9614352976035979,0,water
1271,SeaLake_1558.jpg,55.443603515625,85.092041015625,115.476318359375,0.9711377343354239,1.056081317095288,1.2440976744803072,0,water
1272,SeaLake_2737.jpg,88.349853515625,118.719970703125,120.346923828125,2.972434387750187,2.2843411418320803,1.9868968498274124,0,water
1273,SeaLake_946.jpg,41.680908203125,64.177978515625,85.34228515625,1.2474531692781432,0.9950136499570856,1.2327041907168617,0,water
1274,SeaLake_952.jpg,28.804443359375,52.21484375,76.544677734375,2.0148592980484925,4.533106772053349,1.5387114109868416,0,water
1275,SeaLake_1564.jpg,23.181640625,43.225830078125,72.441162109375,0.8126291025736214,1.231514404681917,1.0804797731224776,0,water
1276,SeaLake_2078.jpg,94.923095703125,97.035888671875,105.74365234375,6.359677801960345,3.2989006057103403,2.9992200711826955,0,water
1277,SeaLake_953.jpg,38.650390625,67.472412109375,86.413818359375,1.0747637111998662,1.111560629606349,1.2211092830165462,0,water
1278,SeaLake_2044.jpg,26.62109375,44.46240234375,66.87939453125,11.032665648142833,11.027356452137317,6.163669800910623,21,water
1279,SeaLake_1559.jpg,46.736328125,71.166015625,87.416015625,1.2381503159285565,0.8625098186431616,1.1865857268886473,0,water
1280,SeaLake_947.jpg,90.46337890625,124.832275390625,125.354736328125,1.1283053478525011,0.9889246538715696,1.1262545213598,0,water
1281,SeaLake_774.jpg,118.57568359375,128.8916015625,128.169189453125,12.55212314435837,12.220986359179342,10.169555607649542,0,water
1282,SeaLake_2905.jpg,23.635498046875,40.702880859375,66.671142578125,0.6678291308733547,0.6809714894173334,0.8276869496994188,0,water
1283,SeaLake_760.jpg,27.913330078125,49.016845703125,75.8779296875,0.6374219042495962,0.621442540916877,0.8035815889230865,0,water
1284,SeaLake_990.jpg,64.486083984375,90.019775390625,91.4599609375,2.7752395900190536,2.554551228846395,2.505630066415256,8,water
1285,SeaLake_748.jpg,39.972412109375,65.289794921875,85.328369140625,15.672084390490815,10.754098662550966,7.187319011068049,111,water
1286,SeaLake_2087.jpg,23.87744140625,59.74072265625,84.737060546875,1.3214423407201779,1.0911405771109166,1.3126687213898738,0,water
1287,SeaLake_984.jpg,45.1220703125,73.059326171875,90.663330078125,3.5702685597593566,3.6023871663045406,2.296967056920861,0,water
1288,SeaLake_1997.jpg,61.620849609375,106.08984375,108.750244140625,2.4585518914930207,2.901581326507313,2.2190525627692677,0,water
1289,SeaLake_589.jpg,25.84912109375,43.478271484375,67.67431640625,5.096068223336379,5.4631682711690965,2.011413847399904,0,water
1290,SeaLake_2534.jpg,35.855712890625,62.00537109375,84.396484375,0.9960525504175002,1.3705433667352263,1.0169593848236316,0,water
1291,SeaLake_1983.jpg,83.5146484375,114.359619140625,104.88232421875,2.1006835460818007,2.812295175087625,1.9040253587484601,0,water
1292,SeaLake_204.jpg,28.162841796875,50.885986328125,72.994384765625,1.0778288227105086,0.7736750921740856,1.11528693775096,0,water
1293,SeaLake_1954.jpg,77.266845703125,91.86328125,102.270263671875,3.7548581046890073,3.0484145749714617,3.182280427545574,12,water
1294,SeaLake_2291.jpg,40.574462890625,63.648681640625,82.61376953125,1.0223680980545946,1.0380284893686966,1.2800092504584313,0,water
1295,SeaLake_1940.jpg,94.27392578125,107.666259765625,116.15576171875,25.47849054185445,10.120909391407688,9.749532040345427,160,water
1296,SeaLake_1607.jpg,22.94189453125,44.706298828125,72.566162109375,1.1090636555226858,0.8457264885967872,1.156890665872558,0,water
1297,SeaLake_2468.jpg,35.227783203125,56.9951171875,83.650146484375,1.4366912017720144,2.347699918674039,1.4403555123579137,0,water
1298,SeaLake_1175.jpg,43.41357421875,71.423828125,82.904541015625,0.8069832653688224,0.8509866709937262,0.9121140473795443,0,water
1299,SeaLake_416.jpg,43.815673828125,70.947021484375,90.1484375,1.7980182328015775,1.728347045953784,1.5450391568156938,0,water
1300,SeaLake_1808.jpg,40.250732421875,58.323486328125,74.144775390625,1.320612743481486,1.3528381457665972,1.3566916937515239,0,water
1301,SeaLake_1820.jpg,74.683349609375,106.105712890625,114.265869140625,5.284538187792954,2.1827641994454434,1.5834122834683089,0,water
1302,SeaLake_2483.jpg,38.09765625,56.537841796875,77.70458984375,18.90701791764333,9.670652367713322,6.920420870661289,126,water
1303,SeaLake_1834.jpg,37.509521484375,66.7763671875,85.0693359375,2.4029821896625236,3.697455851179746,1.3225349816813905,0,water
1304,SeaLake_1363.jpg,22.968017578125,42.404052734375,71.761474609375,0.662324988442992,0.7408775816348377,1.0188603148381976,0,water
1305,SeaLake_1405.jpg,31.203125,62.64208984375,81.971435546875,0.9786540102993498,1.317077556107878,1.226702615303591,0,water
1306,SeaLake_1411.jpg,25.43505859375,46.106201171875,68.92724609375,0.7373155201501407,0.8831653733686442,1.0516819833606386,0,water
1307,SeaLake_1377.jpg,91.6044921875,122.649169921875,118.322021484375,1.736926427342697,1.6872726393229418,1.629969389429115,0,water
1308,SeaLake_827.jpg,26.77197265625,53.7001953125,74.797607421875,0.7266922701545128,0.8855171296214587,0.7608615453516597,0,water
1309,SeaLake_2642.jpg,35.488037109375,61.67041015625,84.004150390625,1.1179699858439378,1.7566179073426442,1.2204444794347098,0,water
1310,SeaLake_833.jpg,99.55419921875,98.78515625,108.01953125,1.6497490171801557,1.5700549773291181,1.634022241746861,0,water
1311,SeaLake_600.jpg,27.224853515625,48.89599609375,72.07080078125,0.8235293936078286,0.8634412798417396,0.8407742335932933,0,water
1312,SeaLake_614.jpg,23.09375,42.7919921875,72.43310546875,0.7388494010960556,0.877337467106566,0.8901685917222887,0,water
1313,SeaLake_2695.jpg,30.65380859375,50.796875,74.236083984375,0.9653545062507594,0.940230398958149,1.1332926554719327,0,water
1314,SeaLake_2859.jpg,32.883056640625,55.443115234375,81.57080078125,1.4130896282872822,2.2080920210534227,1.4942490482260278,0,water
1315,SeaLake_628.jpg,61.235595703125,85.691650390625,89.5498046875,1.5399664339829089,1.5356723801069305,1.4424033089268158,0,water
1316,SeaLake_2861.jpg,95.71435546875,107.843017578125,114.841796875,6.626249069648451,1.2894232736371947,1.3733552285334754,0,water
1317,SeaLake_2685.jpg,54.363525390625,77.419921875,92.8720703125,32.168614418206545,23.398257430311908,20.921968147919454,199,water
1318,SeaLake_2849.jpg,46.58642578125,74.30810546875,94.60400390625,2.280040629426442,2.054504560441846,1.8947974578394233,0,water
1319,SeaLake_638.jpg,40.13671875,62.20361328125,85.494140625,16.539351729727752,11.480177661155711,9.798804377587329,192,water
1320,SeaLake_1415.jpg,48.686279296875,75.85498046875,89.2470703125,5.466916409051428,7.348068185197116,3.5089159888676664,0,water
1321,SeaLake_1367.jpg,91.4814453125,103.424560546875,111.91455078125,3.848910085799846,1.6288033322541433,1.5564015969585145,0,water
1322,SeaLake_837.jpg,28.6611328125,48.588623046875,76.6591796875,0.7849369786714344,0.8358761417294979,1.187110837111431,0,water
1323,SeaLake_1429.jpg,31.212890625,58.2529296875,75.716552734375,0.7147236707547255,0.7015546428690729,1.1077141754463156,0,water
1324,SeaLake_2120.jpg,26.102783203125,62.679443359375,88.170166015625,2.888543518804999,3.463189135324003,2.020790032450505,13,water
1325,SeaLake_2134.jpg,37.21826171875,63.740234375,86.028076171875,1.6944931792805469,2.353708498320971,1.6767431490684093,0,water
1326,SeaLake_823.jpg,24.481201171875,41.765625,67.295166015625,1.2719318639617165,1.2146364875447304,1.1193591531966236,0,water
1327,SeaLake_406.jpg,29.227294921875,66.45703125,91.5048828125,2.6107027136606034,2.1159294867205376,1.761395816005616,0,water
1328,SeaLake_1818.jpg,81.5556640625,132.08056640625,128.656005859375,3.5577445163187305,3.3867494082355667,3.1624441175838456,0,water
1329,SeaLake_360.jpg,101.205078125,106.74560546875,114.509521484375,1.8902849884730304,1.0556905991909242,1.2229124294426386,0,water
1330,SeaLake_1830.jpg,23.581787109375,43.43603515625,72.9248046875,0.7763284541610476,0.8404509013107417,0.9502826270263113,0,water
1331,SeaLake_348.jpg,40.01220703125,68.030029296875,88.739990234375,1.2723960127994984,1.2889731405092169,1.4342770935752382,0,water
1332,SeaLake_2493.jpg,37.608154296875,58.02490234375,78.494384765625,2.0198047533901575,1.7152990896708822,1.6067082615997572,0,water
1333,SeaLake_1824.jpg,84.051025390625,129.654296875,128.087158203125,1.392671921662301,1.8538181391698687,1.5560715040617579,0,water
1334,SeaLake_3000.jpg,31.39208984375,54.793212890625,74.324951171875,1.1586023064141122,1.0952948151166113,1.2073272786498548,0,water
1335,SeaLake_2478.jpg,76.978271484375,119.723876953125,120.96875,1.8001374026678447,3.1859947745734716,2.0956148411623734,0,water
1336,SeaLake_1165.jpg,23.39208984375,44.044921875,73.11328125,0.7856600080047988,0.8181495852816185,0.9996871458853702,0,water
1337,SeaLake_1159.jpg,79.82861328125,112.85302734375,115.55810546875,2.003761509358364,1.2292737213756826,1.558758872709741,0,water
1338,SeaLake_2336.jpg,67.85302734375,104.15576171875,113.930419921875,7.758745104771442,2.3854940865514727,1.353450602941651,0,water
1339,SeaLake_572.jpg,53.4521484375,80.93359375,97.189208984375,15.838406867578769,11.998554778491489,10.988545650226275,68,water
1340,SeaLake_1944.jpg,83.904541015625,127.777587890625,127.681396484375,1.2306783588440537,1.591940039065028,1.4106893826092228,0,water
1341,SeaLake_228.jpg,43.932861328125,60.53466796875,76.191162109375,0.9665469993041523,1.1888435192205697,0.9696719489416513,0,water
1342,SeaLake_1788.jpg,28.44677734375,50.989501953125,72.9619140625,1.0061332255778528,0.9116954640321572,1.1053026701382505,0,water
1343,SeaLake_1763.jpg,34.96728515625,56.661376953125,83.1630859375,1.7268004792819618,2.1884668529589595,1.630329196662363,0,water
1344,SeaLake_1011.jpg,28.929443359375,48.432373046875,73.049560546875,6.468535041923226,8.504813482755576,4.6231768790863335,16,water
1345,SeaLake_2518.jpg,34.012451171875,55.04736328125,76.77587890625,1.213164785362623,1.8986021998668476,1.587015246173238,0,water
1346,SeaLake_1777.jpg,80.162841796875,107.508544921875,114.703125,6.966969792963475,2.1111509264640818,1.4480759055122077,0,water
1347,SeaLake_2256.jpg,62.05029296875,83.712890625,89.260986328125,5.079342153374225,4.336278403687557,4.01443944121179,0,water
1348,SeaLake_599.jpg,30.443115234375,50.841552734375,76.0732421875,1.5848977387168512,1.3919557997260403,1.4090274086121302,0,water
1349,SeaLake_2530.jpg,88.990234375,117.0751953125,119.71484375,6.2716346135850705,7.053001768483262,6.131193805090974,0,water
1350,SeaLake_2524.jpg,31.411865234375,66.667236328125,91.871337890625,10.524271883096628,11.653520993322372,6.969751803488857,56,water
1351,SeaLake_1993.jpg,29.30908203125,47.65771484375,75.481689453125,5.20583877588025,5.854354436811194,3.5042046002086034,0,water
1352,SeaLake_764.jpg,23.576416015625,43.48486328125,72.6806640625,0.8037512434242324,0.9559463268120671,1.0570065469385685,0,water
1353,SeaLake_2915.jpg,33.652099609375,48.166015625,71.88916015625,17.605660668768667,13.645099758008582,9.33203277013039,144,water
1354,SeaLake_770.jpg,105.467041015625,108.86083984375,108.899658203125,13.964166181439154,8.974093012021465,7.123282405389028,76,water
1355,SeaLake_758.jpg,35.080810546875,55.747314453125,79.4658203125,2.134643313855681,1.7862778860735757,1.7524546710150315,0,water
1356,SeaLake_2929.jpg,80.3984375,118.044677734375,115.843994140625,8.894094638218876,2.687809937370222,2.4664403879813652,37,water
1357,SeaLake_980.jpg,22.827880859375,45.665283203125,72.840087890625,1.0974998226904238,1.6751649341228283,1.2653604631290793,0,water
1358,SeaLake_994.jpg,65.126953125,97.303466796875,92.326171875,1.0217345534935844,1.0453336100592134,0.9803033818461427,0,water
1359,SeaLake_1575.jpg,65.53515625,95.00146484375,92.366943359375,3.848159865518315,7.381915309422263,2.223557958067563,0,water
1360,SeaLake_943.jpg,24.006591796875,41.09423828125,67.181396484375,0.7141192574346099,0.6852990379002775,0.8978901066285285,0,water
1361,SeaLake_2732.jpg,100.8701171875,95.300537109375,101.193603515625,9.404626395690427,6.334218494041986,5.28918303066387,0,water
1362,SeaLake_2040.jpg,29.35205078125,50.662109375,75.078857421875,6.015652247775902,5.507194322024338,4.192730206576644,38,water
1363,SeaLake_1549.jpg,54.684326171875,82.126953125,84.691650390625,5.234744243978105,5.6798537281168375,3.290743500187045,0,water
1364,SeaLake_957.jpg,23.189697265625,42.78369140625,71.778564453125,0.7460189302486889,0.8461122294175267,1.1407489186736797,0,water
1365,SeaLake_2726.jpg,92.928466796875,108.464111328125,115.9033203125,5.276811207204184,1.289675457036013,1.3433606670492115,0,water
1366,SeaLake_2041.jpg,40.044677734375,58.9775390625,84.49365234375,2.6786201397690035,2.0640343247597945,1.9830725893824794,0,water
1367,SeaLake_2727.jpg,100.10986328125,99.40673828125,109.1357421875,2.09855800120773,2.2082925888717275,1.9907333751742635,0,water
1368,SeaLake_956.jpg,38.67822265625,66.067138671875,87.227294921875,2.536640549732893,3.4330417419343826,2.4567244903763297,0,water
1369,SeaLake_2733.jpg,102.325927734375,105.828125,113.369140625,2.8196041559659006,2.1673739330408583,1.710624213255094,0,water
1370,SeaLake_942.jpg,38.22119140625,59.732421875,79.89697265625,1.1288563014401556,1.2640551968848055,1.1454864786150116,0,water
1371,SeaLake_2055.jpg,54.661376953125,81.809814453125,88.983154296875,1.1061054189136277,1.3443717183632127,1.6114093367022622,0,water
1372,SeaLake_995.jpg,25.770263671875,50.6845703125,79.875,0.7192284608625011,1.0260837501118767,1.10904484523846,0,water
1373,SeaLake_981.jpg,30.591064453125,52.220947265625,76.619140625,0.7828160801727598,0.8213227000928659,0.8763743914415856,0,water
1374,SeaLake_2928.jpg,75.187255859375,119.760009765625,117.15234375,15.273558381521797,15.332186719750045,11.372949436352732,171,water
1375,SeaLake_11.jpg,49.537109375,68.865234375,80.29150390625,2.9042482763250645,3.134735202344587,1.753898025867237,0,water
1376,SeaLake_759.jpg,30.80908203125,48.305419921875,70.975830078125,2.1128271605738065,2.7381188511817505,1.6078274703000806,0,water
1377,SeaLake_2900.jpg,41.211669921875,64.743896484375,83.230224609375,1.1327297575098976,1.079635198184792,1.1568725301921248,0,water
1378,SeaLake_771.jpg,25.57080078125,49.9443359375,80.00390625,0.7525133300310298,0.9549557972210002,0.866298460382412,0,water
1379,SeaLake_39.jpg,44.3017578125,73.478515625,90.892333984375,3.359812011682382,3.625946447533507,2.51797829015749,0,water
1380,SeaLake_765.jpg,53.822265625,82.536865234375,89.778076171875,1.0783072055047018,1.2615127395292036,1.229447367777631,0,water
1381,SeaLake_2243.jpg,51.677978515625,79.175537109375,95.115966796875,1.4230123938237227,1.4394338909297881,1.2660990404180679,0,water
1382,SeaLake_2531.jpg,91.85009765625,117.512939453125,118.35205078125,20.193545679247077,4.744067898629068,5.305425960506966,68,water
1383,SeaLake_598.jpg,72.154541015625,104.4072265625,113.95556640625,2.2725205161592257,1.232172292353806,1.1162761892768562,0,water
1384,SeaLake_1038.jpg,27.41845703125,48.613037109375,71.949462890625,0.950016016574161,1.2383898136912077,0.9768485603976798,0,water
1385,SeaLake_1776.jpg,84.79931640625,95.506591796875,114.960693359375,7.166052206075503,5.77355531048365,4.091443518628576,0,water
1386,SeaLake_1004.jpg,23.150634765625,42.994873046875,72.63623046875,0.7821960443265494,0.9047525794252559,0.9639476985989205,0,water
1387,SeaLake_1789.jpg,79.830810546875,124.120849609375,123.800537109375,2.3636525642691786,3.329011745253974,2.3186172688994016,0,water
1388,SeaLake_2280.jpg,36.641357421875,63.293212890625,84.865478515625,1.1518236700037263,1.6350986774951326,1.2186376813337698,0,water
1389,SeaLake_1158.jpg,61.55224609375,86.561767578125,89.676513671875,1.7930543168537494,1.978051736568731,1.5338291906666808,0,water
1390,SeaLake_2445.jpg,107.24462890625,111.07666015625,117.896240234375,11.10071174427464,9.385097800259928,9.056691324052203,0,water
1391,SeaLake_1164.jpg,91.03857421875,119.1669921875,121.153076171875,3.2934262646820907,2.1650509556506896,2.1995772210197795,8,water
1392,SeaLake_1616.jpg,88.311767578125,118.251220703125,121.072998046875,2.2655103851792586,1.568309037290285,1.4398056902851284,0,water
1393,SeaLake_407.jpg,40.72216796875,63.787109375,82.621337890625,0.9493813708997555,0.9708092245838569,1.164214028346453,0,water
1394,SeaLake_1819.jpg,60.34521484375,85.451171875,88.739501953125,1.4766961092772823,1.469101883961417,1.4189572212365356,0,water
1395,SeaLake_2135.jpg,31.476318359375,53.967041015625,78.0888671875,1.0615463184182348,0.6897248335198382,0.825268118090018,0,water
1396,SeaLake_822.jpg,22.968994140625,42.492919921875,71.98828125,0.7048697546777118,0.7528906984043194,0.9392480447935133,0,water
1397,SeaLake_2653.jpg,38.26123046875,55.12939453125,77.978759765625,4.918587279869765,4.369399900762414,2.1279363960345936,0,water
1398,SeaLake_836.jpg,22.92431640625,39.99658203125,66.049560546875,0.983573344945401,1.067308987004056,1.0052279369966053,0,water
1399,SeaLake_2647.jpg,36.61328125,53.607177734375,69.9326171875,0.6802597267944337,0.6919156800176174,1.018074251506043,0,water
1400,SeaLake_188.jpg,30.369384765625,54.3173828125,77.730224609375,1.08816889109603,0.9866543976132625,0.8966215606308654,0,water
1401,SeaLake_2121.jpg,99.59033203125,98.504150390625,107.53076171875,4.505654464712118,4.628428032875488,3.618263002347887,0,water
1402,SeaLake_1366.jpg,52.187255859375,71.338623046875,81.57470703125,1.5098451936389805,1.3116933750881308,1.3413077049960653,0,water
1403,SeaLake_1414.jpg,64.48388671875,105.1611328125,115.643310546875,3.1760262445259104,1.7245394216241738,1.3810128392431362,0,water
1404,SeaLake_639.jpg,27.15283203125,47.91259765625,70.231689453125,0.7584689728156314,0.845586826001332,1.121427346815494,0,water
1405,SeaLake_2690.jpg,51.302978515625,93.28271484375,92.09716796875,3.761083998954912,6.926628168587759,2.6101386957112065,12,water
1406,SeaLake_605.jpg,31.909423828125,47.220703125,70.980712890625,19.738434832300243,14.066236347167115,8.928036351042538,88,water
1407,SeaLake_2874.jpg,36.393798828125,58.313720703125,80.36279296875,2.146593099796134,2.293304457776105,1.2788553888440872,0,water
1408,SeaLake_611.jpg,65.043212890625,109.9931640625,105.40869140625,1.453322509960825,1.3742725875744215,1.364291628266258,0,water
1409,SeaLake_161.jpg,90.0009765625,93.00830078125,112.6533203125,2.738969180426403,2.4496750110026104,2.2969129909565367,0,water
1410,SeaLake_175.jpg,23.02734375,43.154541015625,72.373779296875,0.7738615472653603,0.9117794052645594,0.9334213225294516,0,water
1411,SeaLake_2692.jpg,82.369873046875,115.67041015625,114.689453125,16.790155940530166,4.643098396803244,3.9594189142382668,92,water
1412,SeaLake_1364.jpg,35.714599609375,61.0546875,84.259033203125,0.9598083995809255,1.1858283876024178,0.9712877259359363,0,water
1413,SeaLake_1402.jpg,23.23583984375,43.108154296875,72.67138671875,0.769311708997059,0.9152419802666802,0.9105081164581172,0,water
1414,SeaLake_1416.jpg,24.337646484375,41.442626953125,67.66259765625,0.7228204901385978,0.6847454287852377,0.9913825426806783,0,water
1415,SeaLake_1370.jpg,49.335693359375,76.16650390625,116.9052734375,8.071207471413217,7.892039544246689,4.0200075213992985,0,water
1416,SeaLake_2679.jpg,23.21240234375,43.110107421875,72.865478515625,0.8054395698123521,0.9053526743888487,1.0289840946858928,0,water
1417,SeaLake_808.jpg,67.551025390625,113.695556640625,112.3251953125,6.1028644916351835,6.526937854504014,6.034059413755223,0,water
1418,SeaLake_1358.jpg,23.02734375,42.759521484375,72.201904296875,0.7429580703753997,0.8555495341578983,0.9576002959368861,0,water
1419,SeaLake_2651.jpg,31.305419921875,51.9169921875,75.7294921875,1.928717473658822,1.8623123688881962,1.8073929493545295,0,water
1420,SeaLake_820.jpg,52.80615234375,73.508544921875,86.505615234375,20.420088178339643,14.52114652896114,11.123286723430397,144,water
1421,SeaLake_2645.jpg,24.309814453125,41.4423828125,67.42578125,0.7818506220882971,0.694285115931913,0.8479982029158066,0,water
1422,SeaLake_834.jpg,78.32080078125,120.72705078125,114.74365234375,20.35283535950825,13.92501229708555,14.646725607977544,165,water
1423,SeaLake_405.jpg,32.27392578125,65.959228515625,91.123779296875,13.330191582836182,10.857432280835873,6.461806431450894,127,water
1424,SeaLake_377.jpg,29.018798828125,58.09033203125,78.47998046875,1.5704137475315627,1.2226077914156481,1.1965484213430437,0,water
1425,SeaLake_1199.jpg,41.546875,68.09765625,88.72021484375,1.4633377675283994,1.9847402161456642,1.5321558394439396,0,water
1426,SeaLake_1172.jpg,43.236572265625,61.5458984375,86.77734375,1.9440263993223073,1.4758282808934984,1.3950016713559656,0,water
1427,SeaLake_1614.jpg,66.9755859375,118.368408203125,97.279296875,3.096493362022959,3.184169216451162,2.3877374501010857,0,water
1428,SeaLake_2447.jpg,26.06591796875,50.830810546875,79.453857421875,0.6562876009386998,1.1368464499774205,1.0801926564201305,0,water
1429,SeaLake_388.jpg,65.372314453125,85.77783203125,91.789306640625,2.187121644678053,2.0136149830370997,1.6932174288732906,0,water
1430,SeaLake_2321.jpg,27.341064453125,49.4716796875,72.17919921875,0.8800819163234436,0.8212739668648351,0.960202688237952,0,water
1431,SeaLake_217.jpg,63.296875,88.016845703125,90.947509765625,1.3075613931571244,1.262035578108329,1.352958509496968,0,water
1432,SeaLake_571.jpg,86.198486328125,116.9697265625,115.0166015625,10.286278579042687,10.8577252129639,7.848959784622581,71,water
1433,SeaLake_203.jpg,30.36669921875,48.50390625,76.5224609375,2.2168355392243555,2.2756747743715353,1.7067717261065174,0,water
1434,SeaLake_1953.jpg,41.1826171875,64.8740234375,84.0419921875,1.1783573154309306,1.1036379045913036,1.2459678466713997,0,water
1435,SeaLake_559.jpg,36.533935546875,61.7939453125,83.92138671875,6.9865118892519105,6.483303560647864,3.8438353180139115,30,water
1436,SeaLake_1947.jpg,39.405029296875,68.03173828125,89.04638671875,1.1067372245921536,0.8494992239568533,0.8787845781666906,0,water
1437,SeaLake_1774.jpg,48.486328125,78.03369140625,95.293701171875,3.9999155989325557,3.085664568070369,2.7946341184516896,22,water
1438,SeaLake_1012.jpg,25.51318359375,49.958251953125,79.546142578125,0.7469482322128054,1.0345426936367212,1.0545751158566081,0,water
1439,SeaLake_1006.jpg,23.85888671875,40.9912109375,66.90771484375,1.103133467947038,1.325059292024463,1.0011122002232882,0,water
1440,SeaLake_2269.jpg,58.454833984375,85.4951171875,86.778564453125,33.006205191217944,20.1393576401568,19.38681694803727,281,water
1441,SeaLake_1990.jpg,23.050537109375,42.9404296875,72.52783203125,0.7458444148755283,0.9096736037550239,0.9154739567767611,0,water
1442,SeaLake_2527.jpg,23.74365234375,40.77783203125,66.712646484375,0.7027490246418929,0.693832193265417,0.8192008706251189,0,water
1443,SeaLake_2255.jpg,28.2080078125,51.039794921875,72.95556640625,1.1025070577728584,0.8203516996191101,1.1260751249345933,0,water
1444,SeaLake_773.jpg,26.980712890625,47.6123046875,71.247802734375,0.8340700985450544,0.9025165342892768,0.8302567233761333,0,water
1445,SeaLake_767.jpg,39.6259765625,68.55419921875,89.316650390625,1.1514889407635158,0.8783373538606277,0.8700058991133537,0,water
1446,SeaLake_997.jpg,32.346923828125,54.523681640625,80.11279296875,1.2338825402379658,1.8936380227348912,1.2283167837331548,0,water
1447,SeaLake_2094.jpg,23.816650390625,43.78759765625,73.10205078125,0.8141966125371899,0.8928439956787002,1.0149448171187756,0,water
1448,SeaLake_983.jpg,70.710693359375,108.15576171875,103.751220703125,20.346655008307025,7.355154443023072,7.180218694585241,141,water
1449,SeaLake_968.jpg,71.376220703125,120.548828125,99.5400390625,5.23853015806105,2.253373901333062,2.8903899226097716,0,water
1450,SeaLake_2719.jpg,81.0693359375,113.611083984375,102.127685546875,2.1511663688615523,2.791215327534831,1.8428374634634037,0,water
1451,SeaLake_1576.jpg,41.000732421875,64.130615234375,83.272705078125,1.034440826211532,0.9991599070840281,1.1792878490808925,0,water
1452,SeaLake_1562.jpg,41.547607421875,71.0498046875,84.4921875,5.7281070255261834,7.523398394299814,4.106901287296026,6,water
1453,SeaLake_954.jpg,82.81591796875,108.10693359375,114.988037109375,9.889269779641007,2.6891874737600037,1.6524435784234492,0,water
1454,SeaLake_940.jpg,25.229248046875,49.21240234375,79.227783203125,0.7752482093684563,0.9861355735239992,1.0241801064749867,0,water
1455,SeaLake_798.jpg,40.209228515625,59.461669921875,84.61767578125,2.719723746334241,2.1829183144613844,2.0152785720607467,0,water
1456,SeaLake_1238.jpg,37.712158203125,65.853759765625,86.086181640625,2.119111471371143,2.5739740304585332,2.0645454985163645,0,water
1457,SeaLake_799.jpg,31.349365234375,52.06640625,75.143798828125,0.8299005655107733,1.0793626840459778,1.0360096706377198,0,water
1458,SeaLake_2730.jpg,36.22216796875,59.8603515625,90.362060546875,0.9550220808502278,1.1239275588995088,1.0343306506004624,0,water
1459,SeaLake_941.jpg,36.1640625,62.666748046875,84.926513671875,1.8372335850658048,2.593472833646686,1.8720602354635132,0,water
1460,SeaLake_2724.jpg,50.581298828125,69.90380859375,80.860107421875,1.9164001981046395,1.4572438757337933,1.4160113946259545,0,water
1461,SeaLake_955.jpg,23.496826171875,43.459228515625,72.9765625,0.7837395864156875,0.8676014161536731,0.9651837078213401,0,water
1462,SeaLake_1563.jpg,71.71728515625,82.40673828125,91.841552734375,5.575971577749784,4.5858875642361525,4.669553345705664,0,water
1463,SeaLake_1205.jpg,41.63916015625,62.834716796875,83.415283203125,1.2987259674051626,1.4536376172002912,1.4132294914759032,0,water
1464,SeaLake_969.jpg,41.8349609375,69.647216796875,84.572265625,4.566255774192804,8.851162257492959,2.802351890277764,0,water
1465,SeaLake_1577.jpg,26.766357421875,53.619873046875,74.72021484375,0.8416356686904989,0.8793339006787491,0.8785316855937315,0,water
1466,SeaLake_982.jpg,76.900634765625,107.9892578125,112.35791015625,5.919309271639944,7.737760107447614,4.980756516464452,0,water
1467,SeaLake_996.jpg,27.290283203125,48.419677734375,69.861083984375,0.9437103250513317,0.9200954718912961,1.0437168767093281,0,water
1468,SeaLake_2081.jpg,28.56494140625,46.49853515625,73.132080078125,4.208457513745894,6.43806867957952,2.7730543167394854,0,water
1469,SeaLake_1588.jpg,23.19775390625,44.933349609375,73.481689453125,0.8659999379693201,1.6970796120997196,1.172252721311893,0,water
1470,SeaLake_766.jpg,23.597412109375,43.9150390625,72.5947265625,0.8102632325035568,0.9522836442463564,1.1693980169758,0,water
1471,SeaLake_772.jpg,27.58056640625,44.790283203125,69.483154296875,7.204521507215726,5.553206185910396,3.556424288844938,22,water
1472,SeaLake_2532.jpg,91.855712890625,126.084228515625,126.36474609375,3.4713435658175937,1.9744424872050867,2.3502550007061185,0,water
1473,SeaLake_1985.jpg,26.053466796875,50.97021484375,73.70703125,0.8698636594357345,1.3417832819487516,0.9215356234424351,0,water
1474,SeaLake_2254.jpg,81.5859375,114.617431640625,116.40087890625,2.183688084947974,1.6488273665790851,1.3202669034228662,0,water
1475,SeaLake_2240.jpg,28.199951171875,50.65625,72.947265625,1.0591906170471934,0.8049529295244536,1.0796648169424432,0,water
1476,SeaLake_1749.jpg,34.52978515625,66.866943359375,91.872314453125,19.068648894375478,15.128780552592817,9.907386326523975,158,water
1477,SeaLake_2297.jpg,40.16845703125,82.1083984375,88.87548828125,3.1516738425592896,10.450846060128221,7.023233260090677,60,water
1478,SeaLake_202.jpg,94.6171875,127.815185546875,127.29150390625,1.928896599054431,1.1770817101166373,1.4968998184217244,0,water
1479,SeaLake_216.jpg,23.039794921875,43.647705078125,72.885498046875,0.7974130272750519,0.8706137870181517,1.0332956254652201,0,water
1480,SeaLake_2446.jpg,38.625,60.06591796875,82.61865234375,0.8326820371546393,0.9427201215874593,1.1204699332523973,0,water
1481,SeaLake_1629.jpg,36.455810546875,53.482421875,69.900634765625,0.6709662657187121,0.6754509443856632,1.0821435918225462,0,water
1482,SeaLake_2320.jpg,25.467041015625,49.693359375,79.184326171875,0.7685769840093889,1.032298162281426,1.1217219755745662,0,water
1483,SeaLake_389.jpg,88.645751953125,106.5771484375,114.4931640625,10.18065560539498,1.5755409764875392,1.3029609265854813,0,water
1484,SeaLake_2452.jpg,55.240966796875,83.62939453125,89.81982421875,1.2864951490109873,1.2901199165320225,1.225644588206937,0,water
1485,SeaLake_1615.jpg,32.158447265625,60.132568359375,77.404052734375,0.9385629032680551,0.8610800387987291,1.191019939891472,0,water
1486,SeaLake_1601.jpg,24.136962890625,41.412353515625,67.060791015625,0.7332377861012376,0.737283951423536,0.8163764254584285,0,water
1487,SeaLake_2485.jpg,48.3017578125,72.460693359375,85.84326171875,1.4889753830554804,2.958273935169422,1.4863780911803013,0,water
1488,SeaLake_2491.jpg,23.12744140625,43.46630859375,72.46142578125,0.7972541355948067,0.9433865434671503,1.0571909262984749,0,water
1489,SeaLake_438.jpg,83.480712890625,130.526123046875,127.824462890625,1.591180244319278,2.4146163823518565,1.6856752879357486,0,water
1490,SeaLake_410.jpg,24.996337890625,53.6689453125,74.37109375,3.284631630537879,7.195428538758778,3.7304810209222263,0,water
1491,SeaLake_376.jpg,25.75830078125,50.763671875,78.751220703125,0.7728798136875097,1.015412763281014,1.132084237511229,0,water
1492,SeaLake_835.jpg,25.464599609375,49.944580078125,79.871826171875,0.741630867476265,0.9359909309840394,0.9203786505611606,0,water
1493,SeaLake_821.jpg,23.445068359375,42.951416015625,71.903564453125,0.7758627350300089,0.8616917333578463,1.1655986046551015,0,water
1494,SeaLake_2136.jpg,53.04443359375,81.4482421875,89.568603515625,0.9946037367949409,1.139557221071068,1.1662073792400263,0,water
1495,SeaLake_809.jpg,23.14697265625,43.56298828125,72.881103515625,0.7938857015117601,0.9248824122152886,0.9058589420424492,0,water
1496,SeaLake_1365.jpg,83.135009765625,116.780517578125,102.935546875,2.075499963276531,2.285403181248964,1.8310596354099815,0,water
1497,SeaLake_612.jpg,36.818115234375,63.754150390625,85.248779296875,2.382261506459469,3.3079062133689883,2.1685278781517616,0,water
1498,SeaLake_2863.jpg,46.464111328125,81.22998046875,88.130615234375,2.463836306855845,6.223564373833015,1.8562290119821325,0,water
1499,SeaLake_160.jpg,79.127197265625,110.08251953125,101.376953125,4.216339885195752,4.876805264664797,3.407324385284256,17,water
1500,desert(39).jpg,182.44349670410156,187.2125701904297,179.08975219726562,7.521770941104444,4.691706583650599,4.433375334611217,53,desert
1501,desert(695).jpg,192.914306640625,176.57835388183594,142.637451171875,1.5036817308753878,1.3043462597389506,1.3077004871231273,0,desert
1502,desert(380).jpg,151.2793426513672,119.29183959960938,95.39276123046875,7.650710561906813,7.427520751326185,7.547202865071522,525,desert
1503,desert(103).jpg,193.74905395507812,168.4490966796875,131.83987426757812,13.47527673969794,10.774458760715369,34.506675105545305,0,desert
1504,desert(553).jpg,207.2060546875,164.28268432617188,106.09500122070312,8.467783686275657,6.536335245297953,5.122677938368995,29,desert
1505,desert(800).jpg,177.06268310546875,164.06814575195312,144.62669372558594,1.3185112632570375,1.3110905580518144,1.3354009224668373,0,desert
1506,desert(945).jpg,192.85865783691406,176.27272033691406,142.38209533691406,1.5084789833237653,1.3635591889532308,1.3502915281988985,0,desert
1507,desert(416).jpg,178.42593383789062,137.42291259765625,116.35737609863281,20.78572132452887,16.985848563698084,9.342140406664681,0,desert
1508,desert(338).jpg,164.82513427734375,123.29832458496094,116.3780517578125,6.925357166340495,4.180060687266926,4.923166667143962,47,desert
1509,desert(768).jpg,182.57908630371094,167.63279724121094,146.6128692626953,1.2376224075835252,1.1923873112997467,1.1945150658025379,0,desert
1510,desert(292).jpg,168.9470672607422,128.12677001953125,121.29074096679688,6.550234278008257,3.442629328889827,4.0944399123793955,0,desert
1511,desert(787).jpg,179.50625610351562,167.44351196289062,147.56680297851562,1.273038634557118,1.5754002684906476,1.7321456699212876,0,desert
1512,desert(81).jpg,188.7296905517578,183.2968292236328,171.16725158691406,6.034440021371241,3.1440502861812827,3.402802861164332,0,desert
1513,desert(857).jpg,193.78561401367188,175.67477416992188,140.45468139648438,1.3072689007791174,1.321191325594062,1.4966464574864178,0,desert
1514,desert(504).jpg,170.81309509277344,131.4386444091797,125.06721496582031,9.874415591785038,7.116622860647727,8.067556211609023,754,desert
1515,desert(154).jpg,160.31593322753906,125.95445251464844,124.56507873535156,6.443595418204823,4.875768420189821,6.031748936001485,0,desert
1516,desert(441).jpg,163.3488311767578,125.65031433105469,122.47392272949219,6.9040185371629,4.760485275158887,6.856070168091265,11,desert
1517,desert(1059).jpg,193.35250854492188,174.98922729492188,141.11032104492188,1.4105746630554292,1.316565008452507,1.539976226054471,0,desert
1518,desert(912).jpg,181.2619171142578,166.36843872070312,145.4344482421875,1.3502250920799457,1.282949988408948,1.3079720400959232,0,desert
1519,desert(284).jpg,200.32225036621094,159.31796264648438,104.33192443847656,13.52660173081525,10.210443075710067,7.4715449869713915,222,desert
1520,desert(78).jpg,190.61195373535156,182.94383239746094,170.8148956298828,8.736637567740068,4.492204903252725,4.827653286027613,89,desert
1521,desert(97).jpg,159.86802673339844,125.85255432128906,124.54545593261719,6.663702505316654,4.385200567248154,6.171586458317406,26,desert
1522,desert(791).jpg,178.3455352783203,167.20559692382812,147.3505401611328,1.1621363154862865,1.2047079370146783,1.2341527247354942,0,desert
1523,desert(142).jpg,161.3130645751953,128.38021850585938,125.93913269042969,4.287094433542296,3.5139095538510685,3.1839321146445214,0,desert
1524,desert(512).jpg,172.53195190429688,137.7540740966797,119.49774169921875,21.381556202216576,15.339108842240462,12.29765527335773,62,desert
1525,desert(841).jpg,194.4387664794922,178.9963836669922,146.19964599609375,3.7691735376787965,4.599632419211576,5.5867048093338845,0,desert
1526,desert(904).jpg,190.77781677246094,174.41453552246094,140.65281677246094,1.4467043025394868,1.3255450208785253,1.3118112265912623,0,desert
1527,desert(457).jpg,209.61326599121094,165.9814453125,107.20323181152344,5.579636451810783,4.550275651735277,3.9565668600555193,0,desert
1528,desert(379).jpg,177.57058715820312,136.2577362060547,115.36244201660156,20.659816680348275,17.494244126033358,8.69426121893058,0,desert
1529,desert(683).jpg,191.83053588867188,174.6443634033203,141.4252471923828,1.8898416974800478,1.8454134521413559,1.7364666880677477,0,desert
1530,desert(729).jpg,192.08990478515625,176.39459228515625,143.14068603515625,1.585505834331668,1.5234667640711903,1.5513020356843037,0,desert
1531,desert(396).jpg,205.7995147705078,161.5735626220703,102.59675598144531,7.391784008876901,5.690591636160549,4.499258141841781,0,desert
1532,desert(816).jpg,173.14373779296875,160.49343872070312,144.07342529296875,1.3624246838405776,1.3754725453644971,1.3061525590842953,0,desert
1533,desert(545).jpg,210.1276397705078,164.8468780517578,105.64036560058594,6.656448625859834,5.1470093886164205,4.305776959246905,0,desert
1534,desert(115).jpg,158.76470947265625,126.43128967285156,125.64149475097656,6.709097604198658,4.957769346086002,5.3448177147041065,22,desert
1535,desert(400).jpg,208.0810089111328,162.8876495361328,104.48626708984375,5.639552199112301,4.420359452652198,3.668498365112746,0,desert
1536,desert(1018).jpg,174.27268981933594,162.13987731933594,144.678955078125,1.794894289771398,1.5741690468543887,1.5070290976311722,0,desert
1537,desert(953).jpg,192.94903564453125,174.21856689453125,140.85528564453125,1.2180723467403445,1.1847808081650442,1.29259417400847,0,desert
1538,desert(247).jpg,163.34085083007812,130.44639587402344,126.79534912109375,6.415104487432916,5.992900066499798,8.208210126254523,32,desert
1539,desert(617).jpg,209.8228759765625,166.69134521484375,108.02253723144531,4.392876327861258,3.5054682516110844,2.9988342881605208,0,desert
1540,desert(302).jpg,166.19129943847656,127.47633361816406,121.50471496582031,5.119439328817181,3.9132891526457056,4.865695847424517,0,desert
1541,desert(54).jpg,164.7482147216797,119.22418212890625,112.90074157714844,7.257676149068239,5.152221313464981,6.116440781920087,120,desert
1542,desert(752).jpg,192.93667602539062,174.12808227539062,140.64761352539062,1.1695628590507314,1.195573382097795,1.3849184327898616,0,desert
1543,desert(64) (1).jpg,158.57667541503906,127.09788513183594,103.34326171875,5.938413151974279,8.078571776208236,10.72109149014675,21,desert
1544,desert(181).jpg,203.49838256835938,161.33633422851562,105.55169677734375,7.878326031940764,6.1615797748536085,5.285843121187576,0,desert
1545,desert(882).jpg,191.86595153808594,174.96923828125,141.7761688232422,1.6515234382487693,1.693961805212538,1.563542720766777,0,desert
1546,desert(1063).jpg,192.7250518798828,174.02210998535156,140.7166290283203,1.2976554846452744,1.202319146155386,1.302548523128648,0,desert
1547,desert(928).jpg,172.765869140625,159.437744140625,142.183837890625,1.4375291696988965,1.3487710294948991,1.457314614566781,0,desert
1548,desert(494).jpg,206.21853637695312,163.1848602294922,104.86517333984375,5.106166749473873,4.140192744093856,3.523456276866844,0,desert
1549,desert(640).jpg,181.01466369628906,142.7747039794922,121.60418701171875,22.445837624174683,17.42936292641031,14.648779480947649,416,desert
1550,desert(210).jpg,206.94815063476562,164.9385528564453,108.70538330078125,4.864741271580488,4.286211114524754,4.212407596417274,0,desert
1551,desert(705).jpg,192.00259399414062,174.98306274414062,141.32681274414062,1.5136784728737056,1.2919546134109952,1.198743573445401,0,desert
1552,desert(411) (1).jpg,159.8664093017578,124.53952026367188,121.78678894042969,7.025276774251343,4.559301041887471,5.791407622515583,0,desert
1553,desert(355).jpg,206.88816833496094,162.44236755371094,102.72250366210938,6.321697383965542,4.9772129711435005,4.150304597636229,0,desert
1554,desert(1034).jpg,175.22833251953125,160.15655517578125,141.39349365234375,1.3473065226566898,1.3613701229649955,1.4223287914113516,0,desert
1555,desert(586).jpg,209.51112365722656,166.2186279296875,107.61640930175781,5.878372705821466,4.793889509891531,3.8258720918420854,0,desert
1556,desert(139).jpg,168.15328979492188,124.44511413574219,118.72308349609375,7.072988153422873,6.125449121999264,7.070690726337887,209,desert
1557,desert(569).jpg,172.3128662109375,136.3485565185547,130.0503692626953,10.659938670950627,7.6821855473580625,8.214130202478772,712,desert
1558,desert(990).jpg,179.1790771484375,166.22401428222656,145.87939453125,1.428589649488699,1.2910510604218295,1.7239566660831684,0,desert
1559,desert(206).jpg,209.4982147216797,162.90560913085938,102.99171447753906,5.9539730765905965,4.722195971941087,4.240335585361699,0,desert
1560,desert(656).jpg,207.89805603027344,164.0826873779297,107.10739135742188,6.314022567793585,4.88675296797291,3.7517089604198826,0,desert
1561,desert(343).jpg,177.10772705078125,136.37168884277344,115.36909484863281,20.627690345597543,17.091715090168503,8.606885349161516,8,desert
1562,desert(15).jpg,156.64047241210938,119.95091247558594,118.66548156738281,5.447524113418859,4.593535891046211,5.0565879716771125,0,desert
1563,desert(713).jpg,191.14739990234375,175.06536865234375,141.29583740234375,1.2151145004721995,1.182955174615732,1.234587009849904,0,desert
1564,desert(590).jpg,207.05003356933594,164.5625762939453,106.22531127929688,4.624655121890895,3.6675451836661734,3.1331462514364623,0,desert
1565,desert(1022).jpg,177.7001190185547,162.8250274658203,144.4665069580078,2.7456059507175885,2.014862493364138,1.8043766759727193,0,desert
1566,desert(969).jpg,179.11453247070312,165.63015747070312,145.91921997070312,1.7370225396894,1.3924439296694464,1.6293621520133794,0,desert
1567,desert(986).jpg,179.35264587402344,166.56748962402344,146.48545837402344,1.2591886469735416,1.255441606452357,1.5254701075165182,0,desert
1568,desert(601).jpg,172.16835021972656,143.60775756835938,137.44232177734375,7.504246429717782,5.407775333574278,5.670465099384207,25,desert
1569,desert(251).jpg,149.7337188720703,128.2238311767578,111.105224609375,7.201398467876573,9.408762139613215,10.659855204769904,722,desert
1570,desert(744).jpg,193.0953826904297,176.2164764404297,142.4664764404297,1.5586709077966736,1.3682130569811046,1.2973240747546892,0,desert
1571,desert(42).jpg,192.37045288085938,185.16246032714844,172.83546447753906,8.766798315244419,4.2262868240171105,3.8062769665420033,0,desert
1572,desert(314).jpg,207.64230346679688,166.33851623535156,109.73387145996094,7.259453105524296,6.323767569653787,5.681771148022154,100,desert
1573,desert(1075).jpg,192.3948516845703,174.1526641845703,140.8792266845703,1.4297377838577339,1.245754477430663,1.1773380423015447,0,desert
1574,desert(894).jpg,193.21221923828125,174.8468017578125,140.2615203857422,1.3067002090416822,1.3159940566675863,1.6438621435573437,0,desert
1575,desert(197).jpg,164.266357421875,124.5196533203125,118.6614990234375,4.349879865796178,3.1747761481324464,3.939957485716928,0,desert
1576,desert(178).jpg,152.0951690673828,131.4087677001953,116.2779541015625,7.91598784896621,6.323943113395053,6.3227368893012486,10,desert
1577,desert(482).jpg,208.94334411621094,163.9832763671875,105.17807006835938,6.156570518186435,4.618171675755047,3.7831500308900305,0,desert
1578,desert(528).jpg,208.49929809570312,162.9893035888672,104.5421142578125,5.756163857891196,4.434630422950267,3.544877786073189,0,desert
1579,desert(1002).jpg,177.2005157470703,164.97671508789062,145.45556640625,1.2596794578558554,1.3929189472928545,1.3432650910990018,0,desert
1580,desert(949).jpg,193.22035217285156,176.2184600830078,140.9206085205078,1.609872184427395,1.3192332577756225,1.5963803648727422,0,desert
1581,desert(363).jpg,208.3297119140625,162.88784790039062,104.39047241210938,5.473000001696418,4.323644740279543,3.8005741106801367,0,desert
1582,desert(35).jpg,185.02957153320312,184.0640106201172,173.66986083984375,5.605890242168189,3.4028627695232623,3.881659138330068,0,desert
1583,desert(699).jpg,193.43177795410156,175.06727600097656,140.3742218017578,1.2741860531949627,1.296182868487232,1.6486189654630474,0,desert
1584,desert(733).jpg,192.55564880371094,176.59866333007812,143.03176879882812,1.9045404444105516,2.0055238464950733,2.165971973751569,0,desert
1585,desert(226).jpg,205.12298583984375,160.74122619628906,101.58511352539062,9.296117299522376,7.210478781479175,5.916246444865979,18,desert
1586,desert(676).jpg,174.5113983154297,160.3199920654297,142.7301483154297,1.607807401075216,1.5251915302802481,1.764149484396235,0,desert
1587,desert(158).jpg,166.60777282714844,134.6579132080078,119.5997314453125,25.42389130867934,16.52792573324725,13.562739725565232,0,desert
1588,desert(508).jpg,164.9504852294922,130.6446075439453,126.2772216796875,8.396315433730255,5.054608339414116,7.332828727320548,253,desert
1589,desert(3).jpg,163.4624786376953,124.14768981933594,121.54811096191406,6.16186358583958,5.470515214884971,6.382308428182791,42,desert
1590,desert(1055).jpg,192.932861328125,176.034423828125,141.667236328125,1.4884944372601754,1.3482637888031577,1.58345850859626,0,desert
1591,desert(764).jpg,192.7100067138672,175.3037567138672,141.7998504638672,1.8351131693149623,1.3563977988272542,1.3472635214365571,0,desert
1592,desert(62).jpg,165.71591186523438,140.24343872070312,121.4522705078125,8.586142626419424,9.34550387445147,10.29649763255147,12,desert
1593,desert(334).jpg,167.95054626464844,126.12255859375,119.11383056640625,6.795061630007401,4.050737194973114,4.507262111612396,11,desert
1594,desert(621).jpg,207.39581298828125,165.19883728027344,107.20266723632812,4.236310765805519,3.479142194676462,2.9694031296537093,0,desert
1595,desert(271).jpg,207.65968322753906,162.52444458007812,102.41996765136719,6.415614481637667,4.786201798693543,4.052504662788473,0,desert
1596,desert(642) (1).jpg,212.40457153320312,166.7240447998047,106.74015808105469,6.799471027184517,5.546468336496532,4.75162542855512,41,desert
1597,desert(643) (1).jpg,210.65182495117188,167.13629150390625,108.36357116699219,6.495450516081076,5.2461281357758125,4.308797716238444,13,desert
1598,desert(1043).jpg,192.53050231933594,176.5604248046875,142.8865509033203,1.2355057238521312,1.2522606375298244,1.3394479757015576,0,desert
1599,desert(908).jpg,193.59580993652344,176.02940368652344,142.29502868652344,1.7055441239668208,1.4038952675475007,1.3453196475228733,0,desert
1600,desert(322).jpg,207.81369018554688,163.2423553466797,104.07749938964844,5.116055989472109,4.152738159678482,3.7326163251447277,0,desert
1601,desert(74).jpg,155.582763671875,134.17506408691406,117.17048645019531,11.987208281399344,8.008908547066675,9.8069719659438,1157,desert
1602,desert(772).jpg,180.8160858154297,166.2512969970703,145.57945251464844,1.6315423922156143,1.2833347520678329,1.405784920686141,0,desert
1603,desert(288).jpg,167.84532165527344,127.60850524902344,121.86503601074219,7.800710856611833,5.350000369596657,5.720552412334641,24,desert
1604,desert(267).jpg,159.47425842285156,128.15179443359375,106.15353393554688,6.581877749924858,5.940195149224262,6.828260355964659,66,desert
1605,desert(637).jpg,174.74610900878906,141.44125366210938,134.59010314941406,9.236524928680517,9.95520501914718,11.02786881948681,629,desert
1606,desert(119).jpg,171.7980194091797,132.97607421875,114.35469055175781,25.530369459802532,19.522987504026688,10.271222891444618,132,desert
1607,desert(549).jpg,208.6754150390625,164.87490844726562,106.51191711425781,4.402022137609965,3.525014586616115,2.9974779151026936,0,desert
1608,desert(1014).jpg,174.6182861328125,161.7901611328125,143.7393798828125,1.396423162439224,1.3506267979992537,1.52968774138966,0,desert
1609,desert(725).jpg,173.56256103515625,159.27740478515625,141.89068603515625,1.6555105022711811,1.386156251485304,1.5800811416257676,0,desert
1610,desert(23).jpg,181.3739776611328,179.82852172851562,170.745849609375,8.940015473749902,3.842854568880402,3.9596368809949967,22,desert
1611,desert(375).jpg,163.85580444335938,125.35044860839844,118.9183349609375,7.587183849393131,3.819030665118282,6.285139169189686,78,desert
1612,desert(660).jpg,174.5179901123047,161.3851776123047,144.2367401123047,1.4210848898156612,1.3773947182666801,1.4159710507940837,0,desert
1613,desert(230).jpg,205.68072509765625,161.97251892089844,104.29515075683594,8.797632533524943,7.006440068386582,5.93324001541686,67,desert
1614,desert(924).jpg,179.09312438964844,165.86656188964844,146.65562438964844,1.4229083955596609,1.2269983533739426,1.2862705729536656,0,desert
1615,desert(477).jpg,164.29454040527344,126.45692443847656,120.67832946777344,6.543533658632279,4.437008936726767,6.250715124505397,12,desert
1616,desert(162).jpg,205.90780639648438,162.97203063964844,105.97528076171875,5.729379537982456,4.700577026272475,4.180461294527201,0,desert
1617,desert(498).jpg,172.0309600830078,143.6383514404297,140.2913055419922,11.227759987179342,7.6784054112934825,8.642141528430066,466,desert
1618,desert(532).jpg,175.1910400390625,149.42510986328125,145.1947479248047,9.198038653997282,11.576527886751483,13.876094978214047,445,desert
1619,desert(861).jpg,192.8606414794922,174.1262664794922,140.8528289794922,1.2728156950565097,1.2189762465418312,1.2928302861282688,0,desert
1620,desert(1080).jpg,179.06390380859375,164.97601318359375,145.77984619140625,1.5901862098991626,1.291890203036308,1.3630048791408145,0,desert
1621,desert(58).jpg,150.98033142089844,136.621826171875,124.3101806640625,12.29754359036621,12.351180356005683,12.686739080729797,4232,desert
1622,desert(420).jpg,207.88059997558594,162.73529052734375,103.79855346679688,9.870476718516258,7.558065651032705,6.290783080425168,104,desert
1623,desert(1038).jpg,174.60821533203125,159.6442108154297,140.82855224609375,1.3450129016426724,1.308838967132695,1.4122572052477735,0,desert
1624,desert(973).jpg,181.57958984375,166.6094207763672,145.7109832763672,1.277247340679107,1.2626275244798848,1.296290897251266,0,desert
1625,desert(836).jpg,173.11654663085938,159.02670288085938,141.56576538085938,1.7025775748729715,1.2665606468580315,1.4719180801261653,0,desert
1626,desert(565).jpg,176.34034729003906,144.97573852539062,138.08245849609375,9.531296069381233,8.65620542373395,9.38661747166212,997,desert
1627,desert(135).jpg,204.7587432861328,161.83509826660156,104.54608154296875,7.641496158016109,5.926661709175063,5.031842625927479,15,desert
1628,desert(359).jpg,206.4720916748047,162.15716552734375,102.95535278320312,10.09614498155935,7.670853812696782,5.851222664953062,9,desert
1629,desert(709).jpg,192.74267578125,174.4927215576172,141.01541137695312,1.4144319504799274,1.2785230136927943,1.3098957754666622,0,desert
1630,desert(965).jpg,193.3729248046875,175.4822998046875,141.9744873046875,1.5225544204052823,1.4236953265265007,1.393854564755732,0,desert
1631,desert(436).jpg,167.37420654296875,133.51327514648438,128.8914031982422,10.368292022940182,6.166359841297037,7.265457109705369,399,desert
1632,desert(123).jpg,204.13946533203125,163.41189575195312,108.916259765625,12.64047005688681,10.394496228796298,8.892077225138923,372,desert
1633,desert(573).jpg,167.33140563964844,131.7088165283203,126.54002380371094,7.072693833384722,4.298629517167027,5.831081450992197,59,desert
1634,desert(820).jpg,174.4086456298828,161.63462829589844,144.43064880371094,1.6279882632594413,1.4746400273370897,1.4429816446537533,0,desert
1635,desert(19).jpg,161.37295532226562,115.579345703125,112.05206298828125,5.196675435082871,3.982711437225662,4.414899604466318,0,desert
1636,desert(461).jpg,208.75665283203125,164.0382843017578,104.48513793945312,5.2111030874723125,4.077269846970195,3.6659391939643244,0,desert
1637,desert(898).jpg,192.6106719970703,174.0598907470703,140.7942657470703,1.3961622552729478,1.2451684506466072,1.300347648896931,0,desert
1638,desert(1079).jpg,178.22853088378906,164.88934326171875,145.80885314941406,1.39919177542337,1.2252401145188154,1.268602445109436,0,desert
1639,desert(932).jpg,192.97567749023438,177.15377807617188,143.7030792236328,1.3189667577679227,1.3415237767267683,1.4140259114130278,0,desert
1640,desert(877).jpg,192.87255859375,176.90380859375,143.39599609375,1.4095967627928732,1.4577359292874421,1.6949754371101122,0,desert
1641,desert(524).jpg,209.30703735351562,165.1746826171875,105.85670471191406,4.15767383824017,3.4246747460255293,3.139325839884585,0,desert
1642,desert(174).jpg,147.8126983642578,119.01211547851562,100.17153930664062,15.360423985242985,16.853755607243627,20.671594339758297,1394,desert
1643,desert(318).jpg,206.5924072265625,162.3229522705078,103.1112060546875,7.203737583508796,5.3087097508405146,4.102729614961113,0,desert
1644,desert(748).jpg,193.7745361328125,175.9073486328125,140.3995361328125,1.3886185594241611,1.3055960352886387,1.4440268030317538,0,desert
1645,desert(319).jpg,207.1102294921875,163.14549255371094,104.10684204101562,6.199903846916112,4.796158793012512,3.991755365915914,0,desert
1646,desert(749).jpg,193.42794799804688,175.23280334472656,139.7958984375,1.2627992812159607,1.3133316710831513,1.555942967779325,0,desert
1647,desert(460).jpg,208.75103759765625,163.61781311035156,103.57583618164062,6.705680795359296,5.190488192689698,4.257108410421964,0,desert
1648,desert(1078).jpg,177.83798217773438,164.72108459472656,145.51412963867188,1.4163789661170945,1.3533378045790034,1.4616836536374764,0,desert
1649,desert(899).jpg,192.8474578857422,174.5800018310547,141.16981506347656,1.493434711122508,1.2969958904485386,1.2723414099809802,0,desert
1650,desert(933).jpg,192.81591796875,177.05029296875,143.47998046875,1.2810310548864043,1.3417171804424028,1.309658698982928,0,desert
1651,desert(876).jpg,192.91140747070312,177.06619262695312,143.67369079589844,1.3345869439712077,1.3777541242043314,1.315524310873156,0,desert
1652,desert(525).jpg,206.27134704589844,163.72874450683594,105.55462646484375,3.469259436748894,2.837876218073651,2.727872953728312,0,desert
1653,desert(175).jpg,210.8126983642578,164.224609375,102.97445678710938,6.704966184823837,5.359944038098974,4.657477489769835,14,desert
1654,desert(18).jpg,160.5940399169922,115.25494384765625,111.27516174316406,4.827623153516798,3.3279883659997562,4.202785564182088,0,desert
1655,desert(964).jpg,192.11050415039062,174.89566040039062,141.27847290039062,1.6468711499991646,1.3030053586805506,1.2648041172751447,0,desert
1656,desert(437).jpg,165.9250030517578,137.23907470703125,134.19680786132812,7.322069882685772,4.658429022775723,5.207799801748762,74,desert
1657,desert(122).jpg,201.4105987548828,160.54176330566406,106.04522705078125,11.025106871974767,9.134128712689124,7.7531534456483095,393,desert
1658,desert(572).jpg,167.49270629882812,140.49435424804688,137.06500244140625,10.966300330763394,7.467174576292471,8.49861141719645,457,desert
1659,desert(821).jpg,174.82608032226562,161.52500915527344,144.4620819091797,1.609022562257292,1.4740958335629029,1.4475582929047426,0,desert
1660,desert(358).jpg,152.37149047851562,112.86997985839844,88.26194763183594,7.944492119037589,8.596712112352066,9.664908878948154,103,desert
1661,desert(708).jpg,193.5571746826172,174.9634246826172,141.0493621826172,1.3438849318168944,1.353420242424229,1.563736392366079,0,desert
1662,desert(421).jpg,210.22108459472656,164.0354766845703,103.88523864746094,6.0088432060769215,4.759794904487124,4.266476062412995,0,desert
1663,desert(1039).jpg,187.35157775878906,171.99136352539062,142.56103515625,8.894949225106357,7.928410757511366,1.752099480783244,0,desert
1664,desert(972).jpg,181.4549560546875,166.4251708984375,145.71200561523438,1.291327497985381,1.2699520822087045,1.34496671150129,0,desert
1665,desert(837).jpg,186.55191040039062,171.48583984375,142.71446228027344,9.547574551793248,8.315202417140659,1.6506193566107368,0,desert
1666,desert(564).jpg,176.47381591796875,163.271728515625,161.57484436035156,8.81639938603524,10.673685746844432,10.751506531946543,197,desert
1667,desert(134).jpg,204.82669067382812,161.96929931640625,104.13909912109375,7.178433004556033,5.866241068577689,4.970140903881179,70,desert
1668,desert(59).jpg,157.41268920898438,118.57386779785156,116.96263122558594,7.503324059572512,5.068383694532514,7.079693668302569,138,desert
1669,desert(925).jpg,178.8109588623047,165.8057861328125,146.2904510498047,1.309001623381986,1.220389309027636,1.4014581131595736,0,desert
1670,desert(476).jpg,165.14329528808594,127.18597412109375,121.81585693359375,7.194331962264734,4.8697251915007005,6.825525286207429,40,desert
1671,desert(163).jpg,205.04830932617188,164.19937133789062,109.67446899414062,7.27309664198767,6.268041604205382,5.725199575513377,234,desert
1672,desert(499).jpg,171.4591522216797,148.58786010742188,146.69068908691406,10.840827412081493,10.917585177115436,10.748916187019478,219,desert
1673,desert(533).jpg,173.20697021484375,141.1814727783203,135.8612823486328,9.118756104355155,7.044887755331585,8.39721277210224,434,desert
1674,desert(1081).jpg,180.09385681152344,165.8437957763672,146.09051513671875,1.5027221736426253,1.2485950195102624,1.4822201886896431,0,desert
1675,desert(860).jpg,192.9462432861328,174.3251495361328,140.2743682861328,1.187960020227749,1.2574144637488485,1.5230848141786886,0,desert
1676,desert(724).jpg,174.698974609375,159.55075073242188,141.86471557617188,1.474553088193908,1.4044107061390618,1.5960488566439601,0,desert
1677,desert(22).jpg,182.979736328125,179.66464233398438,170.1383819580078,10.081849700700184,4.188868984655665,4.806783101845777,37,desert
1678,desert(374).jpg,162.222412109375,123.595703125,117.9788818359375,7.277120569383039,3.882635162417834,4.427211424339578,11,desert
1679,desert(661).jpg,174.20777893066406,160.70777893066406,143.80934143066406,1.5085190737458083,1.391769380238326,1.3611402038972091,0,desert
1680,desert(231).jpg,155.9121551513672,122.72850036621094,98.29733276367188,4.219616659401093,4.557999919508031,5.225333512560801,28,desert
1681,desert(118).jpg,153.6625518798828,121.00639343261719,122.19209289550781,7.300387620248517,4.302915358681868,5.169075465131264,80,desert
1682,desert(548).jpg,208.37693786621094,163.9922332763672,105.68980407714844,9.173471552286097,7.263323987469465,5.9067111714954965,22,desert
1683,desert(1015).jpg,173.98043823242188,161.65594482421875,144.33084106445312,1.615180866584442,1.4943550392339024,1.3879269826659284,0,desert
1684,desert(323).jpg,206.14527893066406,161.48390197753906,103.33030700683594,6.091939083009134,4.6413269812244,3.8314097120800095,0,desert
1685,desert(75).jpg,186.55508422851562,179.55824279785156,168.15509033203125,9.791050608928389,5.1060435778287205,5.370398622440464,96,desert
1686,desert(773).jpg,180.5509796142578,166.19699096679688,145.8743133544922,2.0319322663858963,1.3873229681601928,1.5666337852049792,0,desert
1687,desert(289).jpg,169.09982299804688,122.72972106933594,115.48927307128906,7.266148920486418,5.02624270021604,5.666683740137154,125,desert
1688,desert(266).jpg,203.76258850097656,163.22438049316406,107.35346984863281,13.504699518891975,11.257341818784376,9.614657204642668,423,desert
1689,desert(636).jpg,164.2581024169922,150.00765991210938,149.42904663085938,10.426931691760883,7.983926031137084,6.8671720203376,178,desert
1690,desert(1042).jpg,192.78526306152344,176.92979431152344,143.61338806152344,1.248222656493384,1.2626193067764306,1.2808296120718818,0,desert
1691,desert(909).jpg,194.3594970703125,176.62228393554688,142.713134765625,1.8273830334574028,1.4469164270681523,1.4372607944326687,0,desert
1692,desert(765).jpg,182.0158233642578,167.38458251953125,146.53305053710938,1.4914336240452095,1.2859395301195624,1.379257062628023,0,desert
1693,desert(63).jpg,164.033935546875,115.30580139160156,109.6527099609375,5.774711948287078,3.904914682530191,5.302063045544085,0,desert
1694,desert(335).jpg,164.88243103027344,127.52896118164062,121.80230712890625,7.070840289227007,3.8195675871350088,4.972456317112671,109,desert
1695,desert(620).jpg,208.66973876953125,166.3754119873047,108.24887084960938,3.5977173793830572,2.8336033860366303,2.6227230302080047,0,desert
1696,desert(270).jpg,207.18666076660156,162.2186737060547,102.11810302734375,7.758293959720673,5.731917350453402,4.625781650072882,0,desert
1697,desert(159).jpg,150.36575317382812,119.23728942871094,96.05500793457031,4.739784734840975,5.429646627676252,6.838386499260415,6,desert
1698,desert(509).jpg,166.40750122070312,126.16316223144531,119.08412170410156,7.479793817870907,4.851223295841225,5.755680412477637,202,desert
1699,desert(335) (1).jpg,164.88243103027344,127.52896118164062,121.80230712890625,7.070840289227007,3.8195675871350088,4.972456317112671,109,desert
1700,desert(2).jpg,168.09886169433594,150.19580078125,135.08773803710938,11.448586665772913,14.522177466634309,17.14146066888747,2193,desert
1701,desert(1054).jpg,192.13011169433594,175.88011169433594,142.06370544433594,1.5198753304923465,1.3989449890009749,1.387521938225581,0,desert
1702,desert(334) (1).jpg,167.95054626464844,126.12255859375,119.11383056640625,6.795061630007401,4.050737194973114,4.507262111612396,11,desert
1703,desert(362).jpg,206.97003173828125,162.70416259765625,103.69757080078125,6.623303630028989,5.158880579630636,4.330080949888224,0,desert
1704,desert(34).jpg,187.3228759765625,181.62339782714844,169.6620635986328,5.893196585583832,3.116081222503582,3.3390206462863192,0,desert
1705,desert(698).jpg,193.12937927246094,175.2953338623047,141.26707458496094,1.4627849758913358,1.341163100273046,1.5251012226439695,0,desert
1706,desert(732).jpg,193.34576416015625,177.847900390625,145.32708740234375,3.033139573270915,3.632837430806906,4.530823246410347,0,desert
1707,desert(227).jpg,205.92242431640625,161.2255859375,101.83175659179688,9.746358811858244,7.627217892631444,6.197170458738302,109,desert
1708,desert(677).jpg,174.9513397216797,159.8497772216797,141.3534393310547,1.2683216736078735,1.283808283075802,1.4432749825990983,0,desert
1709,desert(1003).jpg,177.80081176757812,164.82421875,145.47682189941406,1.343873749831629,1.2839089692072945,1.3820773583563812,0,desert
1710,desert(948).jpg,193.97357177734375,176.40771484375,140.81942749023438,1.502166334826051,1.2622559528720445,1.4828893928845277,0,desert
1711,desert(895).jpg,192.9525909423828,174.46678161621094,140.19908142089844,1.2100154002950387,1.251193787727222,1.5236657716676243,0,desert
1712,desert(1074).jpg,192.36346435546875,174.59783935546875,141.17596435546875,1.505818989876418,1.3256448237754748,1.2047395508773742,0,desert
1713,desert(196).jpg,166.6644744873047,121.217041015625,114.51777648925781,6.132993042601955,3.5957679639085227,4.3705217216571,0,desert
1714,desert(179).jpg,204.22314453125,162.00587463378906,105.53999328613281,3.777803694801315,3.534054857489928,3.4019584346904024,0,desert
1715,desert(483).jpg,208.59779357910156,164.14163208007812,105.52281188964844,5.218976944903415,4.151076452586831,3.5990702302105113,0,desert
1716,desert(529).jpg,207.8453369140625,162.8456268310547,104.5638427734375,6.24764156547329,4.88236749011162,3.9946040605146096,0,desert
1717,desert(600).jpg,171.86062622070312,142.81698608398438,138.45822143554688,8.29964510597841,6.611171966734198,8.157246715966483,181,desert
1718,desert(250).jpg,166.19859313964844,124.12216186523438,119.2069091796875,7.472898533921294,5.252310067864897,5.5797172419007195,143,desert
1719,desert(745).jpg,193.3964080810547,176.2050018310547,142.3026580810547,1.5951984574422402,1.3069007261660266,1.3960118680645168,0,desert
1720,desert(43).jpg,187.7200927734375,185.42713928222656,174.68479919433594,5.980543228323512,2.9973389332939835,3.8533090157751477,0,desert
1721,desert(315).jpg,208.8943328857422,165.7324981689453,107.21101379394531,6.09355124780265,5.042397493484271,4.316579270859782,0,desert
1722,desert(591).jpg,208.2795867919922,163.98374938964844,105.9970703125,4.791146013962703,4.168665543874519,3.2498719116792554,0,desert
1723,desert(1023).jpg,175.36282348632812,161.98788452148438,144.01345825195312,1.5771519235743683,1.4222418628180695,1.6696197635243903,0,desert
1724,desert(968).jpg,179.34104919433594,165.6009521484375,145.80699157714844,1.5912693693501017,1.2841056483286735,1.481481742709572,0,desert
1725,desert(987).jpg,179.59417724609375,166.31930541992188,146.28659057617188,1.4616722857492963,1.29678213371566,1.4794287233621117,0,desert
1726,desert(207).jpg,155.9167938232422,108.91511535644531,82.10484313964844,9.337149565604573,10.085240634457156,10.985632528526104,340,desert
1727,desert(657).jpg,206.3113250732422,162.96759033203125,106.6561279296875,4.5340694261419765,3.578208501228779,2.8661242574292936,0,desert
1728,desert(342).jpg,165.6850128173828,126.10556030273438,121.1556396484375,6.4916406955032135,4.183864979072775,4.794502154469143,15,desert
1729,desert(14).jpg,158.1251220703125,117.98838806152344,115.88996887207031,6.622334644761485,4.356160895317416,6.350242941150261,45,desert
1730,desert(712).jpg,191.19403076171875,175.15887451171875,141.42059326171875,1.2142639846608074,1.2001014576554574,1.2761711416601451,0,desert
1731,desert(1035).jpg,174.73731994628906,159.79298400878906,140.97389221191406,1.4392342782002108,1.375745614419283,1.4587023843459543,0,desert
1732,desert(587).jpg,210.0593719482422,166.73561096191406,107.87104797363281,4.508469107950931,3.489717761187992,3.0900467755506726,0,desert
1733,desert(138).jpg,163.83177185058594,120.87196350097656,116.52963256835938,7.482452499542432,7.070913136755041,8.585139910449112,102,desert
1734,desert(568).jpg,175.46688842773438,141.46917724609375,133.9701690673828,10.47214711955977,7.79743639366878,8.710593007943231,815,desert
1735,desert(991).jpg,178.392333984375,166.0106964111328,145.45802307128906,1.188465303290892,1.2669836325957176,1.6728536557247384,0,desert
1736,desert(641).jpg,212.9108428955078,166.5370330810547,106.09797668457031,8.831767824741128,7.31420891063467,6.538196594246979,201,desert
1737,desert(211).jpg,136.84947204589844,115.49884033203125,103.99188232421875,13.804992591849173,14.40595020271349,19.95239072214458,652,desert
1738,desert(704).jpg,192.7384490966797,174.1525115966797,140.9689178466797,1.3344047080166557,1.23273381917302,1.2085642422621399,0,desert
1739,desert(354).jpg,157.4213104248047,124.67184448242188,100.20114135742188,8.428322734261245,8.213530126558055,8.337268662225739,1086,desert
1740,desert(180).jpg,155.49758911132812,122.92877197265625,100.38905334472656,7.3977028442084345,8.638395666622403,9.334921907094811,290,desert
1741,desert(786) (1).jpg,179.23464965820312,166.85330200195312,147.55064392089844,1.2909406154702785,1.5103789557416258,1.335285801539003,0,desert
1742,desert(1062).jpg,192.92596435546875,174.18785095214844,140.62847900390625,1.1802356643225294,1.1922599843838015,1.3858007898500446,0,desert
1743,desert(883).jpg,192.34536743164062,175.25247192382812,141.88177490234375,1.7126888579865676,1.7240091747754058,1.538060785723713,0,desert
1744,desert(929).jpg,173.08871459960938,158.95199584960938,141.01058959960938,1.7393045325432586,1.2671852057556146,1.4969178683283657,0,desert
1745,desert(787) (1).jpg,179.50625610351562,167.44351196289062,147.56680297851562,1.273038634557118,1.5754002684906476,1.7321456699212876,0,desert
1746,desert(495).jpg,205.2364501953125,162.174560546875,104.71861267089844,6.044616078913929,4.993506261871482,3.894717225891233,0,desert
1747,desert(246).jpg,139.13983154296875,112.12318420410156,97.96037292480469,20.78490135616921,13.638416947666006,15.952104449255293,1847,desert
1748,desert(616).jpg,205.30453491210938,162.98056030273438,105.40176391601562,13.865743813617957,10.795427183522323,8.351021267771515,468,desert
1749,desert(303).jpg,161.9832305908203,128.4257354736328,126.02392578125,6.835960458018715,4.595836437834421,5.763478921254209,0,desert
1750,desert(55).jpg,159.4833984375,125.15159606933594,123.52420043945312,6.169070685958861,5.508389947914484,6.199775763244307,23,desert
1751,desert(753).jpg,192.75645446777344,174.02989196777344,140.86192321777344,1.3022160920869827,1.209036067876676,1.2405252685287778,0,desert
1752,desert(817).jpg,174.03504943847656,160.89459228515625,144.30690002441406,2.562150114975148,1.8413560477297142,1.587429638885795,0,desert
1753,desert(544).jpg,177.4835968017578,137.9470672607422,116.64385986328125,22.375493174503998,17.693589258120458,8.804895191865528,0,desert
1754,desert(114).jpg,166.95889282226562,123.67860412597656,117.51148986816406,5.590335431707226,5.348167602904968,6.4973601020283285,66,desert
1755,desert(401).jpg,203.7090301513672,161.42140197753906,104.55918884277344,3.6772120786283233,3.2145830259230714,2.830574535049248,0,desert
1756,desert(1019).jpg,176.0576934814453,163.37338256835938,145.64453125,2.3905383873794324,1.7747333532740859,1.6173714795710006,0,desert
1757,desert(952).jpg,192.8960418701172,174.2476043701172,140.8257293701172,1.2874204341330986,1.2237672411325544,1.340137854565692,0,desert
1758,desert(378).jpg,164.13999938964844,131.55166625976562,128.15113830566406,9.0213053027394,7.627240019456495,9.905053080326446,14,desert
1759,desert(682).jpg,191.6465606689453,175.63241577148438,142.17828369140625,1.3483087458829868,1.3448561032549906,1.3765690031017102,0,desert
1760,desert(728).jpg,186.1981201171875,171.10903930664062,142.65843200683594,9.418738796092041,8.141227414725572,1.6714779412825982,0,desert
1761,desert(397).jpg,209.47409057617188,164.1722412109375,104.26048278808594,6.823182302918944,5.324655414175448,4.407209659604651,0,desert
1762,desert(143).jpg,162.5259552001953,121.74427795410156,118.09095764160156,4.0129905523544345,4.123248759403343,4.210707034905358,0,desert
1763,desert(513).jpg,208.13015747070312,163.39035034179688,104.51084899902344,9.415783488937846,7.411094202915463,6.05522715130553,52,desert
1764,desert(840).jpg,192.81747436523438,176.9210205078125,143.5230255126953,1.251882300776377,1.2717420782697761,1.2506178557327645,0,desert
1765,desert(905).jpg,191.21568298339844,174.81333923339844,141.09458923339844,1.5925543205047314,1.3100072755227943,1.378705065341581,0,desert
1766,desert(456).jpg,211.48526000976562,167.41622924804688,108.228271484375,5.623689302006325,4.574837667904699,3.6212539966602018,0,desert
1767,desert(285).jpg,155.85780334472656,116.80734252929688,94.54571533203125,9.859317635971124,19.842328745691805,25.67776907480863,340,desert
1768,desert(79).jpg,183.6824188232422,180.6973876953125,170.3784942626953,8.206098031715808,3.954882022093291,4.159271197326692,6,desert
1769,desert(96).jpg,165.12452697753906,122.2127685546875,116.16142272949219,9.060778001249101,6.566157782787763,9.704838400566711,224,desert
1770,desert(790).jpg,179.13197326660156,167.53260803222656,147.9527130126953,1.1700478152239444,1.3825052439095615,1.3081824075179496,0,desert
1771,desert(856).jpg,194.45697021484375,176.52981567382812,141.12591552734375,1.3960385324459286,1.2819032977009908,1.5359410022509394,0,desert
1772,desert(505).jpg,164.30812072753906,135.53793334960938,133.37229919433594,8.572277077762061,6.763161378561936,7.916866628978261,171,desert
1773,desert(155).jpg,143.5804443359375,126.05149841308594,113.05255126953125,10.13535854423235,10.833928702066368,12.695727765700925,681,desert
1774,desert(440).jpg,163.8698272705078,127.30802917480469,124.18331909179688,6.618732866844302,5.481111607888788,7.673819529486581,108,desert
1775,desert(1058).jpg,193.4364471435547,175.4559783935547,141.0536346435547,1.467322394379305,1.3832482853302581,1.5724510965328378,0,desert
1776,desert(913).jpg,182.13406372070312,167.14578247070312,146.22781372070312,1.2725392018927097,1.2619254999125116,1.294229353552491,0,desert
1777,desert(339).jpg,160.8087615966797,125.41474914550781,121.35906982421875,6.6192858071493115,3.903541450562742,4.808637173748648,0,desert
1778,desert(769).jpg,182.60549926757812,167.6648712158203,146.87124633789062,1.2227035363257948,1.1662924746781174,1.3237034430114247,0,desert
1779,desert(293).jpg,164.42572021484375,127.49798583984375,121.95994567871094,6.056474542232027,3.5425094755787336,3.85210889531762,0,desert
1780,desert(786).jpg,179.23464965820312,166.85330200195312,147.55064392089844,1.2909406154702785,1.5103789557416258,1.335285801539003,0,desert
1781,desert(80).jpg,190.80267333984375,182.27786254882812,169.7274627685547,8.684336284983209,4.006396182694459,3.9656599616090302,22,desert
1782,desert(102).jpg,168.4407196044922,132.0213623046875,119.79377746582031,17.64180293190648,24.85375255988899,21.646394728949986,61,desert
1783,desert(552).jpg,209.24185180664062,165.13958740234375,105.83248901367188,5.3980963973741165,4.506409305618297,4.215003154553609,0,desert
1784,desert(801).jpg,176.77171325683594,163.5282745361328,144.55015563964844,1.4416634786756262,1.2856584272745617,1.3086528578796044,0,desert
1785,desert(944).jpg,192.4556427001953,175.95518493652344,142.17127990722656,1.4140250196251523,1.346831598679946,1.2723369419954753,0,desert
1786,desert(417).jpg,206.738525390625,162.02035522460938,103.15650939941406,9.523991353528713,7.223741896894995,5.691350863945032,131,desert
1787,desert(38).jpg,166.36062622070312,135.01239013671875,111.92781066894531,8.77024979647748,9.03426023308613,9.627500905522338,1354,desert
1788,desert(694).jpg,193.28631591796875,176.64178466796875,142.94256591796875,1.4327769733192819,1.2965957487449071,1.2904219755759558,0,desert
1789,desert(381).jpg,209.1726531982422,163.30685424804688,103.84815979003906,8.327965074044435,6.397134283624286,5.2501947829244235,9,desert
1790,desert(559).jpg,210.77777099609375,165.4330596923828,106.32377624511719,8.031542067421444,6.287395854559729,4.8830637308100435,0,desert
1791,desert(109).jpg,160.51023864746094,128.8506317138672,129.33071899414062,5.229328155059815,4.361976349622733,5.400946861217565,0,desert
1792,desert(1004).jpg,177.83444213867188,165.43017578125,146.11679077148438,1.2323317816006705,1.286067094912461,1.2064058568646516,0,desert
1793,desert(33).jpg,188.1079864501953,180.32919311523438,168.17115783691406,8.841648915929131,3.836828410837578,3.925315042558936,8,desert
1794,desert(365).jpg,166.33206176757812,132.38616943359375,128.97642517089844,8.921103355536754,5.245328476349968,5.660250032771302,174,desert
1795,desert(735).jpg,191.94888305664062,174.65982055664062,141.40591430664062,1.6143957931224904,1.579845323788679,1.466732467870363,0,desert
1796,desert(220).jpg,206.8450164794922,161.7645721435547,102.12858581542969,5.873647762927337,4.515169783369364,3.9692601775413507,0,desert
1797,desert(670).jpg,172.4275665283203,159.30581665039062,142.8474578857422,1.4798149442188888,1.3275091787642121,1.3164238481979575,0,desert
1798,desert(918).jpg,181.3999786376953,167.3140411376953,147.5796661376953,1.4290275541500992,1.2351394447651332,1.405099698232642,0,desert
1799,desert(5).jpg,163.58518981933594,120.49789428710938,116.71043395996094,5.991154043814327,3.7116687384228837,4.988325459343938,0,desert
1800,desert(1053).jpg,192.6044158935547,176.4989471435547,142.5848846435547,1.257214786896784,1.2188747391650037,1.2225238716768863,0,desert
1801,desert(762).jpg,192.1878662109375,174.7230224609375,141.3128662109375,1.4953489865163538,1.4243320101987305,1.3320770199874374,0,desert
1802,desert(298).jpg,162.86700439453125,125.59510803222656,120.73713684082031,5.855653519097836,3.6687178740207207,4.192221015936557,5,desert
1803,desert(332).jpg,166.93849182128906,127.68190002441406,123.39530944824219,8.436645519279278,6.849285595036037,8.204620137298072,433,desert
1804,desert(64).jpg,158.57667541503906,127.09788513183594,103.34326171875,5.938413151974279,8.078571776208236,10.72109149014675,21,desert
1805,desert(1009) (1).jpg,177.46826171875,165.56019592285156,147.01229858398438,1.6125479964572516,1.360701843723552,1.5227566955414624,0,desert
1806,desert(1008) (1).jpg,177.1975555419922,165.45144653320312,147.17800903320312,1.5866937871054738,1.5594085768938588,1.5635804204976838,0,desert
1807,desert(627).jpg,173.98280334472656,154.86744689941406,152.64540100097656,7.841893552262001,7.5569407422302675,7.259816303989035,47,desert
1808,desert(277).jpg,164.49729919433594,136.45040893554688,117.22264099121094,13.062306976765557,9.643315971365453,8.07521787678743,819,desert
1809,desert(518).jpg,204.7595672607422,162.4163055419922,105.77961730957031,12.449664584825198,10.218695449653879,8.696240766378843,245,desert
1810,desert(148).jpg,154.29930114746094,106.533935546875,76.69351196289062,7.709952175514093,8.17571175404924,6.780547785150001,6,desert
1811,desert(1045).jpg,191.71458435058594,175.72999572753906,142.37905883789062,1.3198287545167504,1.3203083071240036,1.3706508607893675,0,desert
1812,desert(72).jpg,165.4638214111328,136.6057586669922,115.48200988769531,9.986010280126179,9.945095388285143,10.32684459671052,1494,desert
1813,desert(324).jpg,155.2954864501953,132.31153869628906,112.1800537109375,8.52090477889027,8.930357581654965,9.081522470805218,1364,desert
1814,desert(774).jpg,179.58888244628906,166.61740112304688,147.48660278320312,1.2548748920613748,1.2709710330815303,1.2770644120908594,0,desert
1815,desert(750) (1).jpg,193.0911407470703,174.8225860595703,139.7808380126953,1.2105128811840573,1.2587596402122005,1.586568418494093,0,desert
1816,desert(261).jpg,152.91796875,123.29771423339844,102.98410034179688,11.434816139387706,7.7402837057554645,7.361350078896679,716,desert
1817,desert(631).jpg,173.49362182617188,141.6349334716797,134.96871948242188,10.593905077798944,8.019835470618995,8.146967256856882,1285,desert
1818,desert(751) (1).jpg,192.8196563720703,174.4759063720703,139.6946563720703,1.2415456199637191,1.282202129084007,1.5791436255679212,0,desert
1819,desert(959).jpg,192.41534423828125,174.83721923828125,141.25909423828125,1.6320475641405778,1.35135619154491,1.3065724818389655,0,desert
1820,desert(1012).jpg,175.362548828125,163.1407928466797,145.24899291992188,2.0232408199679455,1.8338830942634792,1.7791454361181462,0,desert
1821,desert(723).jpg,176.04937744140625,161.04937744140625,143.57672119140625,1.9637376305304695,1.6916913668811377,1.6613931322956663,0,desert
1822,desert(373).jpg,166.26226806640625,125.08067321777344,118.36595153808594,7.707784682344882,4.860358497831399,6.013971445148505,0,desert
1823,desert(689).jpg,192.43621826171875,176.35418701171875,142.69793701171875,1.3143552755067585,1.285201432787529,1.36258354887805,0,desert
1824,desert(25).jpg,181.0719451904297,178.12001037597656,168.46339416503906,8.23960432197676,4.165654594194594,4.263149218928047,56,desert
1825,desert(666).jpg,175.1273193359375,162.13548278808594,144.73526000976562,1.490917159385309,1.4081370169370588,1.5043919729491473,0,desert
1826,desert(236).jpg,163.70884704589844,127.90861511230469,124.40872192382812,4.905959993548103,3.437050964784706,4.8662499952155525,0,desert
1827,desert(471).jpg,169.4547576904297,133.4939422607422,127.20999145507812,9.23121497108637,8.642943005254422,11.777848440675765,328,desert
1828,desert(922).jpg,180.4464569091797,165.86294555664062,145.28842163085938,1.6108918315312664,1.346126719149641,1.5914805299800383,0,desert
1829,desert(1069).jpg,192.63894653320312,174.74050903320312,141.26394653320312,1.5468984416066907,1.36201642962083,1.3155554840128567,0,desert
1830,desert(888).jpg,192.81448364257812,176.40042114257812,142.49807739257812,1.4277356688523595,1.2930463320312826,1.2782200128447962,0,desert
1831,desert(867).jpg,191.4051513671875,174.3074951171875,140.6942138671875,1.6752504117091642,1.3738640460279705,1.2872859793154263,0,desert
1832,desert(1086).jpg,181.3591766357422,166.8881072998047,146.1498565673828,1.479320862972596,1.2997455690060322,1.531933733329808,0,desert
1833,desert(164).jpg,201.84140014648438,161.52810668945312,107.42398071289062,11.840683037620858,9.826626838532825,8.866920143195149,512,desert
1834,desert(534).jpg,166.20281982421875,138.9376678466797,136.41168212890625,10.574538459461133,7.572852117265142,8.67909751328165,329,desert
1835,desert(758).jpg,191.71072387695312,174.36697387695312,140.81228637695312,1.5932324491846659,1.3318552753265809,1.251980529446541,0,desert
1836,desert(308).jpg,204.4942169189453,160.9783935546875,103.81503295898438,6.584609575000804,5.318682359238431,4.781141219798867,79,desert
1837,desert(975).jpg,182.05023193359375,167.45257568359375,147.16741943359375,1.3933251331529042,1.293391200486013,1.5453407103255654,0,desert
1838,desert(426).jpg,210.677734375,165.27154541015625,104.83601379394531,6.614006566010092,5.293759422437418,4.5370427685656765,0,desert
1839,desert(563).jpg,177.97071838378906,163.0564422607422,159.6178436279297,11.166830433813258,14.424109504532382,15.349645978920313,486,desert
1840,desert(133).jpg,204.95574951171875,161.46804809570312,103.26753234863281,6.57840297065229,4.955002436343617,3.7902147799534,0,desert
1841,desert(830).jpg,175.73265075683594,160.98143005371094,143.1047821044922,1.6457545086334764,1.3778401972809686,1.6365437578385662,0,desert
1842,desert(430).jpg,206.79159545898438,163.12521362304688,104.33148193359375,5.413095166867595,4.223396054616516,3.701004152850912,0,desert
1843,desert(963).jpg,191.5242919921875,175.0086669921875,141.2039794921875,1.3917071760824231,1.228483499855939,1.1845486694774003,0,desert
1844,desert(75) (1).jpg,186.55508422851562,179.55824279785156,168.15509033203125,9.791050608928389,5.1060435778287205,5.370398622440464,96,desert
1845,desert(1028).jpg,174.56610107421875,160.36688232421875,141.94110107421875,1.7809743573839019,1.3661641337167263,1.5118280107604634,0,desert
1846,desert(826).jpg,174.72323608398438,161.12425231933594,143.83343505859375,1.5107446801819115,1.4242404632899786,1.585310919074893,0,desert
1847,desert(125).jpg,206.69796752929688,161.41409301757812,101.18830871582031,8.439116209207,6.7079336350682945,5.9677670704408605,85,desert
1848,desert(575).jpg,162.75338745117188,127.5611572265625,124.32276916503906,7.561977650140818,3.9326585474295164,6.297259632536724,25,desert
1849,desert(719).jpg,182.1400604248047,167.5907440185547,147.43850708007812,1.5722031982983204,1.2954054722555681,1.6671780891541648,0,desert
1850,desert(349).jpg,210.91818237304688,167.01612854003906,108.41636657714844,4.1664936578987355,3.5476577814741406,3.167334354852023,0,desert
1851,desert(934).jpg,192.4853057861328,176.4772491455078,142.72007751464844,1.2370042796576435,1.224944683933932,1.2846386092190156,0,desert
1852,desert(467).jpg,164.25668334960938,136.12889099121094,134.44483947753906,9.732711780353899,6.447973240805399,5.66146033263608,245,desert
1853,desert(522).jpg,210.79205322265625,167.05557250976562,107.91574096679688,6.744568060546148,5.273824645684001,4.421103209511377,0,desert
1854,desert(172).jpg,159.60467529296875,115.81814575195312,88.02389526367188,5.324432152916464,7.622700990455364,7.679157555009228,84,desert
1855,desert(488).jpg,211.5729217529297,167.0139923095703,107.47903442382812,6.2268290051169135,5.050994486647167,4.3323943739025,0,desert
1856,desert(1090).jpg,178.53955078125,165.76490783691406,146.55796813964844,1.4021178677270287,1.3625979609466203,1.3296623629603115,0,desert
1857,desert(871).jpg,191.9197540283203,175.15391540527344,141.705322265625,1.5674870922034718,1.3479022381194141,1.3715732312081415,0,desert
1858,desert(332) (1).jpg,166.93849182128906,127.68190002441406,123.39530944824219,8.436645519279278,6.849285595036037,8.204620137298072,433,desert
1859,desert(48).jpg,164.66627502441406,125.09536743164062,121.54132080078125,12.237907888258126,9.114023753467155,9.83627266176467,644,desert
1860,desert(333) (1).jpg,167.33067321777344,124.94802856445312,119.89085388183594,4.862189229645767,3.132478807846263,3.661363523665573,0,desert
1861,desert(739).jpg,193.5706329345703,176.1214141845703,142.5862579345703,1.6296556661198358,1.3658637974439247,1.2976418095874103,0,desert
1862,desert(369).jpg,167.5174560546875,127.84992980957031,123.37309265136719,7.404795345874168,5.653963328996723,7.010601747271583,38,desert
1863,desert(693).jpg,193.21200561523438,176.22573852539062,142.48648071289062,1.521555297518289,1.4625994487389025,1.337535718845876,0,desert
1864,desert(386).jpg,149.2291259765625,110.09297180175781,86.1932373046875,7.121569902673227,6.447668275459507,8.84226677979208,97,desert
1865,desert(806).jpg,176.2270050048828,164.9418487548828,147.1332550048828,1.6297530704163719,1.49783874249254,1.3720075972230417,0,desert
1866,desert(105).jpg,164.39488220214844,115.02066040039062,109.58636474609375,5.922287053156161,4.285126028654169,4.9126854556842465,26,desert
1867,desert(555).jpg,210.33290100097656,166.3177947998047,107.27967834472656,4.620018991640523,3.681619980264705,3.3445593893430225,0,desert
1868,desert(410).jpg,164.51226806640625,126.78927612304688,121.86988830566406,7.192517075900812,4.690614042544893,5.417327345750898,0,desert
1869,desert(943).jpg,193.25579833984375,175.09954833984375,141.83001708984375,1.4470629003115867,1.3948460485401617,1.2812165962493665,0,desert
1870,desert(1008).jpg,177.1975555419922,165.45144653320312,147.17800903320312,1.5866937871054738,1.5594085768938588,1.5635804204976838,0,desert
1871,desert(68).jpg,179.01268005371094,161.36688232421875,149.123291015625,15.300725135760889,23.176284810849502,29.063171459973088,4448,desert
1872,desert(294).jpg,164.09071350097656,125.17079162597656,119.78054809570312,7.896617182747164,4.1238592789197135,5.97400098640171,0,desert
1873,desert(781).jpg,178.15982055664062,165.220947265625,145.80752563476562,1.1991362927788716,1.201225440839098,1.3391439063561277,0,desert
1874,desert(87).jpg,188.3850555419922,185.13804626464844,174.19729614257812,7.252741984049776,3.409751496069681,4.244012471597712,15,desert
1875,desert(502).jpg,155.0152587890625,136.96409606933594,139.37794494628906,7.724669120354976,5.030359062667836,4.78594808758586,97,desert
1876,desert(152).jpg,139.17031860351562,116.50323486328125,101.9393310546875,10.865199724792205,10.105665279279313,10.381180197207213,2102,desert
1877,desert(851).jpg,192.6588897705078,176.3385772705078,142.4792022705078,1.489574983232373,1.36215765024539,1.3258232161723975,0,desert
1878,desert(9).jpg,164.9951629638672,122.78767395019531,119.21658325195312,5.257588258271195,5.307480514450303,5.05906250440623,0,desert
1879,desert(914).jpg,182.46974182128906,167.08177185058594,146.275146484375,1.3003295365247214,1.2555466820859604,1.2035216383642955,0,desert
1880,desert(447).jpg,159.3074951171875,130.48008728027344,129.04342651367188,8.11701959192167,5.54292610027631,8.651755947991912,0,desert
1881,desert(778).jpg,179.1318359375,165.3719940185547,145.93020629882812,2.219207071854944,1.5917101578260793,1.557172380213124,0,desert
1882,desert(282).jpg,204.01348876953125,160.2293701171875,102.96070861816406,8.781682731573625,6.698835070552669,5.554258708907741,182,desert
1883,desert(328).jpg,156.84481811523438,124.20082092285156,99.18193054199219,6.9798553524298566,7.417735272122928,7.5718118054497525,495,desert
1884,desert(781) (1).jpg,178.15982055664062,165.220947265625,145.80752563476562,1.1991362927788716,1.201225440839098,1.3391439063561277,0,desert
1885,desert(91).jpg,158.8205108642578,123.43208312988281,123.27168273925781,9.49993709286091,6.319063851775513,6.570776599091308,25,desert
1886,desert(797).jpg,177.58795166015625,164.70993041992188,145.26730346679688,1.2975516320738973,1.393199958042025,1.4771895259921362,0,desert
1887,desert(847).jpg,193.00267028808594,176.39720153808594,142.63938903808594,1.5211748657207693,1.315933513284145,1.2811706883863005,0,desert
1888,desert(144).jpg,159.43185424804688,128.57765197753906,108.87205505371094,7.491614840878358,7.058569786170825,7.981163911407793,265,desert
1889,desert(514).jpg,208.90025329589844,163.90347290039062,105.19921875,8.826220891684613,6.849550474208399,5.458457110605552,23,desert
1890,desert(451).jpg,207.33856201171875,162.96571350097656,104.84439086914062,6.019755565058192,4.689547011107059,3.8064900000734028,0,desert
1891,desert(902).jpg,193.08206176757812,174.94924926757812,141.41018676757812,1.5202424017412335,1.3341042054979788,1.3343681349650325,0,desert
1892,desert(1049).jpg,191.6272430419922,173.85507202148438,140.76260375976562,1.775445072188471,1.6781309742061998,1.5094843250151135,0,desert
1893,desert(685).jpg,193.1021728515625,176.0592041015625,142.3170166015625,1.576615201486982,1.4002055866568495,1.3624788507954952,0,desert
1894,desert(29).jpg,180.78482055664062,179.80015563964844,170.12525939941406,8.134915017282328,4.143273103707878,4.551917350122981,1,desert
1895,desert(390).jpg,209.23609924316406,166.72059631347656,108.6707763671875,4.943367996847915,4.082561716235429,3.480950248370262,0,desert
1896,desert(543).jpg,164.7084197998047,125.07855224609375,119.33108520507812,6.955592515504116,3.9114918209471883,5.383067779602155,20,desert
1897,desert(113).jpg,166.36151123046875,122.84165954589844,115.69947814941406,6.0177617399462235,4.2539222141354704,5.877768294860099,62,desert
1898,desert(810).jpg,175.00216674804688,163.24830627441406,145.65403747558594,1.662042551176609,1.3765877285375043,1.3490481471692315,0,desert
1899,desert(955).jpg,192.51199340820312,173.776123046875,140.5415496826172,1.4195904400687802,1.3854763214155688,1.4297241084272732,0,desert
1900,desert(406).jpg,172.76834106445312,132.14743041992188,124.96290588378906,9.822698032495007,7.078471560486048,8.125535987620315,323,desert
1901,desert(241).jpg,164.01712036132812,120.74607849121094,116.11051940917969,5.590053650292623,3.765765792906235,3.7071249080949524,0,desert
1902,desert(611).jpg,209.97885131835938,166.2240447998047,107.56399536132812,12.799233728317216,10.598664332902882,8.647454356606218,285,desert
1903,desert(52).jpg,167.3109130859375,116.90705871582031,109.47450256347656,6.80193197625744,4.8141720643081864,4.618828682291186,25,desert
1904,desert(304).jpg,163.51290893554688,126.41378784179688,122.6619873046875,6.930479140943642,4.399725925069775,4.682351245826391,6,desert
1905,desert(754).jpg,192.2134246826172,174.2993621826172,140.9360809326172,1.4941793242753496,1.293067956324555,1.2059324680401258,0,desert
1906,desert(884).jpg,193.4317626953125,175.4903564453125,142.1466064453125,1.4967761313691788,1.3482273771314464,1.2320327688629908,0,desert
1907,desert(1065).jpg,192.7875518798828,174.1977081298828,140.9984893798828,1.3445621456970613,1.281733996338721,1.2635064399087659,0,desert
1908,desert(187).jpg,164.37611389160156,126.03800964355469,122.41873168945312,5.3822060739421955,4.9103571799983055,5.5057553297221045,64,desert
1909,desert(538).jpg,164.0761260986328,133.56631469726562,130.3323516845703,6.386754834203685,4.700145372335075,5.440684187945354,88,desert
1910,desert(168).jpg,207.04470825195312,161.8716278076172,101.95527648925781,4.882857819823709,3.7695838822942402,3.2689779703559996,0,desert
1911,desert(492).jpg,208.5077667236328,164.0037841796875,104.29232788085938,4.709330751106415,3.8588195876033895,3.4971947080607184,0,desert
1912,desert(646).jpg,207.0169677734375,163.60226440429688,105.82890319824219,9.042201077563275,6.832808015763774,5.010914131206669,197,desert
1913,desert(216).jpg,206.08274841308594,161.32052612304688,101.42762756347656,11.14420213389493,8.966179799220209,7.645173685892487,226,desert
1914,desert(703).jpg,192.51344299316406,174.31027221679688,140.842041015625,1.4120224229962377,1.2719683623287188,1.291302555303498,0,desert
1915,desert(353).jpg,211.3537139892578,165.7246551513672,105.22447204589844,6.83188893060275,5.7393705917571385,5.282100511288323,16,desert
1916,desert(580).jpg,207.9420623779297,164.01011657714844,106.0501708984375,10.433467984992474,8.005727903887175,5.995309952443814,24,desert
1917,desert(979).jpg,180.73614501953125,166.47763061523438,146.61544799804688,1.7844227999466202,1.3288440521453533,1.4951935140685282,0,desert
1918,desert(1032).jpg,175.11053466796875,159.90870666503906,141.80792236328125,1.436572427387552,1.4983653608285172,1.5399551598547163,0,desert
1919,desert(996).jpg,176.68569946289062,163.74452209472656,144.67686462402344,1.3041145210799197,1.3331907837566457,1.3550012823173077,0,desert
1920,desert(200).jpg,163.94769287109375,129.78799438476562,126.6314697265625,6.388818093378556,7.337973952296222,9.097094578682668,26,desert
1921,desert(650).jpg,208.89707946777344,166.19390869140625,107.83837890625,4.6977277758132985,3.5575962694313863,2.9881513180877284,0,desert
1922,desert(13).jpg,164.07684326171875,114.53285217285156,108.37617492675781,6.423857540377583,4.872243670140412,5.930087837907553,28,desert
1923,desert(345).jpg,206.28358459472656,161.19773864746094,102.50955200195312,8.913047861694693,6.802929802303839,5.648575298239697,71,desert
1924,desert(715).jpg,182.96646118164062,167.8813018798828,146.91970825195312,1.1024229357663426,1.1043407957667362,1.0950432144192197,0,desert
1925,desert(1024).jpg,175.2549591064453,161.1753692626953,143.08021545410156,1.641438081122098,1.4399365870174248,1.8135659385697747,0,desert
1926,desert(596).jpg,180.5327606201172,162.03567504882812,157.99575805664062,8.946260579320148,7.736551334959863,7.392708749196588,233,desert
1927,desert(579).jpg,205.7285614013672,162.88023376464844,105.79185485839844,9.66480170567528,7.785591310224695,6.244799706823909,94,desert
1928,desert(129).jpg,205.0304718017578,161.0077667236328,102.21653747558594,4.874048616056312,3.7291106140672903,3.396317848050618,0,desert
1929,desert(980).jpg,178.98403930664062,165.88372802734375,146.6885528564453,1.3910161466819815,1.3052371103796139,1.355913631248111,0,desert
1930,desert(607).jpg,157.99107360839844,133.11439514160156,133.5791778564453,7.987219881030659,5.489849614129485,6.9813060691751545,69,desert
1931,desert(257).jpg,155.9936065673828,119.12429809570312,92.27093505859375,7.457728286764991,8.486994469768963,9.063491053282451,473,desert
1932,desert(742).jpg,192.31402587890625,175.99761962890625,142.16558837890625,1.5830067758715634,1.4555571708399007,1.4261987558243592,0,desert
1933,desert(312).jpg,209.3076934814453,165.332763671875,107.10275268554688,5.526649913589108,4.680598907367413,4.03165510814151,0,desert
1934,desert(44).jpg,189.96583557128906,184.9160614013672,172.6551971435547,5.583337061122132,2.934748892936029,3.339191479281226,0,desert
1935,desert(191).jpg,145.95701599121094,123.09107971191406,108.59207153320312,9.129705946572805,12.166574424275273,14.531176726319298,525,desert
1936,desert(938).jpg,190.44081115722656,174.71029663085938,141.63331604003906,1.4534211227954603,1.3911279585182201,1.3978984741443772,0,desert
1937,desert(1073).jpg,192.07888793945312,174.96951293945312,141.29373168945312,1.5850335581648862,1.3149106329834592,1.2619525287606455,0,desert
1938,desert(892).jpg,193.71316528320312,176.3042449951172,140.74758911132812,1.5765292103540078,1.2954779928723046,1.4811262715725402,0,desert
1939,desert(484).jpg,206.4198760986328,163.13430786132812,105.80001831054688,6.842016570875346,5.629994286494755,4.760603527592941,0,desert
1940,desert(190).jpg,165.60430908203125,131.13763427734375,126.9083251953125,5.906005780844999,4.038239872591856,4.468396951494239,0,desert
1941,desert(939).jpg,191.0398406982422,174.34962463378906,141.33004760742188,1.7198104680202444,1.6034861292867648,1.5429394293667107,0,desert
1942,desert(893).jpg,193.56800842285156,175.31019592285156,140.90394592285156,1.4012001694861866,1.3899391912118242,1.560557090784922,0,desert
1943,desert(1072).jpg,191.5853729248047,174.9291229248047,141.1478729248047,1.3712792480783385,1.2411538544463658,1.1556557507842224,0,desert
1944,desert(485).jpg,208.44973754882812,163.5067138671875,104.78240966796875,11.68225334711075,8.35700996580228,6.328594168884412,104,desert
1945,desert(606).jpg,165.54112243652344,128.79055786132812,124.89161682128906,6.550338870341604,4.371415239665502,6.010190770784314,7,desert
1946,desert(256).jpg,208.973876953125,162.3387451171875,102.49372863769531,7.54880490712769,6.04587546547389,5.534349059094978,82,desert
1947,desert(743).jpg,192.60455322265625,176.27247619628906,142.41754150390625,1.4599219466906672,1.375096501867426,1.3298265426480749,0,desert
1948,desert(313).jpg,208.06698608398438,165.83238220214844,108.65724182128906,7.006762841072674,5.580025442319177,4.455368169659588,0,desert
1949,desert(45).jpg,158.74337768554688,119.10841369628906,117.89588928222656,4.945815606066313,3.5615077100434767,4.362976384990384,0,desert
1950,desert(1025).jpg,174.96218872070312,161.41775512695312,143.74832153320312,1.9328490660773434,1.5581908359530705,1.6059430154529222,0,desert
1951,desert(597).jpg,176.81028747558594,151.7444305419922,146.4051055908203,11.109237857490108,8.49501022827523,9.421288600239198,1004,desert
1952,desert(578).jpg,209.95950317382812,165.39842224121094,106.5439453125,6.018399980674474,4.759312861332441,3.9022937729454266,0,desert
1953,desert(128).jpg,203.78854370117188,160.1168975830078,101.53495788574219,5.1765604345844025,3.8653788534466926,3.389981198517561,0,desert
1954,desert(981).jpg,178.8606719970703,166.45639038085938,147.26795959472656,1.2356401497482743,1.346978790934655,1.320701689801879,0,desert
1955,desert(201).jpg,163.4846954345703,126.34135437011719,122.82025146484375,6.90350165540753,5.351018678724322,6.326760754584435,36,desert
1956,desert(747) (1).jpg,194.46730041503906,176.48809814453125,141.6099395751953,1.448591744361013,1.367715950062421,1.611165405423664,0,desert
1957,desert(651).jpg,209.89593505859375,166.61318969726562,107.86946105957031,3.8380218789173464,2.948042394806008,2.593715406409415,0,desert
1958,desert(746) (1).jpg,193.75390625,175.84765625,141.98828125,1.6583722031732842,1.5275735121299197,1.5899397237616628,0,desert
1959,desert(12).jpg,164.8822479248047,136.9013671875,114.34037780761719,10.377551622906623,7.481145365022338,8.860177736110293,665,desert
1960,desert(344).jpg,208.00570678710938,163.01803588867188,104.48725891113281,8.750938030130841,6.745973509689952,5.57696690259349,74,desert
1961,desert(714).jpg,191.2403106689453,175.0528106689453,141.1387481689453,1.2756065408422355,1.2151151618211897,1.2018393273880292,0,desert
1962,desert(581).jpg,212.9378204345703,167.5001220703125,107.90171813964844,8.630296595237047,6.967195208053962,5.875496008578703,35,desert
1963,desert(978).jpg,179.91651916503906,166.24208068847656,146.33204650878906,1.578812680614031,1.2416370013801945,1.4802952565839889,0,desert
1964,desert(1033).jpg,175.16073608398438,160.09902954101562,141.2791748046875,1.2851907176900315,1.3065299623752835,1.4260980907234944,0,desert
1965,desert(997).jpg,176.94577026367188,164.01947021484375,144.7334442138672,1.3087119088275911,1.3415859436978639,1.3929960089832205,0,desert
1966,desert(647).jpg,208.2337646484375,165.02000427246094,107.46697998046875,13.577553393005758,11.280644551792596,9.723035681406497,772,desert
1967,desert(217).jpg,147.4891357421875,113.07179260253906,88.642822265625,7.438076749245588,7.3693735321797185,7.678953486898939,442,desert
1968,desert(702).jpg,192.5646209716797,174.3145751953125,140.92059326171875,1.3883206536823718,1.2722669908881066,1.2734780436772488,0,desert
1969,desert(352).jpg,150.95355224609375,125.57632446289062,105.01312255859375,7.301675320034707,7.527565943866256,8.33970626588193,514,desert
1970,desert(1064).jpg,192.7830352783203,174.047119140625,140.91802978515625,1.3226102107224915,1.2449880974365324,1.252960702715909,0,desert
1971,desert(885).jpg,193.12017822265625,175.98345947265625,142.36236572265625,1.4875966084286962,1.3535709768869957,1.220004730330251,0,desert
1972,desert(186).jpg,155.6614990234375,112.142578125,86.55401611328125,7.041263154820215,5.910516076187022,5.159035089095791,0,desert
1973,desert(539).jpg,166.75259399414062,135.97694396972656,131.9850311279297,10.070912934713377,6.415730126280024,7.4046287241981625,179,desert
1974,desert(169).jpg,203.79046630859375,159.93389892578125,101.70094299316406,5.864360747756052,4.603498057856683,3.729603101713474,0,desert
1975,desert(493).jpg,208.3903045654297,163.75933837890625,104.39604187011719,4.948741466973894,4.044427735148157,3.728780567911917,0,desert
1976,desert(240).jpg,166.1014862060547,132.76766967773438,111.32550048828125,6.512420542804942,9.357122063685786,11.10466866373542,44,desert
1977,desert(610).jpg,209.09713745117188,164.464599609375,105.80012512207031,7.181699450085689,5.536651382477824,4.49926554976189,0,desert
1978,desert(53).jpg,140.46273803710938,134.11407470703125,126.86027526855469,16.06291180689365,14.745663371973983,14.10845115062386,3966,desert
1979,desert(305).jpg,155.20082092285156,123.75260925292969,101.47441101074219,6.76412728333724,8.389413805790452,9.254823066314398,238,desert
1980,desert(755).jpg,192.07183837890625,175.07574462890625,141.41558837890625,1.5574321373820745,1.2945079328846267,1.2340228613623616,0,desert
1981,desert(542).jpg,164.85809326171875,124.27616882324219,118.37982177734375,7.39973905704762,3.903832495027558,5.373747180255058,5,desert
1982,desert(112).jpg,166.61358642578125,121.721435546875,115.43598937988281,5.494143697573023,4.376594518553229,5.595977476706736,42,desert
1983,desert(811).jpg,174.76942443847656,162.5635223388672,145.24740600585938,2.7201549123794795,1.9902163827974755,1.6575971039096657,0,desert
1984,desert(954).jpg,192.90814208984375,174.05657958984375,140.82220458984375,1.201011583441424,1.1851475135692446,1.2886382344004157,0,desert
1985,desert(407).jpg,167.43145751953125,126.57235717773438,119.9007568359375,8.666307780792122,4.898152282900825,6.528717598421128,190,desert
1986,desert(684).jpg,192.7970733642578,176.0275421142578,142.3791046142578,1.4600300003066444,1.348619936713091,1.2745043571865486,0,desert
1987,desert(28).jpg,164.29922485351562,135.8845672607422,111.450927734375,5.016711271069218,6.234536230253237,8.451346949012931,20,desert
1988,desert(391).jpg,210.63072204589844,166.98216247558594,108.307373046875,6.066998703655179,4.9763143640520955,4.130508494524134,0,desert
1989,desert(846).jpg,192.52239990234375,176.00677490234375,142.54193115234375,1.4953394238171698,1.5115168224682392,1.4635607568563733,0,desert
1990,desert(145).jpg,166.1215362548828,121.31240844726562,114.51960754394531,6.08222187267742,4.039564443565384,4.27576990934474,0,desert
1991,desert(515).jpg,208.94265747070312,163.89141845703125,105.09703063964844,7.432930198534557,5.810088721092306,4.589356659929551,0,desert
1992,desert(450).jpg,202.7095489501953,160.11187744140625,103.18681335449219,8.119516501728846,6.291255094547263,5.001494899972464,42,desert
1993,desert(903).jpg,191.9641571044922,174.4993133544922,140.9563446044922,1.5454183731192108,1.3058563316792153,1.2134934084458366,0,desert
1994,desert(1048).jpg,190.41221618652344,174.33847045898438,141.2664337158203,1.6903593564815256,1.6856545911718261,1.6434908047413874,0,desert
1995,desert(779).jpg,178.22190856933594,165.22743225097656,146.17279052734375,1.302157584527009,1.2893295314044704,1.2877320316054768,0,desert
1996,desert(283).jpg,158.4002227783203,123.19593811035156,101.26533508300781,8.60470852856171,14.269306667582466,18.376239382197088,376,desert
1997,desert(329).jpg,162.6998748779297,131.51596069335938,130.5399169921875,7.006296692527335,4.2609136232391505,4.993641552028034,0,desert
1998,desert(90).jpg,160.77239990234375,124.31634521484375,122.89358520507812,6.618823491848834,4.796712021047122,5.313212072022075,52,desert
1999,desert(796).jpg,176.68194580078125,163.7749481201172,144.3737335205078,1.433527109483788,1.5575101468099333,1.659173168865037,0,desert
2000,desert(503).jpg,169.1591339111328,135.3444061279297,129.99317932128906,8.490733215914593,5.808575899022801,7.659551615085718,256,desert
2001,desert(153).jpg,161.20474243164062,126.84103393554688,123.71852111816406,6.814375331013126,4.2062239743484335,4.704381319476699,0,desert
2002,desert(850).jpg,192.69142150878906,176.44471740722656,142.5263214111328,1.3634134134777478,1.2898772943755623,1.2538551121642214,0,desert
2003,desert(915).jpg,182.66494750976562,167.0504608154297,146.35426330566406,1.3331300305660807,1.245414722926758,1.2131033355171288,0,desert
2004,desert(8).jpg,168.4231719970703,136.50962829589844,113.60739135742188,8.229504803658273,8.401287601917746,8.768004442905136,1397,desert
2005,desert(446).jpg,165.0493927001953,125.3482666015625,120.03056335449219,5.656569823039863,3.754646297789145,5.004989852667785,11,desert
2006,desert(638) (1).jpg,167.27735900878906,132.59249877929688,128.942626953125,10.315519093233299,5.688832251352795,6.041434938546918,366,desert
2007,desert(69).jpg,186.60520935058594,181.38104248046875,171.0504150390625,11.923468739163082,5.923218081298805,5.796442543977573,536,desert
2008,desert(295).jpg,153.97642517089844,123.2442626953125,99.84886169433594,7.541928471694716,9.364456834228656,10.428980821595628,354,desert
2009,desert(639) (1).jpg,165.17469787597656,131.6883087158203,127.97975158691406,8.72446476648852,5.960635541451503,8.055674544687836,119,desert
2010,desert(780).jpg,178.421875,165.6261749267578,146.09303283691406,1.1805667253352308,1.2344285214529072,1.4215625665138816,0,desert
2011,desert(86).jpg,184.53070068359375,185.95628356933594,177.1861572265625,6.206351773874387,2.7270822179565255,3.212858880532618,6,desert
2012,desert(807).jpg,178.0196533203125,165.27609252929688,147.18893432617188,2.6279010154495346,1.9397525880293225,1.6587292358356305,0,desert
2013,desert(104).jpg,194.32814025878906,170.02110290527344,133.86398315429688,13.991243263465757,14.144213446768278,35.63762573216527,452,desert
2014,desert(554).jpg,206.3052215576172,163.8885040283203,106.31478881835938,7.918549417903102,6.413577529690733,5.300019673260212,34,desert
2015,desert(411).jpg,159.8664093017578,124.53952026367188,121.78678894042969,7.025276774251343,4.559301041887471,5.791407622515583,0,desert
2016,desert(942).jpg,193.22488403320312,174.69363403320312,141.55300903320312,1.4563433526036351,1.3884110718893257,1.3140908712069705,0,desert
2017,desert(1009).jpg,177.46826171875,165.56019592285156,147.01229858398438,1.6125479964572516,1.360701843723552,1.5227566955414624,0,desert
2018,desert(738).jpg,193.66647338867188,176.54928588867188,142.90475463867188,1.553959939534029,1.2629263678270493,1.216955048749429,0,desert
2019,desert(368).jpg,163.35159301757812,138.43893432617188,138.1304931640625,6.7967252516829975,5.704063513282267,6.5930326069274034,217,desert
2020,desert(692).jpg,194.2261199951172,176.21934509277344,142.73448181152344,1.5756387428606582,1.3954878672001325,1.3994776050991535,0,desert
2021,desert(387).jpg,207.099609375,161.9222869873047,102.64382934570312,7.624863670256029,5.928811498136136,4.803611198978872,0,desert
2022,desert(49).jpg,164.4487762451172,127.13148498535156,123.71351623535156,7.768721129143745,5.454006344822977,5.775134364715902,85,desert
2023,desert(935).jpg,191.73374938964844,175.7440948486328,142.35540771484375,1.3303244259607252,1.3301524891244798,1.3718438759208056,0,desert
2024,desert(466).jpg,163.94642639160156,143.5037384033203,144.42864990234375,9.300078970511002,7.850854177559876,9.014293228298708,451,desert
2025,desert(523).jpg,211.97523498535156,167.0308074951172,106.76535034179688,5.556202004301513,4.52710073978982,4.0915382666565066,0,desert
2026,desert(173).jpg,207.25347900390625,162.18983459472656,102.47775268554688,7.392773132322197,5.878307003053925,5.159701678820346,53,desert
2027,desert(489).jpg,212.2956085205078,167.42372131347656,107.56022644042969,4.877932211323487,4.139199863173408,3.770828966710857,0,desert
2028,desert(870).jpg,191.40122985839844,175.08482360839844,141.36216735839844,1.4331128965864421,1.2506313442294679,1.2976687009558276,0,desert
2029,desert(1091).jpg,178.7912139892578,166.87313842773438,147.51397705078125,1.550216270937478,1.365765292020757,1.4524275723728735,0,desert
2030,desert(718).jpg,182.61959838867188,167.64706420898438,146.6893768310547,1.1922997919090927,1.1865783015466889,1.2360898649131196,0,desert
2031,desert(348).jpg,209.11305236816406,164.58616638183594,106.01179504394531,5.4204837054020425,4.529241571396162,3.9157811113364427,0,desert
2032,desert(431).jpg,205.8873291015625,162.1507110595703,103.95819091796875,7.3753062433168015,5.772573761486,4.36634789544066,0,desert
2033,desert(962).jpg,192.57003784179688,175.03488159179688,141.39425659179688,1.7206600107491996,1.3481727988827938,1.323632095928316,0,desert
2034,desert(1029).jpg,174.0127716064453,160.5674591064453,143.0283966064453,2.18356338783329,1.8663527949682304,1.6019442852652375,0,desert
2035,desert(827).jpg,173.94207763671875,160.16082763671875,143.00457763671875,1.6892809554115886,1.454515026892112,1.5725294649986519,0,desert
2036,desert(124).jpg,209.55718994140625,164.9698486328125,106.31312561035156,14.216380110332635,11.724969977495965,10.404984020384013,557,desert
2037,desert(574).jpg,166.5677490234375,125.99824523925781,120.3426513671875,7.09764785955056,4.721560496011295,5.849245698860893,79,desert
2038,desert(974).jpg,181.8442840576172,166.99307250976562,146.29611206054688,1.3089488721031162,1.2312364601556245,1.4615726464064944,0,desert
2039,desert(427).jpg,209.40859985351562,163.80421447753906,103.49427795410156,6.165073033258417,4.770317995298114,3.9222715464845894,0,desert
2040,desert(562).jpg,176.212890625,152.1905059814453,147.86495971679688,10.945486586041966,8.703642661632262,9.317966894222918,253,desert
2041,desert(132).jpg,205.91250610351562,161.7216796875,102.75778198242188,5.749074194635318,4.299657191428888,3.560527121253154,0,desert
2042,desert(831).jpg,176.6465606689453,161.38209533691406,143.2501983642578,1.420061755783944,1.4692742927900977,1.676789366700698,0,desert
2043,desert(644) (1).jpg,203.46151733398438,162.62367248535156,106.76007080078125,10.528107540355547,9.06862975826772,7.682696425098523,254,desert
2044,desert(759).jpg,191.45176696777344,174.42442321777344,140.76036071777344,1.6315388993434945,1.2964376391990586,1.2574695346706717,0,desert
2045,desert(309).jpg,208.03237915039062,161.8401336669922,102.30998229980469,7.440990280617559,5.9355749351882245,5.237157768892277,38,desert
2046,desert(470).jpg,164.0191650390625,137.23924255371094,135.01107788085938,8.833832095324606,5.494045732717301,5.720411992552638,149,desert
2047,desert(923).jpg,179.42283630371094,166.05682373046875,146.847900390625,1.4429551255821365,1.2746255268028683,1.393649444887136,0,desert
2048,desert(889).jpg,193.48440551757812,176.52346801757812,142.36721801757812,1.6326539174213006,1.3464380034271268,1.392327626866156,0,desert
2049,desert(1068).jpg,192.49085998535156,174.64320373535156,141.08460998535156,1.7502115399978373,1.3866804183947665,1.316550191680798,0,desert
2050,desert(1087).jpg,180.3500213623047,166.4984588623047,146.1625213623047,1.623110849606415,1.3307983454388306,1.6107206950246111,0,desert
2051,desert(866).jpg,192.23764038085938,174.73556518554688,141.17703247070312,1.697089132026147,1.3223411782878753,1.2778875782007868,0,desert
2052,desert(165).jpg,210.23074340820312,164.71774291992188,104.53759765625,8.928466241897082,7.496313392973085,6.70621714375065,108,desert
2053,desert(535).jpg,170.52716064453125,135.31881713867188,128.7771759033203,6.541516459687111,4.501506357821897,4.850869106353824,24,desert
2054,desert(722).jpg,176.38507080078125,161.16146850585938,143.8882293701172,1.622878127845345,1.5540854492996568,1.637628775091149,0,desert
2055,desert(372).jpg,165.7150115966797,126.1162109375,120.80047607421875,7.498923945828794,4.460586774570597,6.311188544764931,0,desert
2056,desert(688).jpg,193.0136260986328,176.8964385986328,143.4980010986328,1.2772113361576019,1.2122229113215117,1.2990835518571637,0,desert
2057,desert(24).jpg,177.7139129638672,178.56472778320312,170.1506805419922,6.769351098204654,3.657980327955115,3.7896685840326465,0,desert
2058,desert(667).jpg,175.17877197265625,161.49488830566406,144.2327423095703,1.6190428836619315,1.4519079222601001,1.5523153500648037,0,desert
2059,desert(237).jpg,169.08941650390625,129.19703674316406,122.98857116699219,6.644667909115017,3.616336682249367,3.982996927362315,0,desert
2060,desert(958).jpg,192.98060607910156,174.97669982910156,141.52357482910156,1.520451552560537,1.2677055420301342,1.2619519962003634,0,desert
2061,desert(1013).jpg,176.12298583984375,163.03736877441406,144.343505859375,3.189085883181465,2.239918426225407,1.9877516335312853,0,desert
2062,desert(73).jpg,183.8494415283203,179.54446411132812,169.28851318359375,7.428937264508559,4.19908690123602,4.326275116439889,114,desert
2063,desert(325).jpg,200.41354370117188,159.18612670898438,104.02113342285156,4.728854265243175,3.813031521934371,3.3760436081111664,0,desert
2064,desert(775).jpg,179.50160217285156,166.47035217285156,147.47035217285156,1.2360416444092928,1.1954937201261249,1.1954937201261249,0,desert
2065,desert(260).jpg,209.34767150878906,165.2385711669922,106.83514404296875,6.187203207489261,5.05400965648566,4.436645247096905,0,desert
2066,desert(630).jpg,183.68882751464844,154.30633544921875,144.39295959472656,12.165839412595872,9.039943650265405,7.504693265800293,730,desert
2067,desert(519).jpg,210.98257446289062,165.7316131591797,106.08396911621094,6.377225719236693,5.221772877588588,4.6485768721777845,0,desert
2068,desert(149).jpg,168.2318115234375,125.057861328125,117.78712463378906,7.95517985117097,5.721338358599551,7.388193698351377,126,desert
2069,desert(1044).jpg,192.1172332763672,176.2032928466797,142.5009002685547,1.2812874943165184,1.2770542091309913,1.3397808094053685,0,desert
2070,desert(101) (1).jpg,162.39967346191406,114.33442687988281,109.19096374511719,6.891869786644855,4.616138718121622,5.4035639110520615,131,desert
2071,desert(763).jpg,192.4000244140625,175.5679931640625,142.1383056640625,1.5171794539531913,1.3609064562877824,1.336544986268506,0,desert
2072,desert(299).jpg,157.5224609375,123.64846801757812,99.10610961914062,5.948161862247004,5.929115438619421,5.603795909071163,151,desert
2073,desert(333).jpg,167.33067321777344,124.94802856445312,119.89085388183594,4.862189229645767,3.132478807846263,3.661363523665573,0,desert
2074,desert(65).jpg,166.23513793945312,135.7354736328125,131.71786499023438,11.212758810811447,30.005774939289815,28.02098150884578,27,desert
2075,desert(626).jpg,178.51910400390625,151.66546630859375,144.67977905273438,12.082158225687593,9.003303500830354,9.325305991545154,1434,desert
2076,desert(276).jpg,206.02330017089844,161.63937377929688,102.52186584472656,6.949047940739808,5.470790578976635,4.389479155427002,0,desert
2077,desert(4).jpg,167.5673828125,144.5587921142578,127.26710510253906,17.014446823763887,26.26247363198113,32.95859064005097,2648,desert
2078,desert(919).jpg,181.86679077148438,167.9911346435547,147.44810485839844,1.5615968260538304,1.2337929379979182,1.4737878227960441,0,desert
2079,desert(1052).jpg,193.5355682373047,175.44772338867188,142.0766143798828,1.4858293165491494,1.2939119266305563,1.2511122931989795,0,desert
2080,desert(32).jpg,158.1598663330078,121.75604248046875,93.74702453613281,4.269454554629572,5.279579188567178,6.955414519236632,0,desert
2081,desert(364).jpg,205.543212890625,162.21466064453125,104.47943115234375,4.739164535827632,3.954283106926043,3.5745885933851493,0,desert
2082,desert(734).jpg,191.88211059570312,175.87039184570312,142.28445434570312,1.6038150435206917,1.5928934026969233,1.6139536000943404,0,desert
2083,desert(221).jpg,151.57501220703125,110.09988403320312,84.66163635253906,7.59703990108253,8.51170903287817,8.330374441642787,173,desert
2084,desert(671).jpg,173.072998046875,159.92230224609375,143.19610595703125,1.578476800514284,1.4932115832913377,1.4020099176131413,0,desert
2085,desert(558).jpg,206.36495971679688,163.48580932617188,104.79924011230469,3.908454248189899,3.0410370821370387,2.7649562280583218,0,desert
2086,desert(108).jpg,161.04965209960938,127.15634155273438,127.80717468261719,7.395981178903302,6.1329669124304536,7.988175490650988,106,desert
2087,desert(1005).jpg,177.62635803222656,165.63417053222656,146.79432678222656,1.2518152660004713,1.2728996090683726,1.4716805594599267,0,desert
2088,desert(259).jpg,159.07603454589844,119.65240478515625,93.620361328125,6.285992699762133,8.786506382648387,9.937706204440243,34,desert
2089,desert(609).jpg,211.5480499267578,165.70045471191406,105.79322814941406,4.541852981903539,3.5108357709832,3.083659747432923,0,desert
2090,desert(873).jpg,192.72393798828125,175.28253173828125,141.87628173828125,1.9103419120052625,1.3906065786941773,1.4281759231616185,0,desert
2091,desert(1092).jpg,179.16366577148438,166.5187530517578,147.18495178222656,1.3142573390074903,1.4042572279010241,1.3685551164662335,0,desert
2092,desert(520).jpg,208.22622680664062,164.9595184326172,106.22917175292969,6.82424218451358,5.361449583667652,4.373048304632745,0,desert
2093,desert(170).jpg,157.49322509765625,125.5390625,104.29069519042969,10.152862259465683,6.172196391948432,10.948279402161075,12,desert
2094,desert(465).jpg,207.70758056640625,163.1480712890625,105.05526733398438,6.150802229963368,4.818496917072766,3.8311965947946516,0,desert
2095,desert(936).jpg,191.60093688964844,175.60874938964844,142.45249938964844,1.3165992444475936,1.3219926388024887,1.3547995162110165,0,desert
2096,desert(127).jpg,205.56298828125,160.676513671875,100.79743957519531,6.820721888190028,5.22615388946552,4.292277388243129,0,desert
2097,desert(577).jpg,209.4483184814453,164.45802307128906,105.38845825195312,4.791061335226831,3.792730428011642,3.276029677851133,0,desert
2098,desert(824).jpg,175.3342742919922,162.314453125,144.97418212890625,1.4565235222801276,1.451421580131522,1.562921408807977,0,desert
2099,desert(961).jpg,191.9450225830078,174.5934600830078,140.9333038330078,1.9389285480091651,1.3741205738784525,1.37257571627014,0,desert
2100,desert(598).jpg,175.49453735351562,144.0960693359375,137.1362762451172,10.212401898306796,7.344765084704166,7.463475023383223,725,desert
2101,desert(432).jpg,206.77993774414062,162.09976196289062,104.31565856933594,5.639683880632669,4.42161921653965,3.7184729642905134,0,desert
2102,desert(218).jpg,206.75186157226562,161.6058349609375,101.49729919433594,6.541501436320613,4.982286630108607,4.147741382341646,0,desert
2103,desert(648).jpg,209.41969299316406,165.88275146484375,107.05525207519531,15.405310720400122,12.99594937073197,11.153665319733774,1245,desert
2104,desert(998).jpg,177.83407592773438,164.94207763671875,145.75477600097656,1.3967765845842317,1.301808004992735,1.2732817503949747,0,desert
2105,desert(832).jpg,175.82943725585938,160.80462646484375,143.52188110351562,1.8591511553071658,1.6075366721987012,1.5746336616752525,0,desert
2106,desert(561).jpg,207.61512756347656,162.6297607421875,104.64230346679688,7.541362750741312,5.691370745975553,4.33077338497519,0,desert
2107,desert(131).jpg,205.96868896484375,161.33111572265625,101.65803527832031,6.506984479131295,4.72975226306904,4.044957671675931,14,desert
2108,desert(424).jpg,209.66217041015625,166.4533233642578,107.90304565429688,5.556940214464454,4.565681441372981,3.8094168823791823,0,desert
2109,desert(977).jpg,181.48471069335938,166.93479919433594,146.64349365234375,1.4937342692663156,1.275714491310338,1.6667680181790598,0,desert
2110,desert(1007) (1).jpg,176.69940185546875,165.29315185546875,146.99627685546875,1.3587699384880225,1.3473899564392464,1.512112813791451,0,desert
2111,desert(785) (1).jpg,178.6584930419922,165.63156127929688,146.47535705566406,1.3032231957065386,1.2342988421540768,1.3176297265879386,0,desert
2112,desert(166).jpg,205.20782470703125,160.8873291015625,101.12440490722656,7.794893664493234,6.193445344037742,5.3220828190959,55,desert
2113,desert(536).jpg,169.28103637695312,136.80015563964844,130.97047424316406,7.97385126242142,7.092073769480466,7.99748368520455,176,desert
2114,desert(1084).jpg,181.9231719970703,167.32949829101562,147.1512451171875,1.3979800829976168,1.272879082796519,1.5639000485301369,0,desert
2115,desert(865).jpg,192.61671447753906,175.16358947753906,141.69093322753906,1.656946580012172,1.3347328565178067,1.2797774772566486,0,desert
2116,desert(784) (1).jpg,178.4083251953125,165.69674682617188,145.56105041503906,1.2843617995481778,1.2772132149909599,1.5284260136641987,0,desert
2117,desert(920).jpg,181.59825134277344,167.22872924804688,147.138916015625,1.4867444062456032,1.2906556713342587,1.633594070354268,0,desert
2118,desert(473).jpg,166.31893920898438,128.07191467285156,123.7066650390625,8.860444101482932,6.635528911039625,8.968628293550765,196,desert
2119,desert(189).jpg,164.3332061767578,129.18919372558594,127.45808410644531,5.487730422644867,5.725500822186909,5.959425565239752,25,desert
2120,desert(664).jpg,175.1671600341797,161.43067932128906,144.61106872558594,1.8706645915780795,1.53692485271013,1.4596707134529832,0,desert
2121,desert(234).jpg,166.477783203125,124.32400512695312,118.86941528320312,5.679480164533303,4.381935203414907,5.634018454028424,0,desert
2122,desert(721).jpg,175.87655639648438,161.37118530273438,143.74874877929688,1.9173812954704204,1.5798091373603065,1.6580956761781915,0,desert
2123,desert(371).jpg,160.67637634277344,124.43153381347656,121.36746215820312,8.115447797146492,3.915942647038729,5.514690929209957,19,desert
2124,desert(27).jpg,183.228515625,178.40431213378906,167.20513916015625,8.428669922001498,4.118187922126369,4.4491554901307975,31,desert
2125,desert(1010).jpg,175.8695526123047,164.5336151123047,146.4593963623047,1.638148266699906,1.4205433856636933,1.4179523593668557,0,desert
2126,desert(408).jpg,163.339111328125,125.62478637695312,121.92568969726562,8.163994831735629,4.447566255431732,7.240742115771742,6,desert
2127,desert(263).jpg,140.11334228515625,119.41468811035156,105.68840026855469,16.336964980271883,15.098871040443314,15.056608991833093,7292,desert
2128,desert(799).jpg,177.939697265625,164.830322265625,145.408447265625,1.3585647930900364,1.2283847902916525,1.4062103053954396,0,desert
2129,desert(633).jpg,172.71142578125,146.1610870361328,140.68800354003906,8.72307737694554,6.558106793267942,7.3421308142488275,506,desert
2130,desert(70).jpg,174.14572143554688,144.8192138671875,124.35377502441406,10.17849903747111,12.617522517501264,14.540379947519723,1893,desert
2131,desert(326).jpg,155.43177795410156,124.52946472167969,101.04287719726562,8.05712236176499,12.037321610994052,13.718436069979365,739,desert
2132,desert(776).jpg,179.31814575195312,165.8908233642578,146.7705078125,1.5077146436013036,1.2691035407597582,1.320211011608879,0,desert
2133,desert(1047).jpg,190.46365356445312,174.81031799316406,141.71836853027344,1.7800735509465015,1.7056633489394981,1.68558615414137,0,desert
2134,desert(849).jpg,192.74365234375,176.33349609375,142.48193359375,1.408295817505641,1.300394728228122,1.2499304752088554,0,desert
2135,desert(625).jpg,207.02503967285156,162.57936096191406,105.2698974609375,6.4779381524653585,4.952538478861025,3.6943958085018944,0,desert
2136,desert(89).jpg,160.0643768310547,120.35855102539062,118.11819458007812,7.463312974822026,5.961701253503018,6.750940853282704,14,desert
2137,desert(275).jpg,161.64866638183594,135.51454162597656,117.65240478515625,20.82368770405411,14.383790695826617,11.073767338825132,945,desert
2138,desert(760).jpg,191.83494567871094,174.36228942871094,140.84275817871094,1.571330551748977,1.3130065643432118,1.2229284281190624,0,desert
2139,desert(330).jpg,152.77603149414062,116.26661682128906,92.53660583496094,7.930605887272579,8.531524009272964,9.053049509585323,293,desert
2140,desert(66).jpg,157.1613311767578,118.01289367675781,88.48747253417969,4.531888501397762,4.673596086428119,5.060705873838784,28,desert
2141,desert(7).jpg,161.190185546875,121.66082763671875,119.51004028320312,9.69427019552145,5.867170435109827,4.812473673156309,329,desert
2142,desert(1051).jpg,193.74319458007812,175.17288208007812,141.93069458007812,1.4146880348912174,1.2676443070207966,1.289685069729022,0,desert
2143,desert(449).jpg,209.5962371826172,163.62464904785156,104.329833984375,5.652057633687545,4.4267374400247155,3.833745691504108,8,desert
2144,desert(222).jpg,206.11660766601562,161.63040161132812,102.60113525390625,7.024750559675688,5.550815045185416,4.577547817740255,0,desert
2145,desert(672).jpg,174.84152221679688,160.37667846679688,143.41183471679688,1.7583508279145827,1.4149002361844034,1.4396986677535903,0,desert
2146,desert(388).jpg,209.4617919921875,164.189453125,105.03741455078125,5.403373635265252,4.263685295443835,3.7217200659165766,0,desert
2147,desert(31).jpg,184.91366577148438,179.69866943359375,168.6135711669922,7.79542031548827,4.109080394276107,4.108485024610642,23,desert
2148,desert(367).jpg,165.355712890625,132.19729614257812,129.83143615722656,7.205753000098434,5.729206416748967,6.935312149766477,128,desert
2149,desert(737).jpg,193.0575714111328,176.5067901611328,142.78805541992188,1.498125981175061,1.337506949880043,1.337170995916101,0,desert
2150,desert(1006).jpg,177.11041259765625,165.71197509765625,147.49713134765625,1.3123898672831749,1.2951515865690677,1.443778010866579,0,desert
2151,desert(808).jpg,177.82595825195312,164.8413543701172,146.71224975585938,3.160416687694625,2.153890669525156,1.660765540288427,0,desert
2152,desert(486).jpg,211.19029235839844,165.4723663330078,105.57929992675781,11.804668023022284,9.308243734427622,7.195443850466068,166,desert
2153,desert(890).jpg,192.83322143554688,176.13009643554688,142.14962768554688,1.5415445874597513,1.359996702473667,1.339158847560339,0,desert
2154,desert(1071).jpg,192.568603515625,174.451416015625,140.959228515625,1.4546130160265618,1.2787305437399623,1.2826965121617269,0,desert
2155,desert(469).jpg,164.27493286132812,136.56103515625,135.00721740722656,11.586826618272934,7.53360985154185,6.333574026185037,178,desert
2156,desert(193).jpg,146.38641357421875,114.158203125,93.26022338867188,7.051412565493535,8.108065049168806,8.408575050145275,0,desert
2157,desert(740).jpg,192.75506591796875,176.36834716796875,142.55584716796875,1.3386093422805472,1.3004240040893975,1.2567299262378315,0,desert
2158,desert(310).jpg,206.0143280029297,161.0210723876953,102.24180603027344,8.46513085180701,6.484353702704804,5.353830352954377,53,desert
2159,desert(46).jpg,161.78477478027344,125.03715515136719,124.21278381347656,4.439454840580256,4.6471809738287515,5.278079163404779,37,desert
2160,desert(605).jpg,169.84698486328125,135.19371032714844,129.562744140625,6.505314417060096,5.247456030363795,5.348373816353702,7,desert
2161,desert(255).jpg,152.13381958007812,124.54685974121094,102.20445251464844,8.98878492508096,9.544219926145773,9.867088173704154,414,desert
2162,desert(982).jpg,178.3557586669922,165.83740234375,146.52301025390625,1.2174377367776368,1.4216247170636778,1.4353185965240156,0,desert
2163,desert(828).jpg,174.26669311523438,159.90196228027344,142.5428924560547,1.9893543646484804,1.5167275490508763,1.554134978109156,0,desert
2164,desert(594).jpg,182.03253173828125,153.32164001464844,146.19369506835938,9.20871461390249,7.93751648440712,8.789350025507227,512,desert
2165,desert(1026).jpg,174.4093780517578,160.54434204101562,142.87045288085938,2.0311590884455395,1.601777529528272,1.670898814009017,0,desert
2166,desert(11).jpg,162.71177673339844,115.52348327636719,110.23173522949219,8.19262791050801,5.486755875709918,5.429293540493265,0,desert
2167,desert(347).jpg,211.4690399169922,165.04049682617188,104.7540283203125,7.030046752504622,5.364776855582626,4.378000046528219,30,desert
2168,desert(717).jpg,181.7095489501953,166.77093505859375,145.76715087890625,1.2420785640800032,1.2059706423120553,1.2060936539258647,0,desert
2169,desert(202).jpg,164.28530883789062,120.84271240234375,115.56343078613281,6.786105529797835,5.054727768995554,6.741782738590361,39,desert
2170,desert(652).jpg,207.89468383789062,165.94610595703125,108.27427673339844,4.465086573136956,3.6858892433392154,3.1164308187300334,18,desert
2171,desert(994).jpg,177.37217712402344,164.47195434570312,145.2716522216797,1.2384181938763479,1.2506373624551643,1.3548594603760762,0,desert
2172,desert(1030).jpg,174.4845733642578,159.7526397705078,142.44264221191406,2.042062581624043,1.6870525453847043,1.5887943407479659,0,desert
2173,desert(582).jpg,208.23204040527344,164.81378173828125,106.480712890625,5.651203562811054,4.6039749093618765,3.9635978282035733,12,desert
2174,desert(428).jpg,206.81581115722656,162.26666259765625,102.92655944824219,7.154360226223234,5.410710153903838,4.160670688967969,0,desert
2175,desert(701).jpg,192.9296112060547,174.71800231933594,139.3296356201172,1.2006512241374936,1.2454960414046996,1.4499286591894858,0,desert
2176,desert(351).jpg,210.9420928955078,167.26608276367188,108.20770263671875,5.438433326388184,4.510096855336631,4.03367695784466,0,desert
2177,desert(644).jpg,203.46151733398438,162.62367248535156,106.76007080078125,10.528107540355547,9.06862975826772,7.682696425098523,254,desert
2178,desert(214).jpg,206.72042846679688,163.2600555419922,104.48158264160156,12.604240461036092,10.442014070965582,9.085497297490463,146,desert
2179,desert(869).jpg,190.85366821289062,174.70132446289062,140.87710571289062,1.3302182387747044,1.2729444803662595,1.2914526220714617,0,desert
2180,desert(1088).jpg,179.8598175048828,165.9225616455078,145.7725372314453,2.012606537333467,1.4438759771484373,1.526600345121841,0,desert
2181,desert(490).jpg,213.1865692138672,167.7274169921875,107.57164001464844,4.389703629940229,3.9051923903201478,3.628667935971983,0,desert
2182,desert(185).jpg,169.1422882080078,121.08465576171875,113.94877624511719,7.564102040954968,5.811003894624056,7.139033946716138,228,desert
2183,desert(1067).jpg,193.02610778808594,175.02220153808594,141.58860778808594,1.5452185416338597,1.3000285028829872,1.301475829095048,0,desert
2184,desert(886).jpg,192.67555236816406,176.39430236816406,142.48023986816406,1.3526022802479631,1.291261337861366,1.253306239263703,0,desert
2185,desert(50).jpg,161.70948791503906,119.66899108886719,116.24635314941406,11.931365470932176,7.93255838549123,7.562271622571303,130,desert
2186,desert(306).jpg,173.03359985351562,137.01214599609375,118.034912109375,21.793998330672224,15.538806368369649,11.03214638231695,0,desert
2187,desert(756).jpg,192.9996795654297,175.1012420654297,141.6676483154297,1.5358120879170076,1.2762816858548385,1.2670110078038344,0,desert
2188,desert(243).jpg,167.5026092529297,123.7222900390625,115.99229431152344,4.7177467402437365,3.245822695491059,3.8788120516384157,0,desert
2189,desert(613).jpg,205.86643981933594,162.99781799316406,105.87832641601562,11.139108655282778,8.642329567376544,6.496240291258698,64,desert
2190,desert(404).jpg,167.02554321289062,134.39891052246094,131.3963623046875,9.358047205237165,5.472437766387481,5.803707033579998,236,desert
2191,desert(957).jpg,192.93067932128906,174.77833557128906,141.45802307128906,1.490428016972471,1.307228070278458,1.242988891632432,0,desert
2192,desert(812).jpg,174.67575073242188,162.07308959960938,144.62002563476562,2.3277373021093464,1.8912620828160467,1.5852151524070743,0,desert
2193,desert(541).jpg,170.0720977783203,129.55580139160156,121.99148559570312,8.283750302456443,6.373556456018469,8.41041047804543,165,desert
2194,desert(111).jpg,163.05419921875,120.06776428222656,116.27268981933594,7.189267662618009,4.709100716662525,5.430828005553766,0,desert
2195,desert(238).jpg,167.52037048339844,128.71859741210938,122.46331787109375,6.776123140043362,3.696423866378788,4.047572138014902,4,desert
2196,desert(668).jpg,175.48898315429688,160.8235626220703,143.77127075195312,1.8403539210956146,1.5524523358189162,1.6321271203393706,0,desert
2197,desert(392).jpg,140.13922119140625,107.43240356445312,88.61993408203125,2.5517882590917345,6.467814116268686,8.667565897046252,0,desert
2198,desert(687).jpg,193.21315002441406,176.67018127441406,142.92018127441406,1.508143924619173,1.2708224698416497,1.278051148290787,0,desert
2199,desert(900).jpg,192.49900817871094,175.04588317871094,141.53025817871094,1.600294541578567,1.3157107612061123,1.2644670510099687,0,desert
2200,desert(453).jpg,208.62960815429688,163.1025390625,103.61738586425781,7.732578615108919,5.9065534725637905,4.969024766605422,0,desert
2201,desert(146).jpg,159.5168914794922,118.17930603027344,92.05337524414062,6.453485941040069,7.0366211850574825,8.665204794474734,40,desert
2202,desert(516).jpg,208.6048126220703,164.2141876220703,105.77255249023438,8.059982538037753,6.378970175770708,5.15598612520148,73,desert
2203,desert(845).jpg,192.80397033691406,175.639892578125,142.30056762695312,1.5339511357962894,1.4373166962557489,1.376560609415144,0,desert
2204,desert(93).jpg,140.89019775390625,108.60920715332031,113.62290954589844,15.546392042120244,10.411211107147215,6.784950436312305,193,desert
2205,desert(795).jpg,176.93359375,165.00733947753906,145.4575958251953,1.3531477787488004,1.4495581102795658,1.3211568052006104,0,desert
2206,desert(280).jpg,206.52426147460938,161.90017700195312,102.57730102539062,5.885944219865272,4.551817139924553,3.8621107637499934,0,desert
2207,desert(445).jpg,167.6022491455078,125.95437622070312,118.11349487304688,5.2095681245074,4.151815628346025,4.7256323741555555,8,desert
2208,desert(916).jpg,182.08224487304688,167.04876708984375,146.08392333984375,1.2426339369138457,1.2172475488440804,1.2218286787823796,0,desert
2209,desert(853).jpg,192.54920959472656,176.04957580566406,142.19456481933594,1.7121646705694586,1.4006503540489492,1.2985452816361802,0,desert
2210,desert(500).jpg,169.71585083007812,138.21697998046875,134.08148193359375,9.418946941953037,6.670475812783909,7.066717065867932,458,desert
2211,desert(150).jpg,143.35670471191406,100.4049072265625,76.10121154785156,9.743544031732139,8.771727159155963,10.018200648583397,244,desert
2212,desert(279).jpg,167.22573852539062,139.30665588378906,119.69444274902344,10.7077319751546,10.559166836601994,9.95792863260818,1691,desert
2213,desert(783).jpg,178.8594970703125,165.86367797851562,146.43197631835938,1.3442509571257908,1.264889947740875,1.415792010507654,0,desert
2214,desert(629).jpg,170.62158203125,146.39537048339844,144.0350799560547,8.682560662349573,7.567051102051089,6.2833222434662614,41,desert
2215,desert(85).jpg,189.00282287597656,187.13681030273438,176.36087036132812,11.252139063789755,4.502700603662427,4.7371095778573045,0,desert
2216,desert(296).jpg,169.19590759277344,123.27188110351562,114.60459899902344,5.339213258339042,3.872746207161318,3.850486692628144,6,desert
2217,desert(941).jpg,192.51905822753906,174.6070556640625,141.31800842285156,1.6281622826759912,1.5724628538025984,1.4446651129252324,0,desert
2218,desert(412).jpg,166.1510772705078,126.66949462890625,119.89402770996094,5.624950064807518,3.2668425643583108,4.6434141424342,0,desert
2219,desert(107).jpg,165.68328857421875,125.80186462402344,121.91455078125,9.833743936086295,7.08496863654275,8.650647481488525,248,desert
2220,desert(557).jpg,205.2657012939453,163.4334259033203,105.81417846679688,3.9682085156115914,3.2906754906209086,2.823143557676649,0,desert
2221,desert(804).jpg,174.990478515625,163.4803009033203,145.88641357421875,2.4947639827479766,1.9454716004928931,1.6288381592037438,0,desert
2222,desert(384).jpg,154.90286254882812,116.31259155273438,89.99317932128906,6.081956766094472,6.0132836472538855,6.127645055213125,59,desert
2223,desert(691).jpg,193.5102996826172,177.0884246826172,143.3931121826172,1.4574608098474244,1.3304700056204244,1.2860597771311073,0,desert
2224,desert(385).jpg,210.57513427734375,163.85693359375,103.13136291503906,11.01772478243052,8.800311039174423,7.005068547965886,169,desert
2225,desert(690).jpg,192.54647827148438,176.3900146484375,142.84767150878906,1.567153359787205,1.4656051437155313,1.4960392077211202,0,desert
2226,desert(940).jpg,191.94517517089844,173.7411346435547,140.7926025390625,1.7054439415937048,1.6672383373475743,1.5069169018416553,0,desert
2227,desert(413).jpg,167.66795349121094,125.77755737304688,118.80145263671875,5.574060439131149,3.3915906949065495,4.3891799044464515,29,desert
2228,desert(106).jpg,161.3171844482422,119.01582336425781,116.17147827148438,7.461679534920271,6.216097737415693,7.314566480664796,159,desert
2229,desert(556).jpg,208.25100708007812,165.60226440429688,107.32353210449219,4.2108522239102655,3.3073243763919353,2.8961390313460944,0,desert
2230,desert(805).jpg,175.7457733154297,164.4996795654297,146.6012420654297,1.37327511443363,1.3263544797358797,1.317271014274172,0,desert
2231,desert(278).jpg,205.86314392089844,162.00083923339844,103.37284851074219,7.084235619668514,5.603366812247915,4.602700488396882,0,desert
2232,desert(782).jpg,178.36024475097656,165.35565185546875,146.10891723632812,1.2751736491963641,1.259766936486323,1.4011003190314455,0,desert
2233,desert(628).jpg,177.61575317382812,158.08436584472656,153.52532958984375,12.311831939030691,9.441588503202938,7.831071630036912,423,desert
2234,desert(84).jpg,183.760498046875,187.51536560058594,178.62075805664062,10.598450844289665,4.529145737897546,4.519898092994271,34,desert
2235,desert(297).jpg,158.66705322265625,124.27169799804688,98.39677429199219,7.166998083671227,7.673587418524162,7.670681231593574,312,desert
2236,desert(444).jpg,165.16732788085938,126.41629028320312,120.04315185546875,7.064520981818423,3.761109781018933,5.601453492435377,0,desert
2237,desert(917).jpg,181.27896118164062,166.47320556640625,145.69979858398438,1.4251873317645092,1.3537337428791676,1.4877933365108085,0,desert
2238,desert(852).jpg,192.2322540283203,175.9158477783203,142.1306915283203,1.5132868030102307,1.4010368894145633,1.3588340061469018,0,desert
2239,desert(501).jpg,168.7501220703125,137.28663635253906,133.84471130371094,10.918202842291002,7.508717402987446,7.368878040123809,446,desert
2240,desert(151).jpg,162.3913116455078,131.3228759765625,129.66302490234375,8.412694850304042,7.17910296724498,8.842176526343087,70,desert
2241,desert(92).jpg,161.64199829101562,125.41557312011719,123.55966186523438,9.600936783466198,7.147351849417736,8.204317921173002,231,desert
2242,desert(794).jpg,177.68222045898438,165.59628295898438,146.04159545898438,1.3733006371055096,1.5798763030138905,1.4593418068424302,0,desert
2243,desert(281).jpg,166.74618530273438,138.80194091796875,119.93984985351562,7.884105488843841,7.969725730240616,7.853230629818042,854,desert
2244,desert(901).jpg,193.05226135253906,175.20851135253906,141.82569885253906,1.5616892665599647,1.3494592353147958,1.3285153263317997,0,desert
2245,desert(641) (1).jpg,212.9108428955078,166.5370330810547,106.09797668457031,8.831767824741128,7.31420891063467,6.538196594246979,201,desert
2246,desert(452).jpg,200.28009033203125,158.99134826660156,103.67803955078125,12.615384607709505,9.957297201285888,8.070176966093168,415,desert
2247,desert(640) (1).jpg,181.01466369628906,142.7747039794922,121.60418701171875,22.445837624174683,17.42936292641031,14.648779480947649,416,desert
2248,desert(147).jpg,161.87185668945312,125.03544616699219,120.59367370605469,4.949420459580302,4.0864092449836384,4.824364144314796,0,desert
2249,desert(517).jpg,203.88230895996094,161.260986328125,104.57670593261719,16.48632025743216,12.841443875758918,10.033733993885704,636,desert
2250,desert(844).jpg,191.58840942382812,174.3738555908203,141.4754180908203,1.750426129577168,1.752462188135655,1.6470317546528457,0,desert
2251,desert(239).jpg,164.24746704101562,127.01785278320312,122.60177612304688,4.719436421011554,3.9302215875635627,3.669578639607267,0,desert
2252,desert(669).jpg,173.86585998535156,160.2760009765625,143.36196899414062,1.8822928448918501,1.5038184549045628,1.461560756097809,0,desert
2253,desert(393).jpg,209.98867797851562,165.47720336914062,105.71932983398438,6.461017323820182,5.200737214038106,4.5385974794174455,0,desert
2254,desert(686).jpg,193.74661254882812,176.50833129882812,142.86770629882812,1.615857733714279,1.2819372865500622,1.257745859131127,0,desert
2255,desert(405).jpg,168.93701171875,137.40110778808594,133.8612060546875,10.645903713394306,6.9648898444459615,7.610389123934316,492,desert
2256,desert(749) (1).jpg,193.42794799804688,175.23280334472656,139.7958984375,1.2627992812159607,1.3133316710831513,1.555942967779325,0,desert
2257,desert(748) (1).jpg,193.7745361328125,175.9073486328125,140.3995361328125,1.3886185594241611,1.3055960352886387,1.4440268030317538,0,desert
2258,desert(956).jpg,193.3081817626953,174.58399963378906,141.10336303710938,1.3377218354911542,1.3460621347128365,1.402206745933272,0,desert
2259,desert(813).jpg,173.46261596679688,161.1553192138672,143.63735961914062,1.4167382806772983,1.585485261693046,1.6521243607516105,0,desert
2260,desert(540).jpg,162.90391540527344,136.19305419921875,134.43101501464844,12.320572555977321,6.859663600704912,8.557870875024518,259,desert
2261,desert(110).jpg,160.3417510986328,124.09700012207031,123.17782592773438,5.1845324023028905,4.992408131348153,4.846514484292465,8,desert
2262,desert(51).jpg,143.4830780029297,135.4271697998047,127.62269592285156,16.114373179624053,15.161015470537487,14.076423988786289,3833,desert
2263,desert(307).jpg,150.11798095703125,116.09968566894531,92.677978515625,4.254395437968374,4.430813337841004,4.463546704705273,33,desert
2264,desert(757).jpg,192.90621948242188,174.80075073242188,141.42184448242188,1.5428630548201707,1.3063250101349035,1.2752915438097754,0,desert
2265,desert(242).jpg,158.78451538085938,112.5533447265625,84.18492126464844,7.493907158746619,9.024502361102167,10.76300677069368,720,desert
2266,desert(612).jpg,210.64268493652344,166.685791015625,107.72157287597656,12.821744088759505,10.595770491284803,8.003833367572431,87,desert
2267,desert(1089).jpg,178.42318725585938,165.37840270996094,145.59225463867188,1.3748297826435958,1.2465099667078603,1.4461263990786808,0,desert
2268,desert(868).jpg,190.72230529785156,174.37074279785156,140.57386779785156,1.4244441189132353,1.348958056933066,1.30528620005942,0,desert
2269,desert(637) (1).jpg,174.74610900878906,141.44125366210938,134.59010314941406,9.236524928680517,9.95520501914718,11.02786881948681,629,desert
2270,desert(491).jpg,210.96275329589844,166.0235137939453,105.76954650878906,5.506840119167491,4.493581246497843,4.056261099020594,0,desert
2271,desert(184).jpg,151.1614227294922,106.1480712890625,82.320556640625,7.364775533208852,7.016385237956784,7.146336510424718,10,desert
2272,desert(887).jpg,192.5664520263672,176.3555145263672,142.4062957763672,1.3397048114070949,1.2820230795210852,1.2690116867277057,0,desert
2273,desert(1066).jpg,193.00230407714844,174.70152282714844,141.29527282714844,1.4938873462020343,1.333779827506437,1.2948212720267926,0,desert
2274,desert(700).jpg,192.8712158203125,174.8385009765625,138.93084716796875,1.1992064174055244,1.2117984233957226,1.2591740941958474,0,desert
2275,desert(350).jpg,211.26255798339844,168.4732666015625,110.07504272460938,5.62543016581585,4.6758402563337995,3.9422925862468596,0,desert
2276,desert(645).jpg,209.5037078857422,166.02243041992188,108.03570556640625,12.915348626656103,10.744477758187413,8.909491296988923,346,desert
2277,desert(215).jpg,145.61648559570312,119.98085021972656,101.19439697265625,9.260352655342354,9.752383966350301,11.831320896373303,1301,desert
2278,desert(995).jpg,177.32090759277344,164.41873168945312,145.0762939453125,1.262087506679923,1.2710217511038044,1.3934121596998061,0,desert
2279,desert(1031).jpg,174.11268615722656,159.61659240722656,142.58924865722656,1.7488696681291958,1.4824983892905215,1.528067806136889,0,desert
2280,desert(583).jpg,204.14093017578125,162.74600219726562,106.51924133300781,9.674173647183865,8.684987932613586,8.056592790273788,431,desert
2281,desert(429).jpg,207.86618041992188,163.46612548828125,104.26646423339844,5.50623093743751,4.170157064108115,3.5725891415924207,0,desert
2282,desert(10).jpg,167.62393188476562,135.2311553955078,110.71218872070312,9.024520891089992,9.004765606795267,9.031102419292115,1902,desert
2283,desert(346).jpg,210.1797332763672,163.53416442871094,103.13059997558594,6.576533453335646,5.15159517911366,4.389452264298661,0,desert
2284,desert(716).jpg,182.12562561035156,167.302978515625,146.314697265625,1.4748084217377133,1.3041965451743351,1.3349416266762935,0,desert
2285,desert(203).jpg,170.27000427246094,135.6671600341797,118.09669494628906,23.875033641020174,17.08125487826736,14.192377803223549,50,desert
2286,desert(653).jpg,207.99053955078125,165.4285430908203,107.39265441894531,6.071421098247455,4.974500663341358,4.133736944393871,10,desert
2287,desert(983).jpg,179.01295471191406,166.18804931640625,146.5193328857422,1.2650461726727256,1.292115703684665,1.4583632966973215,0,desert
2288,desert(829).jpg,175.7420196533203,160.99806213378906,143.12271118164062,1.8790781101506506,1.5737619233398157,1.6492849785618422,0,desert
2289,desert(595).jpg,179.9364013671875,157.0680389404297,151.1764373779297,10.618375204403097,8.604575580603134,7.0573440010204695,328,desert
2290,desert(1027).jpg,175.38406372070312,161.17120361328125,142.71084594726562,1.650570284923039,1.4884662750953812,1.7399023809154959,0,desert
2291,desert(741).jpg,192.809326171875,176.563232421875,142.715576171875,1.3574504821836626,1.2846275795909479,1.2804776864615683,0,desert
2292,desert(311).jpg,208.0851287841797,163.41653442382812,104.802978515625,5.558993236195294,4.532683372593771,3.9675234528793646,0,desert
2293,desert(47).jpg,163.78233337402344,124.36309814453125,122.02474975585938,5.714345748952263,4.862356708920244,6.104879979878845,0,desert
2294,desert(604).jpg,171.23377990722656,148.2793731689453,144.21697998046875,12.440176215957662,10.434514300819032,10.536139316646992,699,desert
2295,desert(254).jpg,201.15576171875,158.99118041992188,103.11781311035156,8.543805493479445,6.273409409819382,5.33990999435263,108,desert
2296,desert(487).jpg,210.70953369140625,166.03921508789062,106.68675231933594,5.936403428948219,4.874854792421435,4.068828338691406,0,desert
2297,desert(1070).jpg,192.89248657226562,174.56454467773438,140.75125122070312,1.4033849959441567,1.3092114680867701,1.538095039159094,0,desert
2298,desert(891).jpg,193.77154541015625,176.24281311035156,141.0343017578125,1.5574507178914438,1.3060382870760672,1.582773213590934,0,desert
2299,desert(468).jpg,169.53871154785156,136.81129455566406,131.6149444580078,10.130041144723812,6.778724057667825,7.382876698007325,436,desert
2300,desert(192).jpg,166.77813720703125,129.99185180664062,123.84860229492188,6.568907440929759,4.367903090245147,4.3791028334034445,0,desert
2301,desert(1007).jpg,176.69940185546875,165.29315185546875,146.99627685546875,1.3587699384880225,1.3473899564392464,1.512112813791451,0,desert
2302,desert(809).jpg,176.54246520996094,164.2440185546875,146.49609375,2.709749095944904,1.8200092595187114,1.5163346035367038,0,desert
2303,desert(223).jpg,158.9801025390625,116.80989074707031,89.34963989257812,6.21519612956332,7.277703783718604,7.358471314753439,44,desert
2304,desert(673).jpg,175.53048706054688,160.3338165283203,142.59011840820312,1.5078584779513746,1.4118167585065216,1.6209278938176306,0,desert
2305,desert(389).jpg,211.07974243164062,166.31719970703125,107.45829772949219,4.384770872860595,3.7198947253563897,3.448822854931374,0,desert
2306,desert(30).jpg,161.7847900390625,131.0079345703125,106.31758117675781,5.804606901767027,6.523112213567775,8.517784974565098,27,desert
2307,desert(366).jpg,165.37937927246094,130.17730712890625,127.41958618164062,7.223293700267373,3.1906189052353575,4.609034380915106,26,desert
2308,desert(736).jpg,193.0351104736328,175.4726104736328,142.14895629882812,1.5441906297249515,1.6276966235206058,1.4606235490018642,0,desert
2309,desert(6).jpg,163.80670166015625,131.05868530273438,107.62033081054688,13.1559445577614,14.560099415872363,15.105308171274036,2192,desert
2310,desert(1050).jpg,192.4346160888672,174.8721160888672,141.4150848388672,1.5498995345543696,1.4312299832115338,1.3019681095858449,0,desert
2311,desert(448).jpg,177.42662048339844,139.30392456054688,119.41233825683594,22.860852517981193,16.86874541867795,10.551767082499342,0,desert
2312,desert(624).jpg,207.74267578125,163.78086853027344,106.55029296875,7.020763104443158,5.311603860773143,3.867945463865143,0,desert
2313,desert(88).jpg,162.66635131835938,117.11709594726562,112.16876220703125,5.70328076350759,4.071413384481744,5.229273239595818,0,desert
2314,desert(274).jpg,205.42425537109375,161.66346740722656,102.87651062011719,9.241494059848932,7.392405281650951,6.026124158207037,55,desert
2315,desert(761).jpg,191.43783569335938,175.10971069335938,141.22299194335938,1.3220491918899104,1.2685584019789373,1.2094446174380762,0,desert
2316,desert(331).jpg,168.2545623779297,130.55203247070312,125.80029296875,8.26337263278159,6.372836558065855,7.75264201199323,352,desert
2317,desert(67).jpg,182.10968017578125,181.46157836914062,173.0515899658203,9.842604114617608,3.8673635817186858,5.348665636917665,82,desert
2318,desert(1046).jpg,191.3625030517578,175.3625030517578,142.0304718017578,1.3431310745287335,1.3431310745287335,1.41207640549713,0,desert
2319,desert(848).jpg,193.96054077148438,175.87850952148438,142.33944702148438,1.5300635073330948,1.3393977756890107,1.3738934954329198,0,desert
2320,desert(262).jpg,211.41180419921875,167.57496643066406,109.05509948730469,4.966806058091387,4.233040917043827,3.836315448363224,0,desert
2321,desert(798).jpg,177.74331665039062,165.13980102539062,145.93385314941406,1.2212393990336463,1.267715907653793,1.1866918341324442,0,desert
2322,desert(632).jpg,165.12158203125,141.34146118164062,140.43856811523438,8.784743065656444,5.461896908185959,5.96404003061812,122,desert
2323,desert(71).jpg,183.87205505371094,179.79322814941406,169.96852111816406,12.531436411015948,6.277686521556972,5.966065203025875,506,desert
2324,desert(327).jpg,166.38169860839844,129.672119140625,126.28549194335938,8.803169936069805,5.311064397154999,5.529068091428418,176,desert
2325,desert(777).jpg,178.2436981201172,165.15220642089844,146.06336975097656,1.309886822207757,1.2131327188412755,1.2919228765669821,0,desert
2326,desert(1011).jpg,175.74362182617188,164.25143432617188,146.09127807617188,1.5784843240531186,1.5019460905503135,1.5687471527357784,0,desert
2327,desert(409).jpg,162.08023071289062,127.52381896972656,125.14222717285156,8.74340584648688,5.655493003595037,7.698081374999055,257,desert
2328,desert(665).jpg,174.14674377441406,161.31753540039062,144.40496826171875,1.8086729072911862,1.4936903851750505,1.3979362663071389,0,desert
2329,desert(235).jpg,163.6019287109375,124.81208801269531,120.57005310058594,5.520291597999975,4.3628018842615655,5.574825576606202,7,desert
2330,desert(720).jpg,173.83248901367188,160.079345703125,143.51634216308594,2.280925786277636,1.6095996996114745,1.4370355139909723,0,desert
2331,desert(370).jpg,165.49424743652344,125.46240234375,119.77880859375,7.244157034900244,3.9956132855386084,5.025432160995699,6,desert
2332,desert(26).jpg,187.704833984375,179.10781860351562,166.57386779785156,8.61882909181085,5.05669781336487,5.279875130174712,0,desert
2333,desert(167).jpg,206.49908447265625,161.0358123779297,100.59443664550781,7.6097378886578815,5.872247511630009,4.852294523203132,0,desert
2334,desert(537).jpg,165.30319213867188,138.95025634765625,136.08364868164062,8.726696762938538,6.913247916895339,8.016836986077553,180,desert
2335,desert(864).jpg,192.15350341796875,175.05960083007812,141.45480346679688,1.5599185492708942,1.2675116096143355,1.2079103283261734,0,desert
2336,desert(1085).jpg,181.84857177734375,167.43060302734375,147.34075927734375,1.419142433068751,1.2620173225021607,1.5445856037040453,0,desert
2337,desert(921).jpg,180.47642517089844,165.98223876953125,145.63755798339844,1.5776394330004027,1.3559545572579068,1.485987584077162,0,desert
2338,desert(472).jpg,163.65225219726562,129.97402954101562,127.97958374023438,8.488243344707707,6.050807474370736,9.112805457873877,204,desert
2339,desert(188).jpg,147.94198608398438,113.77574157714844,90.88095092773438,13.464671741931564,12.10967179195223,13.042455264639072,4938,desert
2340,desert(999).jpg,177.26930236816406,165.05055236816406,145.85523986816406,1.6358752044995792,1.4756296656754508,1.3638556534650779,0,desert
2341,desert(833).jpg,175.10226440429688,160.01242065429688,141.92257690429688,1.4736279534297083,1.3973890185426936,1.6088115063859625,0,desert
2342,desert(560).jpg,207.21031188964844,162.45428466796875,104.92335510253906,5.267838855629241,4.137910071141563,3.2191766552976735,0,desert
2343,desert(130).jpg,207.056884765625,161.71829223632812,101.88075256347656,6.516322764076937,5.107363409779929,4.384488666231477,0,desert
2344,desert(425).jpg,210.63616943359375,166.0258331298828,106.66091918945312,5.017405653989209,4.285039211367283,3.8414050309908743,0,desert
2345,desert(976).jpg,182.11856079101562,167.60684204101562,147.07168579101562,1.4132355935016636,1.2924074264743262,1.5108818548773806,0,desert
2346,desert(413) (1).jpg,167.66795349121094,125.77755737304688,118.80145263671875,5.574060439131149,3.3915906949065495,4.3891799044464515,29,desert
2347,desert(219).jpg,146.21246337890625,111.09280395507812,87.00390625,8.269249541205847,9.19182173939489,10.140964308412302,234,desert
2348,desert(649).jpg,213.16488647460938,168.13998413085938,107.90199279785156,10.834244920048663,8.871490029939203,7.5980523873879084,119,desert
2349,desert(412) (1).jpg,166.1510772705078,126.66949462890625,119.89402770996094,5.624950064807518,3.2668425643583108,4.6434141424342,0,desert
2350,desert(126).jpg,205.75326538085938,160.58880615234375,100.53810119628906,7.655467017130554,5.896790886930017,4.840165100612281,0,desert
2351,desert(576).jpg,177.93731689453125,139.15652465820312,118.74688720703125,21.625132829662675,16.870968652787177,9.703728346679174,0,desert
2352,desert(825).jpg,175.24703979492188,161.40719604492188,143.12985229492188,1.71355939285744,1.5156832218662504,1.6569268082536937,0,desert
2353,desert(960).jpg,192.06436157226562,174.49795532226562,141.00967407226562,1.497773223499179,1.2733879280826848,1.1668634156083455,0,desert
2354,desert(599).jpg,170.384033203125,140.4899139404297,135.53785705566406,10.633659623348196,7.253264996219752,8.675664357754659,488,desert
2355,desert(433).jpg,207.77732849121094,163.55706787109375,105.11485290527344,5.621963094410687,4.447598966705036,3.726801007382446,0,desert
2356,desert(872).jpg,192.70127868652344,175.45126342773438,142.1622314453125,1.7180792940559815,1.3929949049144248,1.3629574924114718,0,desert
2357,desert(521).jpg,210.66529846191406,166.2920379638672,106.84715270996094,7.4744185733932325,5.899890763399194,4.731818372798588,0,desert
2358,desert(171).jpg,204.904052734375,160.65528869628906,101.66661071777344,5.631193264242521,4.439256135879689,3.891548070665599,0,desert
2359,desert(464).jpg,207.770263671875,162.67269897460938,104.33624267578125,5.8957013131133005,4.561154340908751,3.6697354063783965,0,desert
2360,desert(937).jpg,191.2299041748047,175.1127166748047,141.9877166748047,1.3723954035370285,1.337549066364263,1.3740292645088872,0,desert
2361,desert(258).jpg,208.06594848632812,162.81973266601562,103.94049072265625,8.012663327501375,6.392900441237875,5.520043923325364,0,desert
2362,desert(608).jpg,175.92715454101562,139.31805419921875,119.61671447753906,24.298192612666284,17.137609799833793,11.297767277446555,0,desert
2363,desert(879).jpg,191.76504516601562,175.80020141601562,142.53457641601562,1.3805494672253236,1.3804481759424505,1.4359794195358493,0,desert
2364,desert(480).jpg,176.7030487060547,138.949951171875,118.76109313964844,22.809347368465264,17.1236143299896,10.26695407593842,0,desert
2365,desert(195).jpg,151.74871826171875,118.90223693847656,94.57997131347656,3.855339909539038,3.446252688611574,3.7567583759500467,0,desert
2366,desert(896).jpg,192.83120727539062,174.21792602539062,140.46401977539062,1.2800514525584776,1.2995993393234488,1.489194266730187,0,desert
2367,desert(1077).jpg,178.1830596923828,164.64088439941406,145.3593292236328,1.7819044887514377,1.4737552593688559,1.4852236272395574,0,desert
2368,desert(746).jpg,193.75390625,175.84765625,141.98828125,1.6583722031732842,1.5275735121299197,1.5899397237616628,0,desert
2369,desert(40).jpg,159.71229553222656,130.681884765625,108.16253662109375,11.694501169735705,9.537976249188317,9.547939937081502,1991,desert
2370,desert(316).jpg,210.3428497314453,164.8974609375,104.20298767089844,5.659256459633694,4.553844759989464,3.983717499008751,8,desert
2371,desert(603).jpg,163.04849243164062,145.75543212890625,145.99462890625,11.482306023141588,8.33673378248006,7.984231772136608,316,desert
2372,desert(253).jpg,148.95384216308594,124.45133972167969,104.97019958496094,7.941523813750409,9.898743353086923,11.058668121513863,495,desert
2373,desert(984).jpg,179.4578857421875,166.1211700439453,146.4660186767578,1.4518526259548616,1.2379348680130464,1.4460530387107038,0,desert
2374,desert(1020).jpg,175.72686767578125,162.44952392578125,145.35968017578125,2.0352084753543958,1.8286216654158778,1.6337543023260013,0,desert
2375,desert(438).jpg,167.49740600585938,135.7074432373047,130.60418701171875,5.29597838647615,3.526121070425199,3.932739501729566,9,desert
2376,desert(592).jpg,205.83810424804688,162.10890197753906,105.62045288085938,6.687388522718026,5.202652484448343,4.028969090669572,0,desert
2377,desert(341).jpg,160.0503387451172,130.1502227783203,128.90721130371094,6.226274465577386,4.463803084284987,5.611356000216105,9,desert
2378,desert(17).jpg,154.90298461914062,116.01303100585938,115.17964172363281,3.8047780890470255,3.1717039081805134,4.217798789588064,0,desert
2379,desert(711).jpg,192.14794921875,174.46044921875,140.45263671875,1.427922644771948,1.3700944785794025,1.6295055869405553,0,desert
2380,desert(204).jpg,207.22927856445312,161.17727661132812,101.79008483886719,8.751897865719851,6.3772260784922015,5.214121258952104,0,desert
2381,desert(654).jpg,208.02906799316406,165.29547119140625,106.97804260253906,3.628440803441349,2.8141718551160118,2.517927067146739,0,desert
2382,desert(838).jpg,192.79257202148438,177.29647827148438,143.88241577148438,1.2697789665777648,1.2685959727034892,1.2855889275389063,0,desert
2383,desert(992).jpg,178.54727172851562,165.8546142578125,145.57754516601562,1.3359806290156382,1.4024186340144977,1.7375301900370275,0,desert
2384,desert(584).jpg,209.86460876464844,165.7349853515625,106.22415161132812,8.295760129869672,7.084108201704524,6.563847532815282,124,desert
2385,desert(1036).jpg,173.43321228027344,159.49964904785156,141.7588653564453,1.4833758466574987,1.3170030171359097,1.6982726767672842,0,desert
2386,desert(707).jpg,193.50120544433594,174.87986755371094,141.30506896972656,1.3558790398601483,1.3237012565672317,1.4590968313852275,0,desert
2387,desert(357).jpg,209.5126190185547,163.72122192382812,103.22640991210938,7.299345853652236,5.512366142531175,4.512813601133291,0,desert
2388,desert(642).jpg,212.40457153320312,166.7240447998047,106.74015808105469,6.799471027184517,5.546468336496532,4.75162542855512,41,desert
2389,desert(212).jpg,207.67678833007812,165.32386779785156,108.52198791503906,10.37798200686365,8.259260037869469,6.919943997607909,69,desert
2390,desert(496).jpg,207.54522705078125,162.8159637451172,104.83078002929688,5.6211873295902866,4.3755010502876575,3.586416920832108,0,desert
2391,desert(1061).jpg,192.84600830078125,174.12335205078125,140.82257080078125,1.252523793565105,1.2046511603167263,1.2863184172944284,0,desert
2392,desert(880).jpg,191.62106323242188,174.92581176757812,141.94154357910156,1.4592522674588146,1.479851747324962,1.3717282489064415,0,desert
2393,desert(479).jpg,165.63131713867188,127.36798095703125,120.89729309082031,7.774931040471744,4.386702699283711,4.923123725203168,17,desert
2394,desert(183).jpg,161.8821258544922,124.71046447753906,122.67904663085938,7.407251652814659,5.304030276534753,7.04296882239832,133,desert
2395,desert(300).jpg,167.3908233642578,128.4718475341797,121.66075134277344,6.755950386026974,4.605371107128215,6.007475309290421,36,desert
2396,desert(56).jpg,158.07606506347656,121.01544189453125,118.78330993652344,5.283924491040418,5.289487111375631,6.613607475443495,0,desert
2397,desert(750).jpg,193.0911407470703,174.8225860595703,139.7808380126953,1.2105128811840573,1.2587596402122005,1.586568418494093,0,desert
2398,desert(245).jpg,166.4439697265625,124.91134643554688,117.65460205078125,6.5316147485666125,5.78168405622259,7.142457766219017,68,desert
2399,desert(615).jpg,205.99913024902344,163.6292266845703,106.8377685546875,15.775230398982899,12.602216095307329,9.999988674366021,593,desert
2400,desert(951).jpg,193.31442260742188,174.82029724121094,140.48951721191406,1.2762204047884047,1.3216099429616752,1.5963558579516177,0,desert
2401,desert(402).jpg,167.866943359375,135.8972930908203,132.59373474121094,9.505045100164798,5.431502169489941,6.765577849103098,221,desert
2402,desert(547).jpg,211.2482452392578,165.8309326171875,106.45486450195312,10.850263360832678,8.663950430933818,7.091254905616172,153,desert
2403,desert(117).jpg,158.33154296875,121.28950500488281,119.85984802246094,9.291022181433434,8.008466266703085,10.61996642607524,765,desert
2404,desert(814).jpg,173.20114135742188,161.50192260742188,144.49411010742188,1.647301123724837,1.6868025077243265,1.3660806149951101,0,desert
2405,desert(394).jpg,208.63795471191406,163.54913330078125,103.14976501464844,6.466415206771597,5.105586490207439,4.271610842001474,0,desert
2406,desert(681).jpg,192.05885314941406,176.0428009033203,142.28233337402344,1.3610577060745748,1.350370587756016,1.3546015866984578,0,desert
2407,desert(455).jpg,210.1087646484375,166.15191650390625,107.19390869140625,5.550159576576967,4.460108831620973,3.719914734282846,0,desert
2408,desert(906).jpg,191.84519958496094,175.01707458496094,141.45066833496094,1.5793551333274591,1.31421886575376,1.3144894632266357,0,desert
2409,desert(843).jpg,191.9946746826172,175.9971160888672,142.58238220214844,1.4061042755671465,1.404287122601719,1.4617061109540537,0,desert
2410,desert(140).jpg,160.77389526367188,121.33737182617188,119.96249389648438,8.76466890885239,8.19351437476613,7.833911878713538,124,desert
2411,desert(510).jpg,164.98606872558594,123.61630249023438,117.17759704589844,6.773340947744908,4.361197434960126,5.7506314774878495,0,desert
2412,desert(95).jpg,164.1078338623047,122.66252136230469,117.99969482421875,5.209837745431847,4.490602616088709,5.472771950028979,9,desert
2413,desert(639).jpg,165.17469787597656,131.6883087158203,127.97975158691406,8.72446476648852,5.960635541451503,8.055674544687836,119,desert
2414,desert(269).jpg,153.4574737548828,119.27685546875,94.62742614746094,4.7603413963582994,5.131416188939533,5.117885007690507,66,desert
2415,desert(793).jpg,178.09185791015625,166.18370056152344,146.60015869140625,1.2504943808779596,1.4082636892089533,1.3076696734332558,0,desert
2416,desert(286).jpg,164.4326934814453,129.2014617919922,125.75395202636719,7.732045805125578,4.419091265649617,5.073852584377231,93,desert
2417,desert(910).jpg,180.59323120117188,166.26370239257812,145.71331787109375,1.5248609003426097,1.3331974324351579,1.6198263878847188,0,desert
2418,desert(443).jpg,162.93890380859375,127.01873779296875,122.45260620117188,8.44472290203263,4.6759346093895,6.714795796418404,7,desert
2419,desert(506).jpg,170.4766082763672,130.72018432617188,123.81217956542969,9.987423534258278,7.266396485600393,8.004863327232897,661,desert
2420,desert(156).jpg,156.7506866455078,124.49165344238281,123.80430603027344,8.48442128237275,6.462431614801937,8.94434460582942,0,desert
2421,desert(855).jpg,193.57391357421875,176.25360107421875,141.88641357421875,1.6868938918308434,1.3490829752321931,1.5702272921071778,0,desert
2422,desert(785).jpg,178.6584930419922,165.63156127929688,146.47535705566406,1.3032231957065386,1.2342988421540768,1.3176297265879386,0,desert
2423,desert(83).jpg,180.6067657470703,186.0121307373047,178.26914978027344,6.937582435536308,3.707221321984079,3.81859357702819,0,desert
2424,desert(290).jpg,165.10171508789062,125.31686401367188,120.81134033203125,5.668330782965489,3.828431911110817,4.6177879590936906,8,desert
2425,desert(414).jpg,167.6221466064453,126.44972229003906,119.48422241210938,8.138587474828794,5.61486219547254,6.792261911064797,167,desert
2426,desert(947).jpg,192.77926635742188,176.23239135742188,141.94332885742188,1.5025047605643609,1.3204319913249483,1.5190015714860254,0,desert
2427,desert(802).jpg,176.72007751464844,163.81581115722656,144.94383239746094,1.3374433102936707,1.3385371754278883,1.4142472635629622,0,desert
2428,desert(101).jpg,162.39967346191406,114.33442687988281,109.19096374511719,6.891869786644855,4.616138718121622,5.4035639110520615,131,desert
2429,desert(551).jpg,207.3365478515625,163.67578125,105.79121398925781,15.252965970432477,11.6652483123368,8.94451089903788,349,desert
2430,desert(678).jpg,186.8079071044922,171.07542419433594,142.14898681640625,8.255517899160695,7.881453691391049,1.5789432281116476,0,desert
2431,desert(382).jpg,156.46083068847656,121.21580505371094,96.35617065429688,8.452967460026636,8.269811592147256,8.23932142906818,320,desert
2432,desert(228).jpg,206.1099090576172,161.5880126953125,102.3841552734375,7.953836117768049,5.86342092445518,4.562313557760762,0,desert
2433,desert(697).jpg,192.9874725341797,175.70230102539062,141.9176788330078,1.5239317855515002,1.400247023480688,1.3608832178741888,0,desert
2434,desert(526).jpg,206.43455505371094,163.2032470703125,104.64515686035156,5.070537159508679,3.9466287041485657,3.303138310574279,0,desert
2435,desert(176).jpg,208.06314086914062,162.73324584960938,102.84133911132812,7.599623904793976,5.574864193676548,4.286415259297707,0,desert
2436,desert(875).jpg,193.53701782226562,177.72804260253906,144.34254455566406,1.3087406328665587,1.277301361736077,1.3891935293382354,0,desert
2437,desert(930).jpg,186.52279663085938,171.41860961914062,142.52284240722656,9.685088174629088,8.445128083696789,1.7657797088797547,0,desert
2438,desert(463).jpg,207.81680297851562,163.4710693359375,104.90330505371094,6.065829637660139,4.689822255914133,3.804002128266274,0,desert
2439,desert(199).jpg,164.3284149169922,127.90696716308594,122.97016906738281,8.060957911191942,6.620774304140937,8.10888075825462,177,desert
2440,desert(745) (1).jpg,193.3964080810547,176.2050018310547,142.3026580810547,1.5951984574422402,1.3069007261660266,1.3960118680645168,0,desert
2441,desert(658).jpg,173.71435546875,161.4640655517578,144.10426330566406,1.373793940027977,1.4265535920449692,1.3138628110781543,0,desert
2442,desert(208).jpg,207.7401123046875,163.38201904296875,105.14979553222656,8.00274572248274,6.045797116110382,4.957098134860974,0,desert
2443,desert(822).jpg,174.3042449951172,160.89122009277344,143.91844177246094,1.6882623560190015,1.499895768887281,1.4802732765587994,0,desert
2444,desert(988).jpg,179.3355712890625,166.4276123046875,147.02801513671875,1.2429495759032956,1.2634928073802874,1.429658492111929,0,desert
2445,desert(121).jpg,204.78871154785156,161.0291290283203,103.38679504394531,4.506633174107393,3.9032242044416052,3.7586775666494767,0,desert
2446,desert(571).jpg,168.78167724609375,148.37603759765625,145.73977661132812,11.627743133146659,9.315921378763626,10.010378335157375,551,desert
2447,desert(434).jpg,164.4964599609375,139.15499877929688,138.98744201660156,7.041428373728031,6.089385860151014,5.922646234177509,68,desert
2448,desert(967).jpg,179.10211181640625,165.33798217773438,145.63485717773438,1.5957720577054046,1.341384265863367,1.5536670855454424,0,desert
2449,desert(567).jpg,163.8070526123047,137.11770629882812,135.6676025390625,9.915411573002245,7.918925514942072,8.726778489618523,430,desert
2450,desert(137).jpg,159.64186096191406,118.76460266113281,116.28846740722656,6.207714767565724,4.711872713149684,6.1855953158457835,80,desert
2451,desert(834).jpg,173.4549560546875,159.3612060546875,142.1737060546875,1.6487106847160706,1.412310779818474,1.5526964434902926,0,desert
2452,desert(971).jpg,180.56646728515625,165.63433837890625,145.6852264404297,1.3727035405214805,1.3192793949076294,1.4261586414046816,0,desert
2453,desert(422).jpg,210.682373046875,165.41604614257812,106.18858337402344,6.191560621773936,4.9147891793604295,4.155703489387326,0,desert
2454,desert(588).jpg,207.65200805664062,165.5880126953125,107.56690979003906,3.951101291038293,3.19570487441661,2.8664918491778724,0,desert
2455,desert(619).jpg,208.52304077148438,165.8213653564453,107.44169616699219,4.158780964788093,3.1850186713083843,2.69111204922688,0,desert
2456,desert(249).jpg,161.7636260986328,128.28321838378906,126.47378540039062,5.5224198638972135,4.422468806023167,5.183155070627693,0,desert
2457,desert(1082).jpg,180.57106018066406,166.33668518066406,146.21949768066406,1.6143594721782044,1.3277805245400198,1.5543710706937581,0,desert
2458,desert(863).jpg,192.51292419433594,174.3568572998047,141.05137634277344,1.5115474164424654,1.3128439509882428,1.2433294663253638,0,desert
2459,desert(160).jpg,205.19602966308594,159.92698669433594,101.31753540039062,5.835119858476943,4.343106459699318,3.6343244676149946,0,desert
2460,desert(530).jpg,180.5207977294922,155.9490203857422,152.059814453125,9.877119510147137,12.927654365444905,15.71578194408442,582,desert
2461,desert(475).jpg,164.27801513671875,129.420166015625,125.37850952148438,8.56675497698565,6.189487711170909,8.282930892213972,184,desert
2462,desert(926).jpg,178.9352264404297,166.15713500976562,146.44947814941406,1.2927860298550582,1.3356737659392943,1.516685367999572,0,desert
2463,desert(662).jpg,174.45169067382812,160.67825317382812,143.68606567382812,1.6972422622876926,1.4414837717516369,1.449893053903377,0,desert
2464,desert(398).jpg,206.3400421142578,162.51251220703125,103.7391357421875,5.987687717094566,4.769762772057585,4.1013806965816775,0,desert
2465,desert(232).jpg,200.54913330078125,159.38076782226562,104.29776000976562,8.826740238784254,6.611558999111345,5.199709592441197,108,desert
2466,desert(727).jpg,173.1834716796875,158.9334716796875,141.4373779296875,1.71141874173141,1.3134758307586107,1.5975225294715412,0,desert
2467,desert(21).jpg,166.31039428710938,137.29705810546875,133.40863037109375,13.475204845229808,27.812888118562,24.416511401760896,20,desert
2468,desert(377).jpg,165.2223663330078,128.96359252929688,124.16915893554688,8.03003438733585,7.018724881270645,8.540347841884664,90,desert
2469,desert(1016).jpg,174.791015625,162.03680419921875,144.61399841308594,1.8431198853751305,1.4835278641050584,1.5022988460194555,0,desert
2470,desert(818).jpg,172.50392150878906,160.08645629882812,143.8040313720703,1.8920247279006601,1.8428896736941598,1.6049134860932281,0,desert
2471,desert(265).jpg,149.2914276123047,130.9347686767578,118.81452941894531,10.755133551266365,8.81422278575093,8.862125658993433,1302,desert
2472,desert(99).jpg,154.03292846679688,122.0084228515625,124.05787658691406,5.132469042281761,4.769528611578434,5.493306298999947,0,desert
2473,desert(635).jpg,166.88600158691406,142.5980224609375,139.96632385253906,11.96067553973005,7.873451980506343,8.783332052664617,714,desert
2474,desert(320).jpg,205.81414794921875,161.85987854003906,103.06680297851562,6.575348195211207,5.099836795115112,4.250900238840835,0,desert
2475,desert(76).jpg,182.92523193359375,179.11520385742188,168.1322021484375,7.369587233098328,4.367027143181273,4.900515720843038,32,desert
2476,desert(770).jpg,181.99224853515625,167.12197875976562,146.3399658203125,1.4213279245443857,1.2349614273684482,1.3155630733657828,0,desert
2477,desert(1041).jpg,192.61355590820312,176.64871215820312,143.24636840820312,1.2230425516129493,1.2272132734826264,1.3128030230622312,0,desert
2478,desert(459).jpg,209.7009735107422,164.52088928222656,104.3575439453125,5.767245730836771,4.625223354530493,3.971732451344249,0,desert
2479,desert(623).jpg,208.0132598876953,163.9374542236328,106.31874084472656,6.359743872178678,4.999076185504259,3.7487278573293445,0,desert
2480,desert(273).jpg,172.0875244140625,143.850830078125,124.35276794433594,9.8022375860688,8.782459077373257,9.094707516015182,1383,desert
2481,desert(789).jpg,179.32908630371094,167.2132568359375,147.77011108398438,1.1453215307552003,1.3431453176002779,1.1430871168050407,0,desert
2482,desert(766).jpg,182.11473083496094,167.23846435546875,146.294677734375,1.2681443076098353,1.205768194418344,1.2391569729323004,0,desert
2483,desert(60).jpg,157.19114685058594,138.36643981933594,122.95054626464844,7.330222022429651,6.888076772187374,7.076122785724236,555,desert
2484,desert(336).jpg,165.75770568847656,126.94050598144531,120.68475341796875,7.575208451958719,4.329082124296633,6.22002946658405,5,desert
2485,desert(1).jpg,159.8160400390625,117.32513427734375,116.52468872070312,5.6079850334247165,4.7397189679405605,5.358008284032187,17,desert
2486,desert(1057).jpg,194.0554656982422,176.2698211669922,140.5314178466797,1.4553566857254252,1.2982611679873628,1.403074271411714,0,desert
2487,desert(859).jpg,193.03968811035156,174.68443298339844,139.7654266357422,1.2157776958204713,1.2879775176465142,1.5558888636778365,0,desert
2488,desert(224).jpg,205.19692993164062,161.06375122070312,102.07073974609375,7.517170309458142,5.928716837600916,4.96443351615967,0,desert
2489,desert(674).jpg,175.26014709472656,160.22422790527344,141.50401306152344,1.3348620041637325,1.323509736743368,1.4219122621577989,0,desert
2490,desert(361).jpg,206.0880126953125,162.2266845703125,103.49378967285156,6.569832146964788,5.085899058429627,4.250961145476672,0,desert
2491,desert(37).jpg,180.77162170410156,185.93618774414062,177.6903076171875,6.1261668586751465,4.002919347018687,4.086080309777304,15,desert
2492,desert(731).jpg,192.88937377929688,177.061279296875,143.687255859375,1.5464505804863904,1.4626384563604589,1.4376061234484936,0,desert
2493,desert(1000).jpg,177.8058319091797,164.8275909423828,145.6425018310547,1.2585293173169456,1.2300963601800128,1.2718259033911388,0,desert
2494,desert(418).jpg,202.3134765625,160.12290954589844,103.36067199707031,13.651185202932497,10.687372192052484,8.35756569570292,259,desert
2495,desert(1001).jpg,177.0557861328125,165.2066192626953,145.64422607421875,1.3237176751700874,1.311204069593739,1.231929782070775,0,desert
2496,desert(419).jpg,201.03076171875,159.31573486328125,103.80073547363281,6.535180747926242,5.361112621193888,4.677686349163317,15,desert
2497,desert(225).jpg,151.97952270507812,114.75714111328125,90.10861206054688,9.142024231404125,7.845180337129238,7.8591584247241855,649,desert
2498,desert(675).jpg,174.68617248535156,159.62757873535156,141.78773498535156,1.5039646371895758,1.4161722122134268,1.5364636478274913,0,desert
2499,desert(360).jpg,204.7332000732422,161.33010864257812,103.05416870117188,8.369382884913161,6.626391489548976,5.432044369757714,41,desert
2500,desert(36).jpg,169.92063903808594,140.78314208984375,119.25823974609375,9.141152698807705,9.9130466500989,10.878080471448216,1650,desert
2501,desert(730).jpg,192.28402709960938,176.37925720214844,143.26101684570312,2.0102623656036758,1.5708592906883725,1.5100526077372904,0,desert
2502,desert(1056).jpg,193.4688262939453,176.24818420410156,141.44427490234375,1.6537897785666233,1.3169004307042964,1.6396783538597444,0,desert
2503,desert(858).jpg,193.21258544921875,174.97161865234375,139.9256591796875,1.259826243221099,1.2867475110946747,1.5562757449720759,0,desert
2504,desert(622).jpg,208.36578369140625,164.83265686035156,106.27079772949219,5.1872785528870375,4.0262007876410815,3.263744114566266,0,desert
2505,desert(272).jpg,205.06060791015625,160.90985107421875,101.8909912109375,7.073779003213531,5.31214296845202,4.216567073424586,0,desert
2506,desert(788).jpg,179.17294311523438,167.52919006347656,147.84201049804688,1.1726681087785047,1.3381524003058225,1.2495859708409836,0,desert
2507,desert(767).jpg,182.27134704589844,167.18878173828125,146.28277587890625,1.1973509189310392,1.1910308856305467,1.1971467582976398,0,desert
2508,desert(61).jpg,161.687255859375,119.22346496582031,116.21247863769531,4.032199947299827,3.9547233744752917,4.289251466853623,0,desert
2509,desert(337).jpg,169.81787109375,124.07159423828125,115.1678466796875,5.722204426189432,3.979171080476583,4.627624899331703,14,desert
2510,desert(1040).jpg,192.8165283203125,176.80044555664062,143.09906005859375,1.5354093726367481,1.4600297302445693,1.5062476806602982,0,desert
2511,desert(458).jpg,208.7159423828125,164.8248748779297,105.78663635253906,6.856326717366524,5.306716591420623,4.434448114469119,0,desert
2512,desert(264).jpg,209.72372436523438,166.98486328125,109.39555358886719,11.79794448364883,9.457910546475691,7.81500454416544,149,desert
2513,desert(782) (1).jpg,178.36024475097656,165.35565185546875,146.10891723632812,1.2751736491963641,1.259766936486323,1.4011003190314455,0,desert
2514,desert(98).jpg,157.43077087402344,125.39089965820312,125.14164733886719,7.872885678717034,4.327909820484702,4.876937227386509,11,desert
2515,desert(634).jpg,170.76773071289062,140.7471923828125,134.83139038085938,10.899972168011345,7.669222789909686,8.231278755255703,706,desert
2516,desert(783) (1).jpg,178.8594970703125,165.86367797851562,146.43197631835938,1.3442509571257908,1.264889947740875,1.415792010507654,0,desert
2517,desert(321).jpg,206.8121337890625,162.55636596679688,103.39262390136719,5.771948005398382,4.43100968217948,3.692029119064545,0,desert
2518,desert(77).jpg,182.8028564453125,180.83497619628906,170.8948516845703,8.40250528784151,4.172979919302762,4.666597966483264,6,desert
2519,desert(771).jpg,181.34144592285156,166.44300842285156,145.68519592285156,1.3394420440561183,1.273935488202948,1.4793205324530865,0,desert
2520,desert(1017).jpg,173.49041748046875,161.65408325195312,144.1961669921875,1.3890659172930053,1.3946902664599674,1.2926682356374777,0,desert
2521,desert(819).jpg,173.49900817871094,161.40684509277344,144.30349731445312,1.5094608032940622,1.4423707884537216,1.3371330451792618,0,desert
2522,desert(663).jpg,175.77964782714844,161.40061950683594,144.22506713867188,1.7861043292043182,1.4785697276264882,1.612009844920714,0,desert
2523,desert(399).jpg,207.17996215820312,162.79957580566406,103.66908264160156,6.4370182502185065,4.939166099508674,4.01975027352209,0,desert
2524,desert(233).jpg,163.84913635253906,128.5605926513672,125.99061584472656,8.560127240168956,7.154372735168702,8.930512139259749,226,desert
2525,desert(726).jpg,172.9927978515625,159.2427978515625,141.9381103515625,1.5030517082428116,1.3664763808315108,1.6001564692566108,0,desert
2526,desert(20).jpg,160.6822052001953,116.10302734375,113.05905151367188,7.64568216747449,6.171529311144428,8.497205809622173,239,desert
2527,desert(376).jpg,168.3632049560547,125.36651611328125,117.11283874511719,6.161261682024997,3.549649337769448,4.920669739395435,8,desert
2528,desert(862).jpg,192.3733367919922,174.0256805419922,140.6116180419922,1.4669753694154324,1.2764760745672732,1.362343617963161,0,desert
2529,desert(1083).jpg,181.56268310546875,166.9610137939453,146.62655639648438,1.440757697307668,1.2612130749655366,1.586218134651218,0,desert
2530,desert(161).jpg,204.5719451904297,160.5287322998047,102.78965759277344,6.0543129652645895,4.716294854041722,3.8882543094108213,0,desert
2531,desert(531).jpg,176.44102478027344,163.47689819335938,163.64144897460938,14.953169930366837,11.960842473817765,11.967568612145497,799,desert
2532,desert(474).jpg,162.8854217529297,127.68267822265625,124.66261291503906,5.853380569042174,3.822334939487041,4.966165174640854,24,desert
2533,desert(927).jpg,173.34539794921875,159.25555419921875,141.13836669921875,1.5225637118608475,1.314590842243952,1.7336415026389707,0,desert
2534,desert(618).jpg,209.55491638183594,166.56195068359375,108.02931213378906,5.344786934443674,4.128062606397039,3.247601586920326,0,desert
2535,desert(248).jpg,167.68209838867188,130.48008728027344,125.31733703613281,6.259819968355169,5.27356193993911,6.808585168413296,80,desert
2536,desert(566).jpg,168.10072326660156,142.2880096435547,139.75743103027344,6.945341198923459,4.773918273753471,5.130134624608353,38,desert
2537,desert(136).jpg,207.87071228027344,163.03305053710938,104.45945739746094,6.6027822758446,5.4078873465172865,4.7557310819211835,29,desert
2538,desert(835).jpg,173.89608764648438,159.10702514648438,140.87265014648438,1.455560987795803,1.2998678616935446,1.5697543420857445,0,desert
2539,desert(970).jpg,180.4583282470703,166.12818908691406,146.0068817138672,1.6539276283360744,1.3733459704953543,1.4985542773912754,0,desert
2540,desert(423).jpg,210.43865966796875,167.14170837402344,108.67208862304688,3.7661667543895905,3.1393444079818553,2.903989335466873,0,desert
2541,desert(589).jpg,207.65805053710938,165.4371337890625,107.48451232910156,5.145067942144393,3.9476381434711043,3.257438434043135,0,desert
2542,desert(823).jpg,175.02401733398438,160.94589233398438,143.39120483398438,1.5641212132125208,1.4818653446048469,1.8063113739940804,0,desert
2543,desert(989).jpg,179.4989013671875,166.55181884765625,146.97250366210938,1.2628847704349626,1.2329403697929102,1.4630064081304393,0,desert
2544,desert(120).jpg,205.28268432617188,159.7909393310547,100.63900756835938,6.395774340569464,5.0387425100901115,4.371883727368137,0,desert
2545,desert(570).jpg,166.5992431640625,136.2801971435547,132.47738647460938,10.424118160181884,7.5340613875523905,8.064445780561119,663,desert
2546,desert(435).jpg,172.5333709716797,135.78562927246094,129.18565368652344,9.55254011290808,6.518183355702506,7.218545121462795,533,desert
2547,desert(966).jpg,192.68936157226562,175.31045532226562,141.64639282226562,1.6117436627461004,1.444338121792971,1.4143080073435137,0,desert
2548,desert(659).jpg,174.07650756835938,161.99057006835938,144.55697631835938,1.3234429826448364,1.4441621916406249,1.2966470198431361,0,desert
2549,desert(209).jpg,151.66758728027344,104.96432495117188,79.31523132324219,8.064843966541599,8.245155152698036,9.02239631108567,772,desert
2550,desert(527).jpg,206.1802520751953,162.7344512939453,104.90304565429688,5.69480032718762,4.584006687120367,3.6993898292496197,0,desert
2551,desert(177).jpg,205.46583557128906,161.7509002685547,103.16450500488281,7.689371026680367,5.833296715315539,4.663848978869754,0,desert
2552,desert(874).jpg,192.70278930664062,176.9034881591797,143.5469512939453,1.3124937808792045,1.3064672706309608,1.3510065402136238,0,desert
2553,desert(931).jpg,193.10646057128906,177.34228515625,143.51702880859375,1.3096149501510908,1.3277909700296064,1.3550183636289315,0,desert
2554,desert(462).jpg,207.58253479003906,163.59384155273438,104.62989807128906,6.375576300593006,4.876566120962683,3.9425426882276438,0,desert
2555,desert(198).jpg,169.0525360107422,123.66459655761719,115.45803833007812,6.17914934064719,6.085308778064795,7.332582313767725,49,desert
2556,desert(679).jpg,192.0807647705078,176.04908752441406,142.1948699951172,1.2720318645930742,1.2389346993933785,1.2352048936670244,0,desert
2557,desert(383).jpg,210.1315155029297,163.87940979003906,103.77845764160156,9.664475748320339,7.6103073651260145,5.86766136269164,117,desert
2558,desert(229).jpg,150.32237243652344,116.78298950195312,95.09048461914062,9.15225141793279,10.966018676959516,12.00208863596232,24,desert
2559,desert(696).jpg,192.76849365234375,175.69818115234375,142.02630615234375,1.55796992574006,1.443167872494206,1.3633576278823973,0,desert
2560,desert(415).jpg,160.3289794921875,135.33071899414062,134.56515502929688,8.769766319709653,5.887303228336669,8.250624928265916,3,desert
2561,desert(946).jpg,193.3470001220703,175.8899688720703,141.8391876220703,1.565825904727598,1.3743871011531679,1.550403362083328,0,desert
2562,desert(803).jpg,175.430908203125,163.54583740234375,145.2950439453125,2.0750062959644446,1.6735366324884413,1.5565856339949418,0,desert
2563,desert(100).jpg,161.38002014160156,115.70257568359375,112.11795043945312,5.37478509286801,3.982886144208622,5.58185526520039,0,desert
2564,desert(550).jpg,205.8095245361328,163.49673461914062,106.63139343261719,12.630428722643652,10.136020494080922,8.14896047424375,507,desert
2565,desert(784).jpg,178.4083251953125,165.69674682617188,145.56105041503906,1.2843617995481778,1.2772132149909599,1.5284260136641987,0,desert
2566,desert(788) (1).jpg,179.17294311523438,167.52919006347656,147.84201049804688,1.1726681087785047,1.3381524003058225,1.2495859708409836,0,desert
2567,desert(82).jpg,182.79835510253906,184.90139770507812,175.95849609375,5.634798137742061,3.359594905525518,3.7363176280869768,0,desert
2568,desert(789) (1).jpg,179.32908630371094,167.2132568359375,147.77011108398438,1.1453215307552003,1.3431453176002779,1.1430871168050407,0,desert
2569,desert(291).jpg,171.28550720214844,127.91500854492188,120.50042724609375,4.999671734128633,3.469112007774551,3.7482254672575763,0,desert
2570,desert(911).jpg,181.24069213867188,166.63369750976562,145.68597412109375,1.4681645806202412,1.2812770482296054,1.3606279438825415,0,desert
2571,desert(442).jpg,160.54718017578125,127.73995971679688,125.64134216308594,6.3213120623187375,4.139258311989875,5.76574243447178,8,desert
2572,desert(507).jpg,167.3844451904297,135.4426727294922,131.14715576171875,9.947664949882752,6.787336857074347,8.365059791104072,347,desert
2573,desert(157).jpg,153.34716796875,123.84573364257812,103.02029418945312,7.6678694856100025,8.588007995706988,9.729377266481688,19,desert
2574,desert(854).jpg,192.6461944580078,176.13449096679688,142.15013122558594,1.7222412645783842,1.4649874753379009,1.3644831449304813,0,desert
2575,desert(94).jpg,163.55287170410156,117.75216674804688,112.43528747558594,8.630886379746457,4.9668374923405825,5.171656012558341,134,desert
2576,desert(638).jpg,167.27735900878906,132.59249877929688,128.942626953125,10.315519093233299,5.688832251352795,6.041434938546918,366,desert
2577,desert(268).jpg,208.2089080810547,164.01866149902344,104.7197265625,10.730111706455157,8.746274472809988,7.713998111782975,133,desert
2578,desert(792).jpg,178.3115997314453,166.5694122314453,146.9483184814453,1.2413508255169634,1.4152934244466877,1.2440529593860017,0,desert
2579,desert(287).jpg,161.0034637451172,129.6855010986328,111.93377685546875,5.921037794508088,11.567462817396871,15.155951285490966,164,desert
2580,desert(454).jpg,208.85476684570312,163.89205932617188,104.9420166015625,7.077986674754507,5.441503593655127,4.205494335181063,0,desert
2581,desert(907).jpg,192.17062377929688,175.01046752929688,141.47531127929688,1.603077051110715,1.398005450427204,1.3242248205169573,0,desert
2582,desert(842).jpg,193.54852294921875,177.95729064941406,145.01849365234375,3.668598307388973,4.636021786629037,5.8626287654484495,0,desert
2583,desert(141).jpg,162.59579467773438,129.98545837402344,128.48782348632812,5.71935911978308,4.379202679094737,4.789547225071142,16,desert
2584,desert(511).jpg,163.4615020751953,126.05706787109375,121.140625,8.680593581173149,4.790602076784173,6.416065270451003,20,desert
2585,desert(395).jpg,207.508056640625,162.4999237060547,102.68331909179688,7.2699665142203775,5.64276978302831,4.342797227931154,8,desert
2586,desert(680).jpg,192.0310821533203,175.9874725341797,142.1617431640625,1.3059948869969438,1.2836220120528798,1.2926177444449891,0,desert
2587,desert(950).jpg,193.29867553710938,175.04867553710938,141.05648803710938,1.4354058978216497,1.3647787097042927,1.5290306046462183,0,desert
2588,desert(403).jpg,171.29403686523438,129.97149658203125,124.09919738769531,5.323199688114226,3.399399907762909,3.092704501428683,0,desert
2589,desert(546).jpg,208.2310333251953,163.89759826660156,105.54345703125,9.561546467170473,7.428202259749987,5.836316914717111,49,desert
2590,desert(116).jpg,154.56919860839844,124.08279418945312,125.69024658203125,5.357584124056824,3.912566687122045,4.19845379227138,0,desert
2591,desert(815).jpg,172.38314819335938,160.53001403808594,143.90777587890625,1.56104985863495,1.5588872412574541,1.4234870101722426,0,desert
2592,desert(301).jpg,147.92161560058594,121.27731323242188,104.20742797851562,14.04696860376873,10.907853311950522,11.251189596433827,3787,desert
2593,desert(57).jpg,156.54368591308594,119.0057373046875,117.04000854492188,11.724397680257438,11.123285289349402,14.594414495709762,1435,desert
2594,desert(751).jpg,192.8196563720703,174.4759063720703,139.6946563720703,1.2415456199637191,1.282202129084007,1.5791436255679212,0,desert
2595,desert(244).jpg,154.5947265625,106.09121704101562,78.76585388183594,8.731743595313278,8.523294912204594,9.313145580319869,794,desert
2596,desert(614).jpg,207.8110809326172,164.1648712158203,106.23802185058594,8.217322157401295,6.391066188680287,5.268597456459732,19,desert
2597,desert(497).jpg,208.5762939453125,163.31903076171875,104.64338684082031,7.155079874008389,5.30463242221324,3.9583644600080183,0,desert
2598,desert(881).jpg,191.50143432617188,174.93161010742188,141.6548614501953,1.6106727605372104,1.8114704296551538,1.618443386620777,0,desert
2599,desert(1060).jpg,193.1343536376953,174.6265411376953,140.5015411376953,1.2740725040380745,1.3191250342919643,1.499744873450641,0,desert
2600,desert(478).jpg,164.37014770507812,124.0596923828125,118.50813293457031,5.58580768666116,3.5744524415543935,4.178051054401774,0,desert
2601,desert(182).jpg,154.0392303466797,112.74806213378906,88.91539001464844,8.038992402416508,8.249092980564516,8.626416817110522,444,desert
2602,desert(706).jpg,193.58984375,175.12887573242188,140.9681396484375,1.3296923196886798,1.3275706308772144,1.5540370203365295,0,desert
2603,desert(356).jpg,159.2512969970703,122.79092407226562,96.73103332519531,7.357164847924564,7.438008001991663,7.431050993387212,274,desert
2604,desert(643).jpg,210.65182495117188,167.13629150390625,108.36357116699219,6.495450516081076,5.2461281357758125,4.308797716238444,13,desert
2605,desert(213).jpg,209.71517944335938,165.9028778076172,107.26388549804688,9.769305196781328,8.301621113068343,7.649160026557772,279,desert
2606,desert(839).jpg,193.1077880859375,177.2391357421875,144.00303649902344,1.3190671419659823,1.3082162739641652,1.313885033121094,0,desert
2607,desert(993).jpg,177.84622192382812,164.88528442382812,144.99856567382812,1.4994415492238693,1.3404504383225737,1.5376037323154192,0,desert
2608,desert(585).jpg,209.58914184570312,166.0797882080078,107.34312438964844,4.45063875450946,3.686444225060253,3.126071988619756,0,desert
2609,desert(1037).jpg,173.65077209472656,159.6838836669922,141.82615661621094,1.5241696003936913,1.318010763683431,1.6812057197882435,0,desert
2610,desert(340).jpg,167.9272003173828,125.91644287109375,118.21792602539062,6.277638684045281,4.641233981839064,5.736252753305174,44,desert
2611,desert(16).jpg,156.60743713378906,117.7431640625,116.12051391601562,6.590636223213683,5.488673164248612,8.118095568766403,15,desert
2612,desert(710).jpg,192.5154571533203,174.0349884033203,139.8513946533203,1.314267909868925,1.2803372534342397,1.6429936980276347,0,desert
2613,desert(205).jpg,159.9478302001953,122.50209045410156,98.47616577148438,8.826294949502943,9.126345779138125,9.119485748026438,273,desert
2614,desert(655).jpg,207.9749298095703,164.4249267578125,107.21080017089844,5.135240414760322,4.135382588684127,3.288224534266764,0,desert
2615,desert(985).jpg,179.41709899902344,166.1597900390625,146.23390197753906,1.4712599007386353,1.2131323274099284,1.456740695446689,0,desert
2616,desert(1021).jpg,175.57704162597656,161.1220245361328,143.78623962402344,2.942085788532625,2.374438313079671,1.845480645044177,0,desert
2617,desert(439).jpg,166.9722900390625,127.33226013183594,120.46501159667969,10.221862638991418,7.232778192205532,7.782571356879058,493,desert
2618,desert(593).jpg,205.982177734375,162.23944091796875,105.49575805664062,6.717572552616049,5.369499327429982,4.354210546859819,0,desert
2619,desert(747).jpg,194.46730041503906,176.48809814453125,141.6099395751953,1.448591744361013,1.367715950062421,1.611165405423664,0,desert
2620,desert(41).jpg,185.22943115234375,186.4169464111328,176.9380340576172,11.224613468978557,4.657151003619799,5.026573301231036,187,desert
2621,desert(317).jpg,206.58045959472656,162.26531982421875,102.50175476074219,5.482056546427245,4.291944292601944,3.7318567407276952,0,desert
2622,desert(331) (1).jpg,168.2545623779297,130.55203247070312,125.80029296875,8.26337263278159,6.372836558065855,7.75264201199323,352,desert
2623,desert(602).jpg,166.83795166015625,140.13577270507812,136.6959686279297,10.921351811664508,9.494071230323797,10.727426772719301,589,desert
2624,desert(330) (1).jpg,152.77603149414062,116.26661682128906,92.53660583496094,7.930605887272579,8.531524009272964,9.053049509585323,293,desert
2625,desert(252).jpg,173.06336975097656,139.02310180664062,121.90217590332031,21.55257634578456,15.732074054321972,12.557800841097277,30,desert
2626,desert(878).jpg,192.0692138671875,176.2332763671875,142.7606201171875,1.4271346631761668,1.4459335178611439,1.5841209597325732,0,desert
2627,desert(481).jpg,210.8558807373047,164.5373992919922,104.81178283691406,7.296527646606328,5.625504988095156,4.678460263507129,0,desert
2628,desert(194).jpg,163.50404357910156,125.52323913574219,120.98150634765625,5.809358043366801,3.852858964253601,3.8965653102758155,0,desert
2629,desert(1076).jpg,179.64218139648438,165.1522216796875,145.30364990234375,1.8152724693537752,1.5335672662889999,1.725357358955966,0,desert
2630,desert(897).jpg,192.82861328125,174.19378662109375,140.950927734375,1.3760814748584504,1.3225232849500486,1.3315224444853735,0,desert
2631,train_17406.jpg,169.86940002441406,178.1263885498047,172.89968872070312,1.7838915908486115,1.4672850679438814,1.5399969088530907,0,cloudy
2632,train_23953.jpg,142.5847930908203,147.1411895751953,128.52548217773438,5.190471200584094,4.89373555243604,5.408131453179362,0,cloudy
2633,train_34585.jpg,180.1113739013672,175.12423706054688,164.9573516845703,12.737082774983822,12.693959340056413,12.508549199225032,0,cloudy
2634,train_16042.jpg,168.11215209960938,152.1002197265625,125.34156799316406,4.962446993017289,4.119699032421648,3.698352427252311,0,cloudy
2635,train_18084.jpg,53.52604675292969,66.13475036621094,70.37115478515625,16.345718662333148,13.572652798341002,10.947291955397262,161,cloudy
2636,train_34208.jpg,118.05593872070312,127.04275512695312,117.36126708984375,4.316568733950233,3.939848087953452,4.123617489197768,0,cloudy
2637,train_4641.jpg,190.88673400878906,189.6088104248047,188.43862915039062,64.11853092589932,54.29708746485813,62.451914017341096,170,cloudy
2638,train_4127.jpg,196.08656311035156,194.48919677734375,181.44161987304688,34.02733812839749,32.96830345135009,32.92524775398307,348,cloudy
2639,train_4133.jpg,186.43310546875,187.28594970703125,175.53170776367188,1.991370598349311,1.5151985873770366,1.7779322139965512,0,cloudy
2640,train_31358.jpg,204.00572204589844,201.39852905273438,192.27659606933594,41.38849686744697,36.044360743947585,42.86327344373817,198,cloudy
2641,train_17610.jpg,160.23440551757812,166.70460510253906,157.7126922607422,2.535968855822944,2.1763402915249674,2.1011169463269415,0,cloudy
2642,train_827.jpg,165.6956329345703,172.9724578857422,164.95384216308594,2.8630275460639183,2.4359698424947243,2.4173829704395415,0,cloudy
2643,train_16240.jpg,116.41522216796875,125.10545349121094,117.31758117675781,28.63799326807521,25.956918738858118,25.673997192104554,86,cloudy
2644,train_35499.jpg,152.6810760498047,132.37118530273438,113.95306396484375,1.115527958545417,1.2019484045198199,1.6531867712969734,0,cloudy
2645,train_31600.jpg,167.56822204589844,175.27651977539062,169.1765899658203,1.498732879682344,1.1695870153495072,1.270806596938788,0,cloudy
2646,train_10816.jpg,144.9890899658203,151.5602264404297,143.67091369628906,4.239940990047372,3.8374732125100945,3.9362356827580443,0,cloudy
2647,train_32309.jpg,146.79144287109375,158.81785583496094,153.6918182373047,3.1060004486901853,2.433875087513487,2.3932043279343227,0,cloudy
2648,train_25113.jpg,146.43991088867188,151.99130249023438,145.07566833496094,3.689732526228161,3.444668135293769,3.8436066108110203,0,cloudy
2649,train_5985.jpg,154.04376220703125,154.5094757080078,135.75396728515625,5.58379615040824,4.746317374466321,5.025674087337227,0,cloudy
2650,train_30244.jpg,151.2184295654297,161.62493896484375,156.45370483398438,1.819835392019773,1.3731177177440113,1.404445133354659,0,cloudy
2651,train_13502.jpg,175.95785522460938,180.0918731689453,168.4295196533203,49.63063945039805,44.315525627483694,49.42952118176964,47,cloudy
2652,train_34803.jpg,153.78990173339844,163.09823608398438,152.80679321289062,2.2269467766226656,1.7749578598449287,1.7064260568260414,0,cloudy
2653,train_17016.jpg,43.02424621582031,55.983795166015625,65.53448486328125,1.6345239645673468,1.217990990029499,1.7581946815825313,0,cloudy
2654,train_11301.jpg,140.1886749267578,148.90521240234375,133.91119384765625,3.8048479868027574,3.3478116290957414,3.7242547808097157,0,cloudy
2655,train_4292.jpg,132.9939727783203,138.62344360351562,131.28424072265625,1.7807900107107693,1.5706590746257452,1.7691180007694096,0,cloudy
2656,train_35506.jpg,164.6551971435547,145.57489013671875,126.55400085449219,1.2849810495895808,1.4604070269000768,1.8721450064811322,0,cloudy
2657,train_37305.jpg,133.32522583007812,142.25318908691406,126.15019226074219,2.164105287319969,1.7519687302504676,2.0372307444426156,0,cloudy
2658,train_8319.jpg,159.78599548339844,157.07080078125,148.6435089111328,2.696935614809671,2.6254925492805183,2.7053433666519995,0,cloudy
2659,train_12191.jpg,144.98646545410156,152.7543182373047,137.58961486816406,2.2624877081531043,1.9446977486960826,2.3818123281273786,0,cloudy
2660,train_984.jpg,181.41488647460938,188.81231689453125,182.77011108398438,4.7069343817109965,4.215771333075477,3.8520863883516956,0,cloudy
2661,train_9761.jpg,222.74525451660156,217.48507690429688,199.6566162109375,10.684908385862466,11.109744058411163,13.321013825935053,0,cloudy
2662,train_33639.jpg,147.3521728515625,131.88973999023438,116.69386291503906,3.1313359855031067,2.8070510942056006,2.792509718791961,0,cloudy
2663,train_17200.jpg,135.6861572265625,148.6588134765625,143.95741271972656,2.933094065913768,2.373750279418021,2.3426238795294743,0,cloudy
2664,train_3099.jpg,158.3865966796875,162.03514099121094,152.99266052246094,3.22824843051609,2.7316953116655918,2.7321628041030315,0,cloudy
2665,train_1856.jpg,170.64073181152344,173.4698486328125,161.4165802001953,6.48574913727616,5.996456906880291,6.139156183610755,0,cloudy
2666,train_8872.jpg,132.0063018798828,117.08358764648438,100.51579284667969,1.088242252164416,0.8834181660665877,1.515864865058476,0,cloudy
2667,train_16644.jpg,147.07577514648438,145.48257446289062,136.48736572265625,2.054292754910652,1.9190070860628876,2.110154437947404,0,cloudy
2668,train_40416.jpg,150.7679901123047,153.5695037841797,139.57151794433594,5.723528476694691,5.183188111517402,5.316865157732793,0,cloudy
2669,train_10547.jpg,211.43836975097656,205.65728759765625,205.99720764160156,51.52668753304855,43.76951829530489,53.240608997515864,53,cloudy
2670,train_14090.jpg,141.29171752929688,150.20510864257812,144.80455017089844,4.806336963238707,4.208372888488838,4.186136021333858,0,cloudy
2671,train_6888.jpg,153.86207580566406,149.08029174804688,139.1104736328125,2.1346728922826723,2.129402554039208,2.6656376245832503,0,cloudy
2672,train_16693.jpg,162.15167236328125,166.5498809814453,159.81277465820312,2.7874381887902118,2.6165721614301605,2.6334115400669513,0,cloudy
2673,train_22250.jpg,163.7897491455078,168.0211944580078,163.02850341796875,3.6838649685494196,3.5722684247225973,3.836229374904849,0,cloudy
2674,train_20320.jpg,138.3816375732422,146.089599609375,143.55882263183594,2.3701439055059508,1.9994577477405837,2.132816931207738,0,cloudy
2675,train_34355.jpg,170.36009216308594,176.4906005859375,168.6930694580078,3.5481894269161285,3.3023785196950706,3.2167134887582964,0,cloudy
2676,train_14091.jpg,164.81019592285156,158.60684204101562,143.75230407714844,15.120855108172186,13.12146639795143,13.533445481758605,0,cloudy
2677,train_31239.jpg,192.26470947265625,197.7055206298828,190.88265991210938,2.1183972993143425,1.9668496014380323,1.8814815329553318,0,cloudy
2678,train_1670.jpg,132.26583862304688,136.23146057128906,124.00807189941406,11.439554705395947,10.081582478777797,9.08375297017432,0,cloudy
2679,train_39881.jpg,129.86424255371094,128.16073608398438,112.43937683105469,22.137140653376594,19.57899118557693,17.515973084948406,0,cloudy
2680,train_21016.jpg,121.19784545898438,128.13182067871094,113.48289489746094,36.281116833930675,32.7649041429865,31.116501183327628,206,cloudy
2681,train_3932.jpg,220.5157928466797,212.29173278808594,215.2224578857422,41.04820909102045,34.21474482500661,45.73683949216687,49,cloudy
2682,train_30696.jpg,164.24041748046875,147.8827362060547,130.25442504882812,13.126192736784343,16.160721276183708,17.680352791393123,0,cloudy
2683,train_31588.jpg,146.37576293945312,142.02066040039062,131.90406799316406,2.034914294987119,1.9839828976304392,2.3049850028885204,0,cloudy
2684,train_3098.jpg,120.70121765136719,128.1859893798828,121.78605651855469,2.488420886337262,2.1824368561850465,2.2642415578411397,0,cloudy
2685,train_10552.jpg,145.13832092285156,153.01107788085938,140.4784393310547,3.705874673111505,3.298744188029085,3.8279287552831205,0,cloudy
2686,train_23826.jpg,210.5702667236328,206.61595153808594,195.55178833007812,17.231210585783355,17.896458214344218,17.688789770502662,0,cloudy
2687,train_15364.jpg,94.83755493164062,90.60842895507812,82.156494140625,2.889486182454217,2.464870071686217,2.5163679151389347,0,cloudy
2688,train_9006.jpg,191.5654754638672,196.480224609375,188.81593322753906,46.7534454291535,41.78970301549628,40.27608248667043,91,cloudy
2689,train_32526.jpg,132.97796630859375,135.73626708984375,114.67579650878906,8.99817908905945,8.103582838188412,8.542312903871752,0,cloudy
2690,train_36754.jpg,102.52616882324219,112.52706909179688,109.79673767089844,38.52923487047737,35.61210275284391,34.38508493366411,687,cloudy
2691,train_7759.jpg,145.61839294433594,141.03012084960938,130.4146270751953,14.189418250529718,12.363821535787137,11.340506661808492,0,cloudy
2692,train_24350.jpg,188.5863037109375,192.61050415039062,183.85023498535156,23.412991048006013,23.39028112252928,23.434107520225492,0,cloudy
2693,train_10793.jpg,243.216796875,245.1181640625,245.1015625,1.8486500944285966,1.1500900730849284,2.1004077333899662,0,cloudy
2694,train_23417.jpg,176.72824096679688,185.02894592285156,180.1497039794922,2.1108067031418942,1.8070368635763103,1.7943012063502994,0,cloudy
2695,train_35275.jpg,205.45164489746094,203.64013671875,191.55810546875,29.856941099241727,26.869107327832634,30.5583974467939,0,cloudy
2696,train_23403.jpg,141.6621551513672,138.09625244140625,128.3109588623047,2.0979900267154714,1.9928339928333434,2.113450812517466,0,cloudy
2697,train_38023.jpg,140.05108642578125,145.48178100585938,137.56639099121094,4.121138111888165,3.686263047552698,3.90357160674944,0,cloudy
2698,train_23365.jpg,155.3511505126953,150.90628051757812,139.86795043945312,4.906097562525613,4.94047263743772,5.205425488384392,0,cloudy
2699,train_32283.jpg,160.59156799316406,169.39608764648438,163.65528869628906,1.610467338607541,1.3231429815934364,1.3101589691027835,0,cloudy
2700,train_6484.jpg,175.1041717529297,181.77407836914062,172.86087036132812,2.146951970234341,1.8775739345230764,1.9105892273317566,0,cloudy
2701,train_4293.jpg,143.93563842773438,152.19503784179688,138.7795867919922,4.393061425877303,3.9423469406463285,4.509625006622268,0,cloudy
2702,train_16321.jpg,161.09938049316406,161.56365966796875,152.5017852783203,14.53652234181015,14.433515208189357,14.520022434565359,0,cloudy
2703,train_8481.jpg,159.57864379882812,163.84765625,159.14578247070312,2.292894449727981,2.221440792444385,2.87180633768323,0,cloudy
2704,train_33758.jpg,118.57681274414062,119.45425415039062,99.63290405273438,12.052795823204391,11.443450449761635,11.033129934051942,0,cloudy
2705,train_32320.jpg,134.06158447265625,138.97152709960938,131.60179138183594,10.244829647249638,9.36556888053538,8.545493909149002,0,cloudy
2706,train_25106.jpg,191.60165405273438,192.30702209472656,179.6045379638672,5.676388501879148,5.415974996511884,5.766556245733172,0,cloudy
2707,train_601.jpg,149.7567138671875,157.3375701904297,153.30026245117188,22.114768226748737,20.020890172886308,19.791337584613895,0,cloudy
2708,train_2796.jpg,138.06796264648438,145.86444091796875,129.138671875,1.817432062372371,1.5059173501082221,1.780974785139513,0,cloudy
2709,train_11512.jpg,43.766876220703125,56.47564697265625,64.29728698730469,2.281438398216017,1.8759402450787364,2.0834450729462466,0,cloudy
2710,train_15012.jpg,159.18850708007812,162.91346740722656,155.7447509765625,2.054045703638412,1.9709509711063575,2.1734628944641146,0,cloudy
2711,train_11260.jpg,182.9834442138672,155.59527587890625,129.76980590820312,1.054622661288547,0.9457732074993674,1.5242650593375933,0,cloudy
2712,train_8287.jpg,142.55728149414062,153.8794708251953,148.3088836669922,2.1612154291532963,1.6558673462014442,1.6939090349667605,0,cloudy
2713,train_18913.jpg,177.37908935546875,180.33163452148438,167.7057647705078,2.2342107677457186,1.986389599704972,1.9517231768921195,0,cloudy
2714,train_11937.jpg,150.46119689941406,149.96852111816406,130.88851928710938,6.079547406109678,5.3495007134974095,5.646459069998562,0,cloudy
2715,train_2231.jpg,194.12454223632812,198.64878845214844,193.4951934814453,30.698603030120143,29.34105813222783,29.14834130567276,0,cloudy
2716,train_1738.jpg,136.8924102783203,140.35498046875,133.55467224121094,21.970317717525514,20.526958969386296,20.956471738424497,165,cloudy
2717,train_31365.jpg,178.35357666015625,180.88461303710938,164.1798858642578,15.90921342883736,14.955030779454113,14.87737675788166,0,cloudy
2718,train_35665.jpg,109.179931640625,118.85493469238281,113.35993957519531,2.5313893856713343,2.1664157730322953,2.3072231329492237,0,cloudy
2719,train_7361.jpg,153.89195251464844,149.4742431640625,140.77200317382812,2.9629618630099497,2.7558712029693284,2.938671826771182,0,cloudy
2720,train_1704.jpg,152.28811645507812,154.75152587890625,146.1146697998047,10.422666897018432,9.943386688337275,10.552048251262582,0,cloudy
2721,train_16043.jpg,154.31675720214844,159.1814727783203,151.40489196777344,10.297865916701559,9.401540187092632,9.241082252134845,0,cloudy
2722,train_14654.jpg,113.42778015136719,120.97508239746094,119.85490417480469,36.45296555655907,33.43733807038474,31.52598136900197,0,cloudy
2723,train_4873.jpg,67.29829406738281,79.89195251464844,66.40646362304688,15.186732218245641,12.985271570794213,11.702914184470341,0,cloudy
2724,train_4867.jpg,163.462158203125,167.84536743164062,155.61981201171875,2.0059502867959544,1.8338708179710228,1.9353300130939635,0,cloudy
2725,train_15562.jpg,221.8341522216797,224.05296325683594,214.3327178955078,3.4581376241993,3.2095998880354064,3.7069182310560094,0,cloudy
2726,train_23978.jpg,144.0687713623047,149.47254943847656,142.0839080810547,6.762073087315999,6.5771792396037965,6.789808185842608,0,cloudy
2727,train_39920.jpg,175.82553100585938,182.43890380859375,177.5356903076172,2.049858875612492,1.6204176435042992,1.7172690724451325,0,cloudy
2728,train_26814.jpg,120.25912475585938,125.62242126464844,105.96885681152344,5.976750843891965,5.715325421582474,5.676916229796933,0,cloudy
2729,train_11706.jpg,203.89988708496094,202.14111328125,191.19227600097656,23.962661995469645,22.364076126831144,22.317469154802954,130,cloudy
2730,train_13887.jpg,170.04531860351562,169.41392517089844,149.5496826171875,17.88282504459902,16.898818753234043,18.567636202734064,0,cloudy
2731,train_1921.jpg,178.7862091064453,172.7922821044922,148.81390380859375,20.257289591971894,19.32352479435453,21.115606576841092,0,cloudy
2732,train_37070.jpg,103.391357421875,110.33180236816406,100.89230346679688,18.173040651113265,15.748462399710084,13.424790659073205,54,cloudy
2733,train_29528.jpg,182.6350555419922,181.66905212402344,168.83038330078125,46.9193372059776,42.34987830990472,46.47738467344682,301,cloudy
2734,train_1060.jpg,207.53884887695312,211.361083984375,200.308837890625,2.857637713885716,2.5716814262620087,2.794951550041597,0,cloudy
2735,train_7411.jpg,147.14443969726562,148.65158081054688,137.23744201660156,8.944499428988854,8.613450604404402,8.639517832812126,0,cloudy
2736,train_18939.jpg,164.09754943847656,172.20309448242188,162.9522705078125,4.8132979351299605,4.270170591353074,4.375025638437079,0,cloudy
2737,train_5206.jpg,214.42770385742188,219.8814697265625,213.77952575683594,8.056749725470072,8.047962662418675,8.462354314644228,0,cloudy
2738,train_39061.jpg,132.15585327148438,141.53500366210938,127.38560485839844,1.9619025991493226,1.6564420842288925,1.9819450997772576,0,cloudy
2739,train_4656.jpg,151.9896697998047,153.5252227783203,135.0537567138672,6.233129093147898,5.924701340947284,6.562887840912253,0,cloudy
2740,train_35883.jpg,207.31405639648438,202.23867797851562,202.81764221191406,41.76788606482219,33.074544830318196,41.93803514884684,25,cloudy
2741,train_6041.jpg,188.09872436523438,189.22341918945312,176.78778076171875,4.466005995786007,4.200900274206826,4.458625397620838,0,cloudy
2742,train_22455.jpg,186.97702026367188,193.01492309570312,189.8526611328125,2.3810424794908984,1.3419398987434703,1.7196965428883533,0,cloudy
2743,train_39288.jpg,161.2264404296875,163.7576904296875,150.33102416992188,3.8752355177124964,3.528673968842258,3.7283775258803975,0,cloudy
2744,train_13475.jpg,212.04762268066406,210.6796112060547,197.98196411132812,25.126462484161628,23.74522907611463,24.588269931261515,0,cloudy
2745,train_7820.jpg,159.5638427734375,164.05804443359375,156.70993041992188,4.906266921615576,4.3511473078384775,4.551097724515295,0,cloudy
2746,train_25851.jpg,159.83407592773438,163.9212188720703,153.47256469726562,3.0848439063998305,2.51160105258751,2.467342456633148,0,cloudy
2747,train_16531.jpg,150.2498321533203,148.26979064941406,139.0992431640625,2.541256558504847,2.504460228814844,2.5604285002580602,0,cloudy
2748,train_20054.jpg,169.01943969726562,162.46656799316406,149.84912109375,10.066695943325085,10.246449483966698,10.75905927138884,0,cloudy
2749,train_9170.jpg,189.28309631347656,184.5058135986328,172.6502227783203,57.88116787554028,52.27082311726464,58.9830043115712,0,cloudy
2750,train_15951.jpg,175.02560424804688,175.84388732910156,160.4096221923828,2.7473882197286623,2.6546117744130013,2.8629713238363146,0,cloudy
2751,train_1538.jpg,150.547119140625,146.52999877929688,135.95016479492188,3.2194005716115868,3.1803809094966433,3.2884807750393756,0,cloudy
2752,train_25138.jpg,205.71261596679688,201.32974243164062,190.17372131347656,12.967736576272689,13.369267322749407,13.10762148328938,0,cloudy
2753,train_19951.jpg,187.75856018066406,180.7807159423828,167.9573516845703,7.819220447113196,7.947080744431898,8.130324087553456,0,cloudy
2754,train_4534.jpg,152.4519805908203,156.4388427734375,148.7110137939453,2.84888809443672,2.6407835619343993,2.8146418988227535,0,cloudy
2755,train_16486.jpg,215.25071716308594,210.8113250732422,200.97535705566406,4.392413493700468,4.393550297686598,4.41063058240816,0,cloudy
2756,train_37879.jpg,161.12071228027344,167.75306701660156,158.23838806152344,4.766508699366169,2.494105855552674,2.164882598283256,0,cloudy
2757,train_17565.jpg,185.79795837402344,189.03997802734375,181.40541076660156,10.5602965576481,10.475650169984306,10.325178375803464,0,cloudy
2758,train_12353.jpg,205.27882385253906,202.7992706298828,190.31076049804688,40.923624506899635,37.59901487097533,45.889460068129964,87,cloudy
2759,train_12421.jpg,194.1060028076172,188.1628875732422,176.6180877685547,45.42695012014623,39.72222163460496,46.014629213605936,591,cloudy
2760,train_8871.jpg,129.93861389160156,134.7775115966797,124.4923095703125,18.274113876499776,16.12576594774955,14.594246702195932,0,cloudy
2761,train_11896.jpg,141.11334228515625,146.8312225341797,139.80931091308594,3.0522740963432593,2.8803029188500227,3.1617081288836686,0,cloudy
2762,train_6135.jpg,186.1568145751953,181.68338012695312,166.3721160888672,40.78467070944036,37.19374047757786,41.53276922955168,27,cloudy
2763,train_24636.jpg,170.5305633544922,169.09677124023438,155.1925811767578,6.968389562043258,6.130496025483562,6.216998360807912,0,cloudy
2764,train_4051.jpg,187.9610595703125,191.0325927734375,178.6814422607422,1.7497062393972747,1.5449620324858397,1.6897340810347983,0,cloudy
2765,train_4723.jpg,139.4975128173828,145.3992919921875,137.81271362304688,1.6160812688222872,1.452134066256001,1.685524229503138,0,cloudy
2766,train_27302.jpg,200.97752380371094,194.84962463378906,188.10775756835938,52.76173218235091,48.278009070717125,52.125953576464,1198,cloudy
2767,train_28743.jpg,171.866943359375,174.5418701171875,161.60707092285156,1.8603666690403304,1.5416138651758196,1.675506621465121,0,cloudy
2768,train_24192.jpg,143.49777221679688,151.3002471923828,135.9148712158203,1.70433261884348,1.375749063518099,1.777408423072417,0,cloudy
2769,train_1698.jpg,128.54644775390625,131.7991943359375,125.75010681152344,42.99162363714262,39.271120139823516,34.73224444237234,137,cloudy
2770,train_36582.jpg,168.77865600585938,170.78103637695312,155.7834930419922,4.131067950594586,3.8820026192777175,4.219579965329949,0,cloudy
2771,train_11673.jpg,169.64891052246094,172.33819580078125,164.20472717285156,3.653984804726945,3.575949948465118,3.6827303292870757,0,cloudy
2772,train_32257.jpg,153.96546936035156,157.52447509765625,144.92710876464844,2.4709087956715505,2.2013399445851083,2.3019541476932943,0,cloudy
2773,train_15830.jpg,164.71322631835938,161.14666748046875,154.8223876953125,1.9292382108667352,1.82601303694975,2.399794101699502,0,cloudy
2774,train_2636.jpg,199.27017211914062,203.4097900390625,195.76544189453125,6.739892620350235,6.195229594721009,6.100354960138808,0,cloudy
2775,train_28555.jpg,168.78387451171875,176.3863067626953,169.8345489501953,1.7171281347435,1.3536205862578996,1.470188241269452,0,cloudy
2776,train_20690.jpg,153.21238708496094,150.67100524902344,141.91336059570312,3.1204673773169955,3.207289461700418,3.2355119092339866,0,cloudy
2777,train_24390.jpg,128.1780242919922,131.37716674804688,123.03628540039062,36.97377074030635,32.93917725256961,32.19601717972125,138,cloudy
2778,train_10021.jpg,213.56268310546875,199.2375030517578,199.5368194580078,20.310540957889746,13.928130973418883,28.34674659499519,0,cloudy
2779,train_31951.jpg,166.56639099121094,172.0606689453125,159.45089721679688,1.630844792212315,1.3210564441703632,1.4268777207465806,0,cloudy
2780,train_14509.jpg,182.2288818359375,187.89820861816406,181.34878540039062,2.33731137894184,1.9727759465997066,2.0966611325225166,0,cloudy
2781,train_31979.jpg,148.37770080566406,152.8977508544922,138.50247192382812,3.4744194851265844,2.90677978537098,2.6913796021799095,0,cloudy
2782,train_29850.jpg,154.77316284179688,158.2110137939453,139.87274169921875,4.185097693769252,4.028843626507579,4.4839065415896435,0,cloudy
2783,train_11317.jpg,146.24461364746094,151.54611206054688,143.44107055664062,1.666562083489329,1.4743734256234482,1.7000330954965197,0,cloudy
2784,train_15171.jpg,154.32591247558594,156.5282745361328,149.4567413330078,17.475158426741164,16.51444587985244,16.913402737601107,0,cloudy
2785,train_9950.jpg,186.2037353515625,185.13818359375,175.40179443359375,63.731905142694906,60.15130669235977,57.33482080261094,1431,cloudy
2786,train_15165.jpg,134.41326904296875,139.67848205566406,131.84779357910156,4.187767856041264,3.93389106256567,4.313106312378887,0,cloudy
2787,train_36964.jpg,158.65599060058594,164.0587921142578,151.48715209960938,2.195761839892669,1.820230659639949,1.8940406181220553,0,cloudy
2788,train_30534.jpg,212.62005615234375,203.3214569091797,185.0590362548828,21.507224851143118,22.65317155381894,26.428375354453458,0,cloudy
2789,train_20069.jpg,169.33624267578125,175.29112243652344,167.79734802246094,4.924721021771725,3.989133714282992,3.739612850379845,0,cloudy
2790,train_22118.jpg,134.45655822753906,143.25917053222656,126.972900390625,2.186831375472101,1.8042350475769746,2.0409843040873925,0,cloudy
2791,train_2781.jpg,164.766845703125,163.43136596679688,148.0871124267578,40.12247702058296,39.068268965433106,40.65519529791042,47,cloudy
2792,train_21388.jpg,178.0809783935547,182.38363647460938,177.46963500976562,5.702085799564719,5.640079358882277,5.66189286795745,0,cloudy
2793,train_27921.jpg,191.94747924804688,187.33206176757812,177.31651306152344,10.633812136988075,10.609765957086589,10.287952829039853,0,cloudy
2794,train_15993.jpg,133.54388427734375,140.5000457763672,130.99993896484375,21.778184817285094,19.427901568952436,19.548044341926662,0,cloudy
2795,train_13312.jpg,126.14938354492188,131.30868530273438,123.38009643554688,6.521717511714251,5.94114466716149,5.85580072987169,0,cloudy
2796,train_39289.jpg,175.63661193847656,179.19659423828125,170.67543029785156,17.786087065076142,17.463486024092607,17.576121013314008,0,cloudy
2797,train_22865.jpg,215.07748413085938,214.8984375,200.16146850585938,7.39041908860168,5.292312862960118,4.422329337495319,0,cloudy
2798,train_2965.jpg,143.8619384765625,149.0721893310547,138.3932647705078,29.87376773334858,26.46605868759768,24.96267580846492,0,cloudy
2799,train_18253.jpg,112.22103881835938,120.86167907714844,113.42793273925781,4.51849638324384,4.2323837872405665,4.313313064360054,0,cloudy
2800,train_6054.jpg,151.79156494140625,160.05413818359375,154.02871704101562,18.28063015488121,17.16352727927602,17.420024230155697,0,cloudy
2801,train_16083.jpg,166.70082092285156,170.39561462402344,156.94346618652344,1.7846689528868294,1.5166812305164792,1.5632495380979599,0,cloudy
2802,train_24031.jpg,160.66885375976562,162.273193359375,147.28282165527344,26.408416107155546,24.271680046969472,23.959268625085443,137,cloudy
2803,train_16915.jpg,242.86441040039062,220.16485595703125,231.07647705078125,5.275420852169902,3.184638191980674,6.307797570963314,0,cloudy
2804,train_6068.jpg,211.25782775878906,216.98239135742188,212.1118927001953,7.642169055265576,7.5830723215688804,7.609060659524452,0,cloudy
2805,train_1707.jpg,175.16017150878906,184.78501892089844,180.33346557617188,6.396681687882597,5.758125377852903,5.505840243207853,0,cloudy
2806,train_16901.jpg,187.02825927734375,179.70802307128906,169.82188415527344,13.39593046869938,13.400629616062433,13.374627996241598,0,cloudy
2807,train_13110.jpg,182.88929748535156,161.50775146484375,138.06544494628906,4.0893117887242285,2.7716930645527205,2.7012115773060814,0,cloudy
2808,train_23979.jpg,125.81343078613281,133.57180786132812,125.74714660644531,2.483194916214501,2.143068832696813,2.374129178394431,0,cloudy
2809,train_19411.jpg,126.09860229492188,123.11602783203125,112.44978332519531,24.10066563869266,22.472602176369126,21.592761662540042,0,cloudy
2810,train_30083.jpg,167.5572052001953,162.08676147460938,148.2841796875,12.567524853136804,12.383892324181208,13.03054708876631,0,cloudy
2811,train_10421.jpg,145.65182495117188,141.98973083496094,132.53335571289062,2.540874779123527,2.333996923514674,2.6150792710132484,0,cloudy
2812,train_19363.jpg,218.37234497070312,213.47695922851562,212.59422302246094,48.780196796006955,41.962462445896094,49.995775299551944,385,cloudy
2813,train_6093.jpg,191.2629852294922,187.1633758544922,176.63099670410156,9.322458930049914,9.265504563145017,9.262341812405902,0,cloudy
2814,train_13114.jpg,175.4869842529297,179.31378173828125,163.70095825195312,8.311665563997993,8.112621460306231,8.451468995583886,0,cloudy
2815,train_28182.jpg,218.56748962402344,213.6484375,195.41714477539062,13.57781230164477,14.238633290401001,16.732853141935102,0,cloudy
2816,train_2236.jpg,144.6168975830078,151.91709899902344,146.54319763183594,31.264607046990744,28.623815146862103,27.932295471416136,217,cloudy
2817,train_3128.jpg,241.07054138183594,226.806640625,232.71588134765625,1.561576324599678,0.39493230698387966,6.58186283943182,0,cloudy
2818,train_20247.jpg,106.29261779785156,113.27630615234375,102.35537719726562,16.019455272014582,13.710382516475155,11.903520736513913,0,cloudy
2819,train_2550.jpg,192.0080108642578,192.63731384277344,192.54104614257812,58.52218348101533,48.107876404034386,53.76788055179913,104,cloudy
2820,train_6736.jpg,129.9087677001953,132.7434539794922,120.45796203613281,23.004078220563933,20.840778260647532,18.70297169676687,41,cloudy
2821,train_38420.jpg,138.63363647460938,135.2013702392578,123.94754028320312,1.8157618638383182,1.761452468064087,1.8605548855166412,0,cloudy
2822,train_1717.jpg,143.75888061523438,154.8036346435547,147.5413360595703,7.815128299572223,6.596084513222762,5.394193254898718,0,cloudy
2823,train_15773.jpg,190.21311950683594,187.29954528808594,172.90866088867188,4.844046676662893,4.360779459949241,4.669632686047283,0,cloudy
2824,train_13464.jpg,158.5576171875,162.34982299804688,155.18545532226562,3.3396642804027983,3.263385983763164,3.3337960962443365,0,cloudy
2825,train_39500.jpg,198.90679931640625,199.00079345703125,186.31829833984375,5.83043468892968,5.600123974572544,5.76167014893546,0,cloudy
2826,train_20051.jpg,183.71224975585938,184.3623504638672,176.0364227294922,1.8960231154758862,1.782715369759688,1.841373513712767,0,cloudy
2827,train_24237.jpg,123.71949768066406,125.10810852050781,118.71003723144531,25.950919123155206,24.03327829793588,20.854910438328517,0,cloudy
2828,train_6520.jpg,180.17556762695312,183.34326171875,175.5149688720703,9.939953324946554,9.709380205273959,9.532333214843385,0,cloudy
2829,train_22646.jpg,175.06251525878906,174.9795379638672,157.81320190429688,5.596219332898839,3.9061202330194424,3.722115602366373,0,cloudy
2830,train_8519.jpg,184.33067321777344,184.23411560058594,171.6455535888672,3.0778349440432837,2.9381932888349045,2.9198939544959943,0,cloudy
2831,train_29061.jpg,156.81146240234375,160.83616638183594,154.00706481933594,2.695766575891148,2.5750274906854558,2.737352533386719,0,cloudy
2832,train_12975.jpg,160.6894073486328,169.55691528320312,163.5064697265625,1.4628939449510732,1.107982910090915,1.1835309443161304,0,cloudy
2833,train_799.jpg,207.22943115234375,196.04190063476562,191.3929443359375,45.071963311211476,37.52535904864049,48.41317951957057,710,cloudy
2834,train_20864.jpg,194.30288696289062,200.06394958496094,193.7870635986328,5.373534521824731,4.789252053385451,4.79547750491081,0,cloudy
2835,train_11307.jpg,151.38681030273438,156.08595275878906,148.6011505126953,2.0281164186671563,1.8809509571329504,2.120764510486189,0,cloudy
2836,train_17762.jpg,150.2687530517578,154.66094970703125,146.61981201171875,2.047036955735637,1.9287237538744837,2.126540529325395,0,cloudy
2837,train_13262.jpg,170.1264190673828,173.20480346679688,165.33258056640625,2.1046011446806547,2.0833065390602283,2.2169580199366425,0,cloudy
2838,train_29667.jpg,165.8157958984375,147.74752807617188,128.48077392578125,1.370488693541031,1.339055432428406,1.8986455613002484,0,cloudy
2839,train_26540.jpg,175.1524658203125,174.29103088378906,159.6938018798828,27.71459036879952,25.851744935029313,25.26003572726456,0,cloudy
2840,train_26226.jpg,201.84896850585938,205.70851135253906,197.68313598632812,3.6359971975498206,3.320272730385801,3.4615106085253444,0,cloudy
2841,train_37465.jpg,179.7079620361328,164.56201171875,136.19935607910156,2.4990711330123476,2.3771320109575154,2.487426918762879,0,cloudy
2842,train_34391.jpg,166.37054443359375,168.3035430908203,155.36715698242188,4.588624670176055,4.219984298051868,4.321053191283288,0,cloudy
2843,train_21788.jpg,154.29296875,158.3933868408203,140.5066680908203,8.011798741068251,7.6108097236703225,8.382063513222135,0,cloudy
2844,train_10555.jpg,133.9867401123047,119.68058776855469,102.31916809082031,1.3764057375933414,1.2802536603351555,1.868032958776572,0,cloudy
2845,train_20496.jpg,145.1038055419922,142.9801483154297,132.7919464111328,1.6817157580569377,1.5779082702275609,1.881767528497588,0,cloudy
2846,train_6681.jpg,166.77130126953125,170.90591430664062,164.49539184570312,61.37068565273151,52.52389068051074,58.87587789001198,28,cloudy
2847,train_28974.jpg,216.90966796875,210.6581573486328,200.6712646484375,4.859003255184738,4.868320210606048,5.329123986469477,0,cloudy
2848,train_11663.jpg,155.00656127929688,131.2286834716797,111.36154174804688,1.9679250916665663,1.7169544989942114,2.3349170463310545,0,cloudy
2849,train_18860.jpg,174.15829467773438,179.69827270507812,175.34458923339844,23.087318146576724,21.89989920970776,21.04988753457447,0,cloudy
2850,train_36545.jpg,126.66908264160156,134.849853515625,130.04014587402344,34.29511055648886,31.65462425610117,30.297833259136656,84,cloudy
2851,train_11844.jpg,145.65728759765625,152.15065002441406,144.68052673339844,6.851843859409882,6.453888272416819,6.656527590374663,0,cloudy
2852,train_2424.jpg,115.95327758789062,123.48895263671875,115.78106689453125,17.197830230108348,15.240344384229155,14.675741609256342,0,cloudy
2853,train_27474.jpg,145.08387756347656,152.0988311767578,147.3057098388672,2.918467904704547,2.623636150732482,2.5853771797190417,0,cloudy
2854,train_39892.jpg,137.21395874023438,146.0608673095703,133.14736938476562,2.4298126931686665,2.074267302802904,2.735715928131757,0,cloudy
2855,train_1663.jpg,122.76522827148438,127.20925903320312,115.87551879882812,35.02990182172634,31.273980111186894,28.136812428899447,31,cloudy
2856,train_27460.jpg,198.07850646972656,186.3607940673828,176.89419555664062,35.56237322776218,26.061371198189256,40.98195276153006,95,cloudy
2857,train_16865.jpg,142.76145935058594,147.36752319335938,141.11428833007812,18.72396299865973,17.712992097775537,16.840428626437607,21,cloudy
2858,train_38541.jpg,147.56651306152344,152.537109375,144.99143981933594,1.600209363423238,1.4143093167712144,1.6836263670466827,0,cloudy
2859,train_21004.jpg,183.99229431152344,188.2642822265625,175.3316650390625,4.510579044069042,3.272828273026736,2.7485206889606855,0,cloudy
2860,train_37896.jpg,184.22238159179688,188.78439331054688,179.78085327148438,4.26465728971551,2.4682662373321254,2.1660169095361477,0,cloudy
2861,train_2431.jpg,181.1032257080078,187.82424926757812,182.67575073242188,2.094473835953877,1.6055196115345103,1.890672225746553,0,cloudy
2862,train_18134.jpg,174.87252807617188,181.5062255859375,176.03567504882812,8.559759750870343,8.022990056406947,7.836713056452454,0,cloudy
2863,train_18646.jpg,163.05166625976562,161.4140625,146.32318115234375,37.566432257412025,36.17879000452346,34.65297343459556,19,cloudy
2864,train_24829.jpg,207.0099639892578,196.73959350585938,193.30165100097656,33.40543843233633,25.20484312922314,37.05343721152274,0,cloudy
2865,train_12343.jpg,144.80796813964844,150.49209594726562,141.97630310058594,3.632309018868746,3.3466280366069214,3.595647848729815,0,cloudy
2866,train_2380.jpg,132.02005004882812,138.00057983398438,128.32546997070312,2.408258262484163,1.938554943575575,2.018952125941173,0,cloudy
2867,train_37841.jpg,190.62342834472656,198.39215087890625,191.70932006835938,6.651250217619988,5.828855049172763,5.8005544296225064,0,cloudy
2868,train_17549.jpg,154.89010620117188,146.21241760253906,130.9623260498047,7.751793974789868,7.9204494512118355,8.062407247809514,0,cloudy
2869,train_20483.jpg,172.5601043701172,164.96749877929688,150.25164794921875,7.108159289177319,6.637980599857935,7.15423669953779,0,cloudy
2870,train_10540.jpg,185.00437927246094,168.20834350585938,150.3697509765625,1.0154728187428383,1.025889222312453,1.3926764315753508,0,cloudy
2871,train_38757.jpg,193.4521026611328,196.91278076171875,191.53265380859375,18.38520359463074,18.100007795820712,17.991549784841354,0,cloudy
2872,train_26541.jpg,151.80528259277344,157.11492919921875,149.61483764648438,2.0923072920043384,1.945204068229748,2.144797099985493,0,cloudy
2873,train_4256.jpg,144.56814575195312,151.5102996826172,144.9384307861328,3.5675541114510607,3.2180507994417966,3.5350862566923795,0,cloudy
2874,train_22041.jpg,155.37136840820312,159.79258728027344,153.31256103515625,3.678081597226661,3.4114282039130535,3.4425112171438785,0,cloudy
2875,train_39307.jpg,234.6298828125,238.138671875,235.5439453125,3.032534454980205,2.71646969633088,3.375098191704932,0,cloudy
2876,train_8478.jpg,217.63999938964844,203.47129821777344,203.9394073486328,39.349816301898585,30.00884472786409,42.425522544503266,149,cloudy
2877,train_11312.jpg,120.4210205078125,128.19430541992188,119.81269836425781,13.21348128538679,11.853727679752986,12.022523641626131,0,cloudy
2878,train_18444.jpg,139.55604553222656,124.3367919921875,112.4427490234375,2.462376020411092,2.564530704832684,3.4931599822539106,0,cloudy
2879,train_38964.jpg,91.15689086914062,100.97978210449219,99.75370788574219,49.65589797656162,46.353030729541835,43.655489364952466,283,cloudy
2880,train_19000.jpg,156.6576690673828,160.79766845703125,153.30433654785156,3.5197519300064863,3.3084325238818546,3.522677404574038,0,cloudy
2881,train_31954.jpg,153.94540405273438,165.21498107910156,165.7809295654297,8.740372647038836,7.292595409624744,7.354500738889757,0,cloudy
2882,train_18281.jpg,180.2628173828125,181.1456298828125,168.67593383789062,3.6284525950092124,3.4196092232836186,3.3393285486425,0,cloudy
2883,train_35475.jpg,116.03526306152344,124.69560241699219,114.77180480957031,22.99157146001687,20.853495986770373,20.65748962872132,0,cloudy
2884,train_1500.jpg,151.25286865234375,131.65542602539062,118.54556274414062,2.9143385967283564,3.0802479951407764,3.34188750892125,0,cloudy
2885,train_2021.jpg,172.44895935058594,168.4580841064453,158.3891143798828,6.050799241706463,6.025016584622559,6.336551818581122,0,cloudy
2886,train_12009.jpg,164.03355407714844,160.90109252929688,152.90106201171875,2.0928724205343427,2.0811585067475904,2.1653330194272047,0,cloudy
2887,train_22860.jpg,159.2572784423828,164.50836181640625,158.14193725585938,2.8921423070751784,2.6999999370563907,3.0135185821704518,0,cloudy
2888,train_16253.jpg,146.5878448486328,152.40451049804688,144.70404052734375,2.6911093733852223,2.4849351603433227,2.686306199664799,0,cloudy
2889,train_38804.jpg,209.24082946777344,199.36099243164062,186.4248809814453,2.4871127447599304,1.6569852116545696,1.5420942392788468,0,cloudy
2890,train_7824.jpg,121.21812438964844,105.51156616210938,80.72891235351562,1.4518481445454907,1.2382087471942824,1.63277445040407,0,cloudy
2891,train_33560.jpg,151.1404571533203,162.0691375732422,159.17428588867188,2.8328799695486953,2.445823309441065,2.5238707378301846,0,cloudy
2892,train_35105.jpg,133.98252868652344,131.00621032714844,119.45619201660156,2.0730634558721523,1.9396978791813873,1.9322328989604067,0,cloudy
2893,train_1070.jpg,137.9768829345703,147.0517578125,131.78109741210938,1.7092599226337277,1.3652018923844982,1.6199761936375137,0,cloudy
2894,train_5216.jpg,188.8435821533203,191.56890869140625,183.7796630859375,5.122256495593924,3.144491964888554,2.698561037589902,0,cloudy
2895,train_6079.jpg,181.02342224121094,177.90077209472656,161.7476348876953,4.860516355830556,4.054416012052982,4.355227244929276,0,cloudy
2896,train_7367.jpg,161.46063232421875,146.52301025390625,126.89942932128906,4.319518517747792,3.7469007793228486,3.356439802959128,0,cloudy
2897,train_23029.jpg,234.83578491210938,233.54507446289062,234.20668029785156,8.232487180220033,4.795772423347997,8.620274686544054,0,cloudy
2898,train_29504.jpg,114.56449890136719,130.0436248779297,120.29655456542969,25.232046671786083,23.831900404183223,23.714310491020555,0,cloudy
2899,train_28197.jpg,174.58145141601562,169.52639770507812,155.04830932617188,29.86513396914459,26.906090168787664,25.261253055917447,0,cloudy
2900,train_13129.jpg,168.58737182617188,171.55165100097656,164.9630126953125,5.239412380384442,3.2767388105694155,2.6636682453569933,0,cloudy
2901,train_36381.jpg,148.9905242919922,155.58685302734375,149.36947631835938,2.158863606462741,1.949440401696401,2.1882026648634154,0,cloudy
2902,train_22486.jpg,125.87185668945312,132.40936279296875,122.59518432617188,4.3016412707291405,3.098135541297128,3.2316948062903976,0,cloudy
2903,train_40203.jpg,116.41156005859375,125.26695251464844,116.44013977050781,10.083181721108902,9.123569044609615,9.305406707877893,0,cloudy
2904,train_35844.jpg,146.25559997558594,155.42324829101562,147.15997314453125,4.158271368790631,3.4588998721499014,2.9589962137570884,0,cloudy
2905,train_16735.jpg,199.50888061523438,199.06710815429688,186.343505859375,5.713879563819079,5.588901718885495,5.783470588227067,0,cloudy
2906,train_12235.jpg,128.9907684326172,133.71095275878906,124.81874084472656,1.8903885719524292,1.7300832761874958,1.993121037761787,0,cloudy
2907,train_35846.jpg,85.62504577636719,96.80738830566406,89.46701049804688,31.76003443225144,28.925594156262758,28.35357386126893,307,cloudy
2908,train_1933.jpg,177.56704711914062,184.2744903564453,178.8242645263672,2.3525595988703065,2.1308985552149036,1.9578811408923011,0,cloudy
2909,train_30902.jpg,158.92282104492188,163.17953491210938,153.140869140625,19.28548880804277,18.05982422001698,18.47255072399191,0,cloudy
2910,train_20522.jpg,169.69610595703125,165.95054626464844,157.54147338867188,2.887914814377535,2.9237980397889727,2.7873640096145627,0,cloudy
2911,train_23981.jpg,164.92401123046875,168.1206512451172,160.3857879638672,2.7201515557413343,2.757699101900348,2.693996290122357,0,cloudy
2912,train_20250.jpg,147.4095001220703,155.26742553710938,142.98593139648438,3.025317480212463,2.732843041937716,2.986263689695724,0,cloudy
2913,train_7365.jpg,147.86253356933594,144.1259002685547,136.54788208007812,7.196748640402539,6.988245437395305,7.511359953519021,0,cloudy
2914,train_5572.jpg,210.0615234375,209.68862915039062,198.0638427734375,6.873719182782168,6.60547702732109,6.940126633861215,0,cloudy
2915,train_413.jpg,161.04071044921875,162.45867919921875,150.8715057373047,54.6575888324369,48.59346835090823,49.86875672997864,158,cloudy
2916,train_25843.jpg,152.9345703125,164.20335388183594,158.37619018554688,3.674910309404235,2.9639941934195937,2.957646296994678,0,cloudy
2917,train_16251.jpg,173.7502899169922,164.414794921875,142.40830993652344,2.8583622226939536,2.831862103902852,3.1736905845403847,0,cloudy
2918,train_14320.jpg,173.1153564453125,180.29920959472656,172.66317749023438,3.6402266104310717,3.3264506660196584,3.1693748322632866,0,cloudy
2919,train_23598.jpg,135.9500274658203,141.41673278808594,133.8730926513672,1.821608561329923,1.582902011639163,1.8736221808627274,0,cloudy
2920,train_31822.jpg,162.4375457763672,162.7429962158203,149.47364807128906,8.335051842432906,7.6683023413322315,7.414431392935045,0,cloudy
2921,train_15994.jpg,155.00015258789062,159.23223876953125,142.74391174316406,20.649728457708772,17.908889475174185,17.5019029163791,0,cloudy
2922,train_8297.jpg,152.16336059570312,160.5890350341797,153.4519805908203,4.568988626137246,3.684938697202675,3.6971389904177303,0,cloudy
2923,train_15770.jpg,180.11236572265625,187.1430206298828,178.90679931640625,1.331260882084655,1.0605628281784447,1.2166368538475882,0,cloudy
2924,train_30255.jpg,78.43807983398438,77.89291381835938,85.27423095703125,8.685571890042883,6.2040553325411985,4.56865541747372,74,cloudy
2925,train_32330.jpg,144.9961395263672,150.85696411132812,141.3130645751953,19.284843329420596,16.883160091926808,15.169440868089659,0,cloudy
2926,train_22123.jpg,146.61123657226562,150.74200439453125,138.4956512451172,6.028067850557764,5.503948958402452,5.3781853192843165,0,cloudy
2927,train_38153.jpg,151.8246307373047,163.1887664794922,160.65940856933594,2.7133833781928542,2.3315364381688717,2.2201204046508987,0,cloudy
2928,train_21364.jpg,151.67987060546875,154.6160430908203,141.82501220703125,3.7415058529568253,3.368219399177367,3.4690870296357406,0,cloudy
2929,train_3473.jpg,174.3693389892578,179.56886291503906,172.00555419921875,6.46246433478722,4.8908889793479595,4.424448473805002,0,cloudy
2930,train_28432.jpg,180.80967712402344,187.946044921875,180.91952514648438,8.593026516747662,7.526462121238315,7.060522373771629,0,cloudy
2931,train_6279.jpg,174.88546752929688,169.40794372558594,143.67300415039062,22.035441312055923,20.758144250918733,22.83937057207139,0,cloudy
2932,train_16325.jpg,129.0950927734375,144.7161102294922,142.97702026367188,2.0889030514099893,1.65952299880194,1.6642889394290252,0,cloudy
2933,train_14240.jpg,138.20372009277344,124.20164489746094,109.55833435058594,1.517049573342964,1.498240457057513,1.9909424256400765,0,cloudy
2934,train_9943.jpg,210.84405517578125,216.1790008544922,209.3599395751953,8.473456951900188,8.426751998596426,8.807761692756447,0,cloudy
2935,train_9770.jpg,188.30712890625,194.07656860351562,187.2040252685547,5.533236023131496,4.954470715547857,4.849456344705585,0,cloudy
2936,train_36750.jpg,166.04078674316406,172.29739379882812,167.955810546875,25.989492193645766,23.74015002969284,22.524361549446883,0,cloudy
2937,train_15823.jpg,151.07640075683594,155.3804931640625,138.4504852294922,27.82263587619188,25.174686331426166,25.57048296510552,213,cloudy
2938,train_8320.jpg,138.6417694091797,124.81393432617188,111.94143676757812,1.3973613418787183,1.3101443423666668,2.082794163965543,0,cloudy
2939,train_32278.jpg,203.3004608154297,207.98223876953125,196.0730743408203,3.708030576255543,2.755480284676178,2.641812345685295,0,cloudy
2940,train_3922.jpg,109.26310729980469,117.4150390625,107.66380310058594,17.603638706693047,15.775542815431772,14.240666902824712,0,cloudy
2941,train_30686.jpg,169.67628479003906,172.14962768554688,158.66836547851562,2.1520473289414452,1.8370041404329729,1.909761811069434,0,cloudy
2942,train_2396.jpg,198.7710418701172,200.992919921875,191.94276428222656,2.224435261449016,2.240549253303332,2.384625043277249,0,cloudy
2943,train_10224.jpg,178.71847534179688,181.1259765625,173.45651245117188,5.253175585310743,3.580337440102198,3.0157971850278527,0,cloudy
2944,train_30862.jpg,168.0206756591797,176.9496307373047,171.94580078125,1.7429973965396643,1.4489646164887768,1.354919762153608,0,cloudy
2945,train_10581.jpg,202.578857421875,205.0695343017578,191.5363006591797,7.2089062864528195,5.263605029415081,4.687577539612278,0,cloudy
2946,train_8650.jpg,184.22544860839844,187.1719512939453,180.03074645996094,6.42679394187026,6.3765212464644145,6.149902846501789,0,cloudy
2947,train_16872.jpg,128.244384765625,131.1951446533203,121.91651916503906,35.37287857296183,32.47352232710411,29.46593209316718,0,cloudy
2948,train_9229.jpg,145.39195251464844,150.9073944091797,144.4528045654297,2.286257466220002,2.0710677302821385,2.1925236140089734,0,cloudy
2949,train_31228.jpg,184.2398223876953,190.598388671875,182.53533935546875,4.9848980174945465,4.325034839015728,4.483078662483802,0,cloudy
2950,train_18862.jpg,173.3280792236328,171.60646057128906,158.37110900878906,10.027827620754914,9.52347052569556,9.693717493351055,0,cloudy
2951,train_10225.jpg,141.53317260742188,138.92098999023438,113.75028991699219,15.101120884579892,13.362707966780768,13.70478766909974,0,cloudy
2952,train_10231.jpg,163.31979370117188,141.37335205078125,127.65986633300781,2.8243774905975156,2.76209946440304,3.076471539047718,0,cloudy
2953,train_4094.jpg,145.85513305664062,153.451171875,139.78858947753906,1.7759508331286826,1.5055224169047547,1.8903098394800206,0,cloudy
2954,train_26.jpg,140.43492126464844,142.52593994140625,128.24598693847656,15.617757324909602,14.321741258523017,13.148559029864874,0,cloudy
2955,train_29881.jpg,124.13798522949219,131.0734100341797,121.42111206054688,5.894624698420676,5.588531718845819,5.462477079439278,0,cloudy
2956,train_30308.jpg,181.35482788085938,187.56585693359375,179.90106201171875,2.206076371346841,1.8865843373551787,1.872982663475021,0,cloudy
2957,train_3512.jpg,175.05152893066406,182.3502960205078,175.88571166992188,4.379247705662104,3.9443247027979744,3.660875272074436,0,cloudy
2958,train_38032.jpg,134.85537719726562,140.5591583251953,133.7631378173828,1.7408174312413203,1.476844814142666,1.778129927168185,0,cloudy
2959,train_27660.jpg,167.6108856201172,173.23211669921875,163.79812622070312,2.9771627157887215,2.5656809072118247,2.5147975453362585,0,cloudy
2960,train_1339.jpg,139.98374938964844,145.7750244140625,138.25079345703125,2.5696584853127398,2.3825337950510175,2.561004823954177,0,cloudy
2961,train_758.jpg,156.0889129638672,162.21080017089844,148.95587158203125,1.7183988639878665,1.393150772200196,1.5067008360288632,0,cloudy
2962,train_20655.jpg,146.08609008789062,158.7492218017578,156.1866455078125,5.437691211678341,4.635429311269733,4.632623033364269,0,cloudy
2963,train_27884.jpg,174.36997985839844,180.64198303222656,174.3372344970703,6.203041485354415,5.461338236209007,5.0239990761571525,0,cloudy
2964,train_29842.jpg,152.11407470703125,150.4028778076172,144.32540893554688,3.9914787651571078,3.6909780200633144,3.367500912220645,0,cloudy
2965,train_11305.jpg,121.1561279296875,125.24717712402344,99.7869873046875,14.556449975388153,12.972437456850527,14.038270327741973,0,cloudy
2966,train_13248.jpg,164.7084503173828,168.17254638671875,158.47598266601562,2.7143922742131443,2.3067285898863465,2.4266780646363113,0,cloudy
2967,train_24396.jpg,220.0572509765625,206.87164306640625,203.65673828125,31.337888907256872,24.489887333887527,35.419992899185885,25,cloudy
2968,train_2778.jpg,108.69558715820312,103.89311218261719,90.49029541015625,35.59242594949362,33.13595969813709,29.561354072508802,62,cloudy
2969,train_23566.jpg,129.67404174804688,136.5655517578125,128.80006408691406,3.528796679200987,3.127646315187679,3.0665461744817746,0,cloudy
2970,train_7172.jpg,174.19374084472656,170.64195251464844,161.1183624267578,2.151308708190482,2.2148038458025714,2.4665265855967253,0,cloudy
2971,train_34754.jpg,173.4026641845703,171.20306396484375,152.91329956054688,13.012413023048186,12.295015807546672,12.870168052888038,0,cloudy
2972,train_25659.jpg,169.86099243164062,174.31658935546875,167.4118194580078,4.209632148261079,3.0283828963843487,2.6128006747247463,0,cloudy
2973,train_5981.jpg,160.08865356445312,157.03237915039062,147.82949829101562,1.5386307829153671,1.5145841073886772,1.6546960479143618,0,cloudy
2974,train_26436.jpg,244.11106872558594,237.0255584716797,237.93174743652344,22.294477786842226,21.53046979518653,28.97483041400236,98,cloudy
2975,train_22888.jpg,127.28544616699219,135.7161102294922,121.39680480957031,1.7240382006193427,1.4779529602437316,1.696086781922672,0,cloudy
2976,train_10609.jpg,183.37619018554688,160.6999969482422,137.4669952392578,0.9701304363016515,0.8887267325048863,1.4564007239015129,0,cloudy
2977,train_13300.jpg,198.3878173828125,196.0693359375,186.71693420410156,0.7738046930454013,0.9367749271298421,1.235992354312496,0,cloudy
2978,train_36802.jpg,132.24989318847656,145.60191345214844,144.02137756347656,3.557108763406677,3.034146389404059,3.1562670415342104,0,cloudy
2979,train_10621.jpg,232.0101776123047,226.9285125732422,222.0942840576172,26.89022614744871,24.062166470333832,30.508553832924303,121,cloudy
2980,train_823.jpg,164.005859375,147.57276916503906,131.45822143554688,1.730956962380993,1.5668346313190706,2.5011155051900813,0,cloudy
2981,train_11259.jpg,167.0161895751953,164.5457305908203,153.52813720703125,41.933826782156395,35.83168971135027,35.482345729166,0,cloudy
2982,train_8731.jpg,233.32142639160156,222.6040802001953,215.00357055664062,7.298899103068503,4.489374236197115,11.97251233886398,0,cloudy
2983,train_14862.jpg,166.59530639648438,162.74063110351562,152.13870239257812,1.8765891550376146,1.869365098433049,2.0832701639443223,0,cloudy
2984,train_37063.jpg,156.07461547851562,154.99143981933594,134.0318603515625,6.674510432442799,5.366238142899997,5.659706670467356,0,cloudy
2985,train_24989.jpg,137.24661254882812,145.3032684326172,129.44305419921875,1.6220029829016178,1.3056084178595537,1.682208674163117,0,cloudy
2986,train_30724.jpg,110.40560913085938,119.88581848144531,113.59645080566406,3.672859945366281,3.3395183953748644,3.606567526355895,0,cloudy
2987,train_23980.jpg,179.96749877929688,174.218017578125,149.016357421875,17.675050818989344,16.902690391080416,18.92929109322828,0,cloudy
2988,train_30056.jpg,137.80224609375,139.7874298095703,129.68861389160156,44.39321381359096,41.030267045098185,36.82876275228843,75,cloudy
2989,train_30730.jpg,141.9267120361328,154.35476684570312,151.23329162597656,4.382065649639522,3.704141949871688,3.777717803049319,0,cloudy
2990,train_20523.jpg,162.37852478027344,165.89755249023438,149.31622314453125,16.001083783530255,15.608091518989909,16.499611863421695,0,cloudy
2991,train_2234.jpg,136.61363220214844,141.19253540039062,132.56289672851562,3.1238469088200005,2.81972971687661,2.9355377517870607,0,cloudy
2992,train_15201.jpg,170.31117248535156,167.6787567138672,158.688232421875,3.2784057136399882,3.2565473250985897,3.4603068980644727,0,cloudy
2993,train_3857.jpg,155.54051208496094,157.47207641601562,138.82443237304688,2.760412970384299,1.96579057331776,1.9766085055334803,0,cloudy
2994,train_36382.jpg,102.50346374511719,111.51837158203125,103.38949584960938,22.22873973770642,20.493244781498774,20.212927418581412,202,cloudy
2995,train_1969.jpg,173.65579223632812,174.06399536132812,158.51980590820312,2.9858608489962544,2.8162670178791833,3.011124120355677,0,cloudy
2996,train_25399.jpg,119.84065246582031,126.84255981445312,119.199951171875,3.8347776491256527,3.4820478411493845,3.461611636877964,0,cloudy
2997,train_8742.jpg,221.77694702148438,216.2395782470703,199.04444885253906,10.541510073259651,10.081094661449272,13.488112985219505,0,cloudy
2998,train_3165.jpg,152.60745239257812,153.88906860351562,143.03375244140625,7.074203996666638,6.561092586185077,6.441288208154609,0,cloudy
2999,train_7303.jpg,177.01351928710938,177.8952178955078,170.8857879638672,12.686092819222889,12.351785767773055,12.381671454543742,0,cloudy
3000,train_33510.jpg,214.63255310058594,219.2585906982422,212.77224731445312,5.97706098719644,5.164615998722382,5.510552514672241,0,cloudy
3001,train_13830.jpg,63.86796569824219,68.79525756835938,76.11784362792969,2.0553130998163063,1.3604901028265546,1.7964286710517292,0,cloudy
3002,train_10493.jpg,120.38037109375,129.73306274414062,124.31216430664062,31.384373723597633,28.521892558123444,27.299690994530167,176,cloudy
3003,train_2904.jpg,175.04815673828125,172.2764892578125,162.86488342285156,1.148995515301566,1.0750920785791642,1.3308940728099392,0,cloudy
3004,train_5925.jpg,172.14385986328125,175.28982543945312,162.3878631591797,1.8819844247211373,1.6174189127295309,1.6359303476518614,0,cloudy
3005,train_12737.jpg,161.70697021484375,165.75514221191406,152.88739013671875,1.8765807789730986,1.5424087545630454,1.518817811352765,0,cloudy
3006,train_24285.jpg,127.41970825195312,133.40081787109375,122.85247802734375,2.9369272651167586,2.478026344787697,2.39311220942113,0,cloudy
3007,train_16551.jpg,151.35377502441406,146.48312377929688,122.44741821289062,0.9293487274947666,0.8439248127997864,1.3034870223301551,0,cloudy
3008,train_17897.jpg,149.73355102539062,145.04925537109375,131.6158447265625,17.128297036987917,15.89470885122024,15.975041237760728,0,cloudy
3009,train_14352.jpg,164.3308868408203,169.34178161621094,157.81614685058594,3.0002739307126842,2.62476582840616,2.6892474600316105,0,cloudy
3010,train_34082.jpg,160.85714721679688,159.6942596435547,138.82681274414062,7.877197552155875,7.506719890414963,8.639970099649963,0,cloudy
3011,train_19110.jpg,55.48931884765625,61.500244140625,68.44236755371094,1.480682718672449,1.0192543033642807,1.4827721725160152,0,cloudy
3012,train_25602.jpg,143.23455810546875,148.17750549316406,141.95999145507812,1.6430988268891606,1.4467269187499228,1.6043282977733577,0,cloudy
3013,train_28454.jpg,134.775146484375,144.1503448486328,130.9924774169922,1.797463212969831,1.4404884241542482,1.7352250669049254,0,cloudy
3014,train_20008.jpg,153.6016082763672,165.27674865722656,161.8990478515625,6.88048142466258,6.038862395622404,5.791523942944085,0,cloudy
3015,train_8232.jpg,132.2617950439453,138.63279724121094,119.94851684570312,5.46856219324705,5.169638550642517,5.425237463522209,0,cloudy
3016,train_893.jpg,170.6901092529297,173.36256408691406,161.4969482421875,8.63712723481529,8.046346041028917,8.037932483337748,0,cloudy
3017,train_31887.jpg,135.72091674804688,141.62144470214844,133.8203125,4.23518494207247,3.801324034693958,3.5254073969476387,0,cloudy
3018,train_12119.jpg,161.5887908935547,170.0471649169922,162.93458557128906,3.910941178768131,3.233896621763528,3.0978423660003642,0,cloudy
3019,train_28534.jpg,146.12628173828125,141.45249938964844,133.2819061279297,2.697697349404287,2.5483966966047946,3.1655011782417257,0,cloudy
3020,train_717.jpg,172.23716735839844,176.48692321777344,163.21603393554688,2.9409904559321074,2.7356380821513286,2.7073761717161697,0,cloudy
3021,train_39363.jpg,179.37681579589844,165.46458435058594,138.16497802734375,2.6248823852937657,2.873258113510637,3.358357989152774,0,cloudy
3022,train_17505.jpg,159.08302307128906,166.1855010986328,160.0398406982422,13.280713035715234,11.773456851826488,11.958216705528494,0,cloudy
3023,train_18150.jpg,135.5829315185547,121.69625854492188,108.34591674804688,1.4579958016954175,1.448274638750632,1.8236459692053169,0,cloudy
3024,train_13011.jpg,118.92816162109375,124.30633544921875,121.62852478027344,5.471904482113939,4.9426366574641305,4.68425251403366,9,cloudy
3025,train_8839.jpg,172.9988555908203,175.55923461914062,164.15647888183594,1.6869343768193288,1.4882866388133251,1.3673789434421835,0,cloudy
3026,train_32961.jpg,191.9857635498047,197.18106079101562,189.27767944335938,4.616958997544734,4.008953626254212,4.199112988293406,0,cloudy
3027,train_22582.jpg,139.46022033691406,143.93016052246094,130.0582275390625,2.7855542274016845,2.42243360717402,2.308431161360806,0,cloudy
3028,train_30838.jpg,178.06260681152344,173.76332092285156,162.6553955078125,60.640232980256975,54.10730873574098,61.36293839872407,436,cloudy
3029,train_14024.jpg,174.32357788085938,180.4813995361328,175.26055908203125,5.080807896236194,4.453723448744901,4.476819318541321,0,cloudy
3030,train_19500.jpg,167.3258514404297,169.97262573242188,152.61561584472656,19.799228954711207,19.800780437217924,20.739168940383706,0,cloudy
3031,train_40475.jpg,149.13232421875,152.7631378173828,144.26084899902344,47.05556539026618,42.01506829183059,38.44921533433518,101,cloudy
3032,train_19299.jpg,181.59820556640625,158.546142578125,132.73634338378906,0.783141742593544,0.703216843434675,1.3750958625168686,0,cloudy
3033,train_21706.jpg,158.52239990234375,164.59095764160156,151.3101806640625,2.6057326191795354,2.203498283627629,2.318136893879813,0,cloudy
3034,train_35773.jpg,160.6581268310547,170.21630859375,165.35704040527344,3.5653585785966153,3.0742252257689695,2.9862626238448104,0,cloudy
3035,train_20356.jpg,187.620849609375,193.39723205566406,188.81890869140625,3.535285458390105,2.704321046739036,2.151364513054431,0,cloudy
3036,train_30623.jpg,170.2848663330078,172.2068328857422,157.62281799316406,15.079804204600155,13.74324084813748,13.642831560801978,0,cloudy
3037,train_36520.jpg,223.25096130371094,226.0496826171875,219.87234497070312,3.4580825543008684,3.1485786098729376,3.472715651789348,0,cloudy
3038,train_11820.jpg,124.17591857910156,134.8092041015625,129.6922607421875,6.2538865292639985,5.792628013945995,5.988967307518813,0,cloudy
3039,train_25207.jpg,142.43992614746094,153.75784301757812,147.48851013183594,2.267763972932063,1.8056890174932065,1.7972458352447427,0,cloudy
3040,train_9529.jpg,126.09329223632812,131.8221435546875,120.89508056640625,2.2694459000836575,1.863207157829156,1.9274506819123458,0,cloudy
3041,train_37171.jpg,139.1522216796875,144.5269775390625,137.4147186279297,1.7619544799823834,1.445778555088877,1.644393748016364,0,cloudy
3042,train_32009.jpg,130.05921936035156,136.07493591308594,129.51268005371094,3.248955590295305,2.818588758994191,2.6563576002889535,0,cloudy
3043,train_3951.jpg,104.70590209960938,113.78843688964844,109.97610473632812,8.604582623134327,7.621076408587811,7.18255453588104,0,cloudy
3044,train_6829.jpg,224.731201171875,228.1318359375,222.56539916992188,2.6595018004726705,2.4115105136529045,2.7504097349835495,0,cloudy
3045,train_30811.jpg,154.5824432373047,160.6077423095703,149.375,48.744022031686235,43.92237929932164,41.310514693811044,427,cloudy
3046,train_11161.jpg,124.76182556152344,129.09100341796875,121.18046569824219,2.8870949073834042,2.776080539731197,2.877643549905486,0,cloudy
3047,train_17504.jpg,146.2909393310547,144.7887725830078,135.7635955810547,2.170039339806888,2.049486119564456,2.230918116187328,0,cloudy
3048,train_39821.jpg,210.6268310546875,206.80433654785156,196.16937255859375,15.97492244995275,16.54981733955614,16.290687664637918,0,cloudy
3049,train_21908.jpg,125.30674743652344,132.22549438476562,124.73286437988281,3.3716039597145544,3.0108944335947205,2.967527134807055,0,cloudy
3050,train_17935.jpg,206.21487426757812,205.9053955078125,193.0942840576172,39.18776558293567,36.49810063938981,37.9142501288871,0,cloudy
3051,train_20141.jpg,171.62644958496094,177.55621337890625,168.96485900878906,3.566802227404308,3.1485317863327293,3.198439003479494,0,cloudy
3052,train_29171.jpg,141.46261596679688,147.44456481933594,139.38304138183594,2.617270314450767,2.372064013245056,2.543018289263327,0,cloudy
3053,train_10096.jpg,164.20179748535156,146.24859619140625,127.62399291992188,1.068016385872297,0.9930319890489717,1.442419155944016,0,cloudy
3054,train_8421.jpg,182.0464324951172,189.55609130859375,183.63304138183594,3.7250506832435355,3.2672501944998973,3.204077631282002,0,cloudy
3055,train_30408.jpg,245.62652587890625,231.556640625,234.88694763183594,3.748512171100539,0.5401617810951265,6.4290673529107965,0,cloudy
3056,train_23312.jpg,160.6748504638672,163.73135375976562,149.7247772216797,1.94776760758979,1.6196869568632497,1.6206598004810295,0,cloudy
3057,train_2118.jpg,136.94668579101562,143.84703063964844,135.4177703857422,2.6783368274969863,2.2907866072742507,2.4305943865213324,0,cloudy
3058,train_8384.jpg,150.37506103515625,148.51632690429688,135.6260528564453,7.83833910549921,5.378621897855129,3.974882759626075,0,cloudy
3059,train_28284.jpg,219.57391357421875,219.94830322265625,211.26455688476562,14.414817245360412,14.282763298578194,16.39612834761432,0,cloudy
3060,train_15677.jpg,128.92808532714844,137.2166290283203,130.17153930664062,29.083643829679673,26.986109096963027,26.813174808463955,29,cloudy
3061,train_13560.jpg,151.17092895507812,157.799560546875,145.1792449951172,2.8817887903452695,2.3230171110620774,2.2028458968348197,0,cloudy
3062,train_16418.jpg,169.78460693359375,175.06259155273438,164.31051635742188,4.081755581815071,3.6368535350515456,3.5507855303846605,0,cloudy
3063,train_32431.jpg,167.25767517089844,166.92202758789062,153.7826690673828,3.44669765458515,3.0673380376043036,3.2480734306423757,0,cloudy
3064,train_138.jpg,114.27764892578125,118.76112365722656,111.05093383789062,9.200302566981833,9.011661511364164,9.298522686554078,0,cloudy
3065,train_38108.jpg,89.21109008789062,100.18313598632812,101.31634521484375,1.9343226992599898,1.7925389339292606,1.8697416949479175,0,cloudy
3066,train_31892.jpg,144.6830291748047,150.4190673828125,145.8450927734375,4.657207727519148,4.366489933035837,4.2338837746878415,0,cloudy
3067,train_24521.jpg,167.5362548828125,170.49815368652344,159.44625854492188,3.6925528526752838,3.318772107287712,3.3814426052107125,0,cloudy
3068,train_3366.jpg,184.1721649169922,183.65232849121094,169.00747680664062,21.69669816285575,20.78916426801246,21.324795962848697,0,cloudy
3069,train_22193.jpg,89.51251220703125,98.08642578125,98.3182373046875,1.753552737855589,1.4075324250953163,1.8661364506059666,0,cloudy
3070,train_25818.jpg,150.76438903808594,148.18032836914062,138.35826110839844,2.000392612591024,1.8929918009806481,2.0537047147429837,0,cloudy
3071,train_9844.jpg,219.23001098632812,222.58433532714844,214.73556518554688,2.708816979530038,2.8082810115967325,2.9705364296835373,0,cloudy
3072,train_2911.jpg,185.5086212158203,180.6983642578125,171.61270141601562,9.689294762719138,9.587799127001885,9.027902023369684,0,cloudy
3073,train_20551.jpg,166.46612548828125,173.15200805664062,165.2916259765625,4.1363863892540085,3.849881763851744,3.738916817412276,0,cloudy
3074,train_27202.jpg,159.7248077392578,157.57803344726562,148.8681182861328,3.9467623952041904,3.8378363286368424,3.8123421985365855,0,cloudy
3075,train_21673.jpg,143.36013793945312,149.84393310546875,142.10916137695312,2.2098054479278164,1.9506849907212394,2.1453922292250427,0,cloudy
3076,train_26108.jpg,125.66062927246094,131.22723388671875,123.9842529296875,3.3446238993112956,2.9841807880171136,2.9825075683074047,0,cloudy
3077,train_39028.jpg,132.4380645751953,140.52784729003906,126.00804138183594,22.101138802478832,19.698897362342628,18.527548722886998,0,cloudy
3078,train_10451.jpg,125.29104614257812,128.76480102539062,117.26145935058594,30.428318172083753,26.62351466746987,23.879858317642643,384,cloudy
3079,train_32828.jpg,190.3083953857422,189.31829833984375,179.4263916015625,47.5637094625494,42.381926887462264,42.113172898269475,174,cloudy
3080,train_21868.jpg,132.79908752441406,120.20025634765625,110.6014404296875,2.432184412821989,2.052770001821838,2.9938332411715196,0,cloudy
3081,train_1968.jpg,201.5643768310547,191.03955078125,184.90525817871094,25.655306842792626,18.02020379512212,24.40022693842167,0,cloudy
3082,train_13602.jpg,111.22361755371094,117.86473083496094,108.52752685546875,14.464638512054108,12.827075740510551,11.690096702960663,0,cloudy
3083,train_28680.jpg,173.1916961669922,174.81243896484375,161.86892700195312,3.0167448562652246,2.791398979084657,2.8564012962601657,0,cloudy
3084,train_14179.jpg,228.72683715820312,231.2442626953125,227.44183349609375,7.469765146188012,6.246414795402684,7.774852914957914,0,cloudy
3085,train_32802.jpg,210.5244598388672,204.4984588623047,183.8594970703125,12.466516917337696,12.538759393450682,14.006516301956871,0,cloudy
3086,train_8972.jpg,146.28836059570312,131.9656524658203,105.79582214355469,2.6030417665358567,2.3991934492359537,2.559666688508039,0,cloudy
3087,train_11981.jpg,169.0818634033203,165.90753173828125,156.1879425048828,2.2601557194938757,2.222788888060945,2.379153543717794,0,cloudy
3088,train_13628.jpg,187.23997497558594,180.4536895751953,164.7690887451172,34.69761714472386,30.038440604304085,29.953345736947234,0,cloudy
3089,train_12536.jpg,141.6744842529297,150.02371215820312,134.6835174560547,1.5141885336382137,1.225648739714085,1.59493118164471,0,cloudy
3090,train_8755.jpg,137.0391387939453,121.14682006835938,98.01449584960938,1.873927952774951,1.7977549531104617,2.0571375784882444,0,cloudy
3091,train_38446.jpg,117.94723510742188,124.62797546386719,110.2479248046875,16.254458494340444,14.01944291001645,13.336919013756585,0,cloudy
3092,train_476.jpg,211.74685668945312,207.6988067626953,199.58531188964844,8.51076082450809,8.948341247191276,9.04787766770129,0,cloudy
3093,train_16787.jpg,149.63668823242188,157.7456817626953,147.93052673339844,2.4477684190640634,1.9926480699947806,1.9800668671121995,0,cloudy
3094,train_9852.jpg,144.1267852783203,149.7263641357422,144.00729370117188,2.748988686565535,2.622388395936697,2.790797652688446,0,cloudy
3095,train_13370.jpg,151.65623474121094,156.4962921142578,150.04928588867188,6.110199543349219,5.632326363524685,5.609221041829222,0,cloudy
3096,train_10889.jpg,195.8921356201172,196.23609924316406,183.57884216308594,7.006066561852462,6.662260065003808,7.050445393818078,0,cloudy
3097,train_26485.jpg,179.8199005126953,186.84002685546875,178.48753356933594,1.7930465573707648,1.5459615040275207,1.6052254934997445,0,cloudy
3098,train_1598.jpg,132.7415771484375,139.86961364746094,125.99441528320312,2.6913278703944976,2.179809474555201,1.9770177495490648,0,cloudy
3099,train_36669.jpg,155.0233154296875,159.50546264648438,153.10716247558594,2.912156857487846,2.671903681008568,2.938664366594177,0,cloudy
3100,train_37563.jpg,157.43695068359375,162.35174560546875,150.57125854492188,1.6199849381140337,1.265537952149321,1.6341820222622057,0,cloudy
3101,train_38650.jpg,218.1057891845703,208.96310424804688,195.648681640625,24.01620558181167,21.325581058960996,24.667585311652044,22,cloudy
3102,train_32433.jpg,126.62800598144531,132.65771484375,122.29653930664062,3.5961866693083517,3.5295856908643914,3.6071020963326084,0,cloudy
3103,train_22967.jpg,80.72601318359375,77.85731506347656,65.66108703613281,5.253681588953355,3.7605092672826896,3.7800218421255445,0,cloudy
3104,train_28292.jpg,128.7603759765625,133.3570098876953,119.74263000488281,16.066232421569033,13.913583279565062,13.249540466569465,0,cloudy
3105,train_15885.jpg,157.12330627441406,166.4187774658203,161.4791717529297,2.611428370821668,2.2683700115537655,1.8008599216933776,0,cloudy
3106,train_3589.jpg,143.05970764160156,154.60960388183594,151.70852661132812,4.045240839515346,3.126148996085618,2.981690227589967,0,cloudy
3107,train_10043.jpg,165.97198486328125,174.1970977783203,167.87698364257812,2.602291342305782,2.1678282893597416,2.2469402009893984,0,cloudy
3108,train_23310.jpg,206.35494995117188,210.09246826171875,201.50357055664062,5.252666202166461,4.846379141450253,5.001493863277903,0,cloudy
3109,train_18386.jpg,132.51315307617188,141.1114044189453,130.04013061523438,11.384493820771347,9.761172138196015,9.524612231819908,0,cloudy
3110,train_28537.jpg,183.0104217529297,160.8713836669922,137.84857177734375,1.039766282029553,1.0146246044262188,1.4887027081149526,0,cloudy
3111,train_5675.jpg,184.6722412109375,183.3622283935547,175.8371124267578,60.22216074447041,57.427576786985206,58.26399058688145,63,cloudy
3112,train_16397.jpg,239.06529235839844,235.73065185546875,226.3654022216797,5.760196586536952,6.031264504911839,6.796572722487093,0,cloudy
3113,train_24443.jpg,152.9864501953125,151.62429809570312,132.01988220214844,3.3151521659286893,3.298724552734106,3.5595585904955325,0,cloudy
3114,train_34888.jpg,155.18035888671875,158.2369842529297,143.42755126953125,2.3062963067228477,2.0781117743930837,2.5809348248503565,0,cloudy
3115,train_36735.jpg,89.62677001953125,99.25544738769531,84.04478454589844,10.223684476939956,9.324139835301295,8.950567811276185,0,cloudy
3116,train_13006.jpg,143.08128356933594,134.8579864501953,123.60061645507812,18.89736038522861,19.2890883201101,19.486040854781198,14,cloudy
3117,train_15477.jpg,175.0088348388672,178.50732421875,165.98348999023438,2.1856573036371696,1.9349564499599408,2.0389058554887445,0,cloudy
3118,train_10269.jpg,178.15521240234375,163.96392822265625,137.4160614013672,1.4361256775509523,1.3801214453200805,1.979448600704609,0,cloudy
3119,train_21922.jpg,132.37451171875,138.2345428466797,127.1317138671875,18.19683870144551,16.711542803429158,17.028870715174968,0,cloudy
3120,train_1836.jpg,126.83372497558594,132.8800811767578,127.08767700195312,2.4631348729594396,2.062065524373261,2.2378831177693934,0,cloudy
3121,train_6630.jpg,133.54527282714844,138.9800262451172,131.25840759277344,4.300956292422083,4.308919295758284,4.421814382687535,0,cloudy
3122,train_16195.jpg,149.6710662841797,142.89349365234375,130.77774047851562,1.822524875583343,1.6712934594488265,1.898013744381093,0,cloudy
3123,train_23884.jpg,153.29083251953125,158.52792358398438,146.99546813964844,1.95704579966575,1.5450831035562351,1.9046710531323228,0,cloudy
3124,train_36537.jpg,160.3153839111328,160.0734100341797,145.97068786621094,24.88901277059123,23.157960510691208,22.09661827326169,0,cloudy
3125,train_15489.jpg,181.88430786132812,188.0414581298828,183.45504760742188,2.7931321581474897,2.5103738570534784,2.27910045028288,0,cloudy
3126,train_8608.jpg,167.7714385986328,174.89842224121094,167.18006896972656,2.5317062268761563,2.2080120776155083,2.2435617729041755,0,cloudy
3127,train_4026.jpg,132.79896545410156,146.40794372558594,144.86724853515625,4.287600733263167,3.637347271514091,3.614830880238032,0,cloudy
3128,train_4998.jpg,189.21035766601562,190.41729736328125,182.6865692138672,7.2416776144675,5.157557468745357,4.633867690195077,0,cloudy
3129,train_24640.jpg,163.7957305908203,166.80679321289062,158.63735961914062,1.402949933286758,1.4121275589986986,1.599720209017476,0,cloudy
3130,train_33466.jpg,194.646484375,201.29409790039062,195.1108856201172,13.050701014372857,11.455048358249282,11.764804810777633,0,cloudy
3131,train_9258.jpg,131.3075408935547,138.63388061523438,130.15811157226562,2.0427204426449053,1.7431652397664688,1.8080817642635985,0,cloudy
3132,train_20397.jpg,177.0938262939453,178.85520935058594,166.5286407470703,27.60775841901082,25.714358381107274,25.182423496262373,0,cloudy
3133,train_19502.jpg,180.54556274414062,160.68980407714844,140.85618591308594,1.2743834535715697,1.2689182840185493,1.6606826014446625,0,cloudy
3134,train_13749.jpg,152.09490966796875,159.28485107421875,145.2047119140625,1.9737491629996164,1.7247604431397274,2.05432203617997,0,cloudy
3135,train_40311.jpg,9.479110717773438,28.203582763671875,30.631790161132812,5.928662474415651,5.91273592748564,4.062552073694005,0,cloudy
3136,train_6802.jpg,141.6122283935547,146.928466796875,128.8328094482422,11.59590597594317,10.890413889761206,11.92818392948129,0,cloudy
3137,train_6816.jpg,144.519775390625,136.69786071777344,124.05966186523438,1.8385717931625973,1.5920848573498854,2.119199927550609,0,cloudy
3138,train_26916.jpg,135.76553344726562,144.27464294433594,128.2954559326172,1.6196726967610566,1.3370660760048658,1.6576961863904662,0,cloudy
3139,train_17513.jpg,128.1419677734375,133.34716796875,124.78663635253906,8.275017122866096,7.13936330053464,6.468126687348556,0,cloudy
3140,train_12682.jpg,142.14752197265625,148.31407165527344,140.17965698242188,1.854863213560803,1.647041318167896,1.8465894395127984,0,cloudy
3141,train_22741.jpg,128.14324951171875,134.32171630859375,124.76333618164062,2.2660801455001187,1.8076145320483321,1.925418101604379,0,cloudy
3142,train_5648.jpg,152.7388458251953,157.3562774658203,148.1509246826172,4.111686438324215,3.6765434863465294,3.7025072911681707,0,cloudy
3143,train_39361.jpg,137.91143798828125,143.01461791992188,127.516357421875,11.401779669053548,10.330085323038766,10.590254009859413,0,cloudy
3144,train_22027.jpg,120.48786926269531,121.65608215332031,108.66995239257812,16.610839483399367,14.659860876890145,13.445105423037809,0,cloudy
3145,train_30437.jpg,160.9666748046875,162.4084014892578,154.76785278320312,49.73245331886411,44.79383657397035,40.20885190766125,377,cloudy
3146,train_2655.jpg,137.90658569335938,147.33914184570312,136.77842712402344,1.4242024521593573,1.0769654751499478,1.5406060840264417,0,cloudy
3147,train_10081.jpg,156.86395263671875,152.9755096435547,141.95907592773438,3.389826108605697,3.330365509451289,3.50231473758291,0,cloudy
3148,train_33880.jpg,182.96267700195312,188.48687744140625,180.92916870117188,6.006733876813894,5.413274308212725,5.306181906342834,0,cloudy
3149,train_1374.jpg,116.57768249511719,120.74406433105469,110.54502868652344,2.6096338008394238,2.246600455836819,2.3803429837156553,0,cloudy
3150,train_7063.jpg,170.4396209716797,173.48280334472656,163.3162078857422,2.365998180581976,2.027063818016846,2.0859310041439874,0,cloudy
3151,train_28244.jpg,226.0355682373047,223.69793701171875,213.1758270263672,22.637097943073094,22.90817651861758,26.82710091082617,0,cloudy
3152,train_1360.jpg,220.40382385253906,218.06997680664062,209.26255798339844,24.749030755607762,21.782883994808813,27.55459922015349,0,cloudy
3153,train_28522.jpg,141.77886962890625,154.53192138671875,149.5716552734375,4.035799763135006,3.303614308553486,3.1265560257790797,0,cloudy
3154,train_25953.jpg,127.32936096191406,135.4581756591797,119.68489074707031,1.7507921600868936,1.5069589526798073,1.705218747860236,0,cloudy
3155,train_14542.jpg,203.6805419921875,209.07208251953125,201.95692443847656,3.6662394984179763,3.2447878365955845,3.419683493284375,0,cloudy
3156,train_29833.jpg,129.561767578125,127.73204040527344,106.91050720214844,19.952364828674494,19.342928566321206,19.22150328217926,0,cloudy
3157,train_18344.jpg,161.01368713378906,157.89410400390625,151.419677734375,2.396746918690301,2.465976617221499,2.282731698529854,0,cloudy
3158,train_22972.jpg,236.41062927246094,230.42825317382812,225.16116333007812,15.990497893524916,14.98510238720589,18.1959782581127,0,cloudy
3159,train_10687.jpg,172.64004516601562,178.51864624023438,167.2874755859375,1.8021350721498461,1.2648966744449908,1.4749493087123846,0,cloudy
3160,train_28318.jpg,203.61300659179688,198.66619873046875,177.52381896972656,40.21522281442833,39.62526796912002,46.66452107478553,95,cloudy
3161,train_25827.jpg,179.97271728515625,159.84848022460938,139.94334411621094,1.1755750085538479,1.5400110528245647,1.9483403766120455,0,cloudy
3162,train_10485.jpg,179.21810913085938,185.66847229003906,178.15972900390625,2.1695143283019918,1.8474039263724904,1.9009594423766956,0,cloudy
3163,train_31339.jpg,127.36956787109375,133.5802459716797,119.39430236816406,16.248392848974103,14.721445141650957,13.73866711172223,0,cloudy
3164,train_33260.jpg,145.76284790039062,150.85076904296875,139.74009704589844,8.843843326849136,8.33631870873775,8.142148813137082,0,cloudy
3165,train_16989.jpg,61.69694519042969,72.97615051269531,73.46981811523438,28.90140690752865,26.857936455728744,25.170963373683193,32,cloudy
3166,train_18768.jpg,136.40805053710938,139.04205322265625,131.053955078125,5.464286560978741,4.986820553372895,4.749667852483953,0,cloudy
3167,train_14634.jpg,154.9802703857422,157.08978271484375,144.66091918945312,22.047993931455554,19.914731301334438,18.883673465964012,0,cloudy
3168,train_22386.jpg,140.09869384765625,153.28677368164062,150.1890106201172,4.421601775240485,3.6350135625137505,3.7368660899153823,0,cloudy
3169,train_16023.jpg,130.76849365234375,138.3177490234375,131.6277618408203,5.294180248939441,4.959407358658909,5.302328627586264,0,cloudy
3170,train_17301.jpg,129.38726806640625,137.1546173095703,129.8116455078125,2.5475852647301305,2.2651005009874123,2.369716033497139,0,cloudy
3171,train_13167.jpg,192.47171020507812,196.84494018554688,188.9646759033203,16.817896343825048,15.095173470947735,15.15929174973889,0,cloudy
3172,train_20581.jpg,166.33926391601562,170.05462646484375,162.87391662597656,10.927501572650984,10.353285850986115,10.258088561564305,0,cloudy
3173,train_30792.jpg,148.1301727294922,151.36729431152344,138.1390380859375,17.56116390761127,15.12886028801603,14.987523846432325,0,cloudy
3174,train_24917.jpg,182.47921752929688,162.9203643798828,143.3768768310547,1.2882199796093052,1.5098521952187864,2.131526194465069,0,cloudy
3175,train_39946.jpg,154.5247802734375,149.85357666015625,142.87249755859375,4.476913157138966,4.156255363070104,4.662447031000842,0,cloudy
3176,train_9499.jpg,149.26174926757812,154.5277862548828,147.7245330810547,1.8780084631649534,1.6965784139451343,1.7941555326112586,0,cloudy
3177,train_27239.jpg,190.8156280517578,193.69735717773438,181.98121643066406,5.627705558299254,5.210482701092203,5.307140387861274,0,cloudy
3178,train_14181.jpg,151.5502166748047,145.70089721679688,134.69700622558594,2.1408842257332448,1.8649101372457653,2.0616581075797056,0,cloudy
3179,train_21884.jpg,132.0421905517578,140.25088500976562,124.77143859863281,3.135656496085618,2.7741992480235225,3.0585897059782314,0,cloudy
3180,train_24724.jpg,222.61029052734375,209.2032928466797,213.2022705078125,29.018052058622438,22.812258710665983,33.78406590181925,35,cloudy
3181,train_9300.jpg,147.18829345703125,155.50592041015625,150.05128479003906,3.7466954408362274,3.2650962651380713,3.3112067968288144,0,cloudy
3182,train_22369.jpg,235.86199951171875,213.85015869140625,223.34764099121094,19.607687895701375,15.388896118764137,23.36873071663627,222,cloudy
3183,train_33933.jpg,172.21987915039062,176.03016662597656,163.34886169433594,2.094586256748065,1.8595282917560714,1.8767121702549039,0,cloudy
3184,train_36687.jpg,149.27560424804688,154.57269287109375,146.3227996826172,4.8614972820982985,4.61367267067324,4.83848026835752,0,cloudy
3185,train_13407.jpg,145.35791015625,149.73670959472656,131.50750732421875,3.619968177645002,3.428966512114384,3.8171564529341504,0,cloudy
3186,train_17107.jpg,163.6281280517578,159.68031311035156,149.4803924560547,5.686005594296261,5.626555828638175,5.939471820385878,0,cloudy
3187,train_28485.jpg,158.70489501953125,155.2993621826172,148.45835876464844,2.07663638264789,2.1380066864338523,1.8333690522470225,0,cloudy
3188,train_13413.jpg,169.44503784179688,171.9439697265625,160.0160675048828,1.9153695565396198,1.6127479863397425,1.620496317422236,0,cloudy
3189,train_9843.jpg,151.02528381347656,156.36224365234375,150.29006958007812,3.0352821943410624,3.052219710528169,3.1223225279896094,0,cloudy
3190,train_26443.jpg,136.65354919433594,122.77665710449219,105.49032592773438,1.5744021026587471,1.4166495350395414,1.7767549962284261,0,cloudy
3191,train_29016.jpg,139.59487915039062,145.97938537597656,138.06019592285156,13.244657794938467,12.033019825718878,12.679012087706518,0,cloudy
3192,train_29002.jpg,149.48382568359375,145.52642822265625,138.79180908203125,3.283934112428269,3.3864016087416235,3.852377423762219,0,cloudy
3193,train_25176.jpg,149.1752471923828,142.71629333496094,130.93341064453125,10.94133183854023,10.57120027710762,10.395286052232438,0,cloudy
3194,train_8220.jpg,117.3353271484375,112.26762390136719,101.24540710449219,2.6855201719863837,2.6651709811098083,2.8970371173182174,0,cloudy
3195,train_7675.jpg,122.93836975097656,133.48997497558594,129.148681640625,6.553362867382288,6.1148540478272455,5.972337209040616,0,cloudy
3196,train_8546.jpg,182.7998809814453,184.0694122314453,171.48646545410156,10.089531788900466,9.414264491284083,9.153009767948523,0,cloudy
3197,train_17067.jpg,158.26910400390625,153.58657836914062,141.76458740234375,2.999552583485952,2.8841427378826667,3.1216829427718733,0,cloudy
3198,train_29162.jpg,147.14527893066406,151.62921142578125,143.71644592285156,2.2006850105600173,1.970817667502838,2.1403103191103647,0,cloudy
3199,train_14591.jpg,159.957763671875,164.18101501464844,151.3290557861328,2.152861531142683,1.773840206210001,1.7492016174248122,0,cloudy
3200,train_38735.jpg,199.6230010986328,193.5441131591797,170.5746307373047,27.06104653153826,26.428897251633302,29.28511456169706,0,cloudy
3201,train_34669.jpg,169.9507293701172,176.06216430664062,164.71705627441406,1.992707902067094,1.4513637186803883,1.6408964363277507,0,cloudy
3202,train_21502.jpg,132.3092803955078,140.51512145996094,137.4759979248047,3.8593121271753006,3.4130813598261027,3.5187708250376746,0,cloudy
3203,train_5670.jpg,173.15719604492188,179.05821228027344,170.95680236816406,5.494116068679035,5.208783229487723,4.761474735313993,0,cloudy
3204,train_20608.jpg,172.7750244140625,172.25140380859375,156.11474609375,21.293187301079588,19.46256668416505,19.470336696327163,33,cloudy
3205,train_35205.jpg,152.1072235107422,147.7938995361328,139.63455200195312,2.056215049711042,1.8146673507590634,2.142639621549295,0,cloudy
3206,train_7701.jpg,119.93608093261719,124.622802734375,114.90904235839844,2.3523904631057424,2.1266569381474407,2.373164385909975,0,cloudy
3207,train_22590.jpg,144.34988403320312,149.10704040527344,130.16702270507812,5.368593394036934,5.010916597738428,5.550229742391943,0,cloudy
3208,train_28903.jpg,145.98104858398438,152.11801147460938,142.7222900390625,15.49352718060593,13.729570949519003,12.519080699960654,0,cloudy
3209,train_24693.jpg,146.9180908203125,144.7877197265625,134.75714111328125,2.1842131819429955,2.1600211758315124,2.4623156420141092,0,cloudy
3210,train_26084.jpg,163.9718017578125,165.5762481689453,154.5847930908203,18.439383465126518,17.830151182679334,18.50131501541763,0,cloudy
3211,train_32973.jpg,112.00947570800781,117.94569396972656,107.10565185546875,19.56915506010982,17.000820241028702,14.667915418174898,0,cloudy
3212,train_14787.jpg,198.06459045410156,195.9482421875,185.66058349609375,0.863180393993568,0.8114893569859465,1.0377107284868379,0,cloudy
3213,train_3995.jpg,137.34902954101562,141.758544921875,130.0973358154297,16.26175032382253,14.245558312083876,13.071732083763754,0,cloudy
3214,train_29412.jpg,148.57740783691406,147.02761840820312,137.74728393554688,2.4982516776243813,2.3517701666803457,2.4960555935944613,0,cloudy
3215,train_10293.jpg,135.92031860351562,144.3524169921875,128.69351196289062,2.254660645209008,1.8551627097462746,2.0777059951421104,0,cloudy
3216,train_14977.jpg,183.04623413085938,177.42547607421875,166.19903564453125,17.106779514972818,17.022537562057945,16.717992361562693,0,cloudy
3217,train_23664.jpg,143.7003631591797,147.0513916015625,131.5496826171875,38.71541366798694,35.02013295832718,34.11822917314125,19,cloudy
3218,train_28057.jpg,181.91490173339844,188.521484375,183.32408142089844,2.931193381126614,2.42937896830257,2.431356925912594,0,cloudy
3219,train_33463.jpg,138.0774688720703,134.30531311035156,112.02145385742188,11.790275012804878,10.629511328254889,11.30712617034062,0,cloudy
3220,train_7258.jpg,157.005126953125,138.3446502685547,118.58158874511719,1.1043589652451231,1.1131262528077708,1.5296734598788404,0,cloudy
3221,train_38278.jpg,126.12103271484375,132.2244415283203,122.01791381835938,2.9508764187234573,2.5444045052817477,2.424743038373971,0,cloudy
3222,train_38287.jpg,154.93260192871094,156.11936950683594,139.8778839111328,35.43559489898135,30.414050753239735,30.554409762699926,0,cloudy
3223,train_13016.jpg,167.05494689941406,150.40850830078125,125.75311279296875,2.0175058456589956,1.4586139180546769,1.8236179291549968,0,cloudy
3224,train_8816.jpg,139.26202392578125,144.7640380859375,137.63595581054688,3.393055466082441,3.2577166806224436,3.4659041186067765,0,cloudy
3225,train_23843.jpg,157.12059020996094,161.9663543701172,154.39105224609375,4.698009013373446,4.40070020373045,4.541791538275745,0,cloudy
3226,train_19513.jpg,152.06565856933594,149.04148864746094,139.20742797851562,2.2053971798357423,2.2362051084054038,2.3441413216938676,0,cloudy
3227,train_34481.jpg,133.19918823242188,139.17303466796875,131.74264526367188,1.532981904890237,1.2930323982707546,1.6065730264444429,0,cloudy
3228,train_21098.jpg,225.8848419189453,222.60398864746094,212.78724670410156,11.804360403234634,11.95936655195792,12.907815585844503,0,cloudy
3229,train_20609.jpg,157.8418731689453,153.38714599609375,142.96604919433594,3.8447509090657017,3.8837738761000655,4.1309576477993515,0,cloudy
3230,train_16387.jpg,165.4205322265625,162.47540283203125,152.9713592529297,2.633925406463329,2.596009079989979,2.7882341899555247,0,cloudy
3231,train_18355.jpg,188.42604064941406,189.72146606445312,176.14785766601562,4.58034009283409,4.412263947637739,4.499235739707332,0,cloudy
3232,train_24490.jpg,163.7389678955078,173.08843994140625,169.29281616210938,2.5671152339179173,2.053845932170226,2.0016657867311505,0,cloudy
3233,train_40102.jpg,144.945556640625,150.5313262939453,142.1580352783203,1.5848101851526935,1.3371915208030791,1.533849777159471,0,cloudy
3234,train_3406.jpg,183.5920867919922,181.87872314453125,172.15708923339844,62.450416886832286,55.75919886649127,60.08669169537962,497,cloudy
3235,train_6556.jpg,145.69114685058594,139.7484893798828,114.78315734863281,1.2358420833377448,1.2924278422040456,1.6833238666798453,0,cloudy
3236,train_30234.jpg,163.6420440673828,159.34225463867188,148.95095825195312,2.6828963106651593,2.7350870402560017,2.8829722914243177,0,cloudy
3237,train_26456.jpg,91.57496643066406,92.8780517578125,69.46273803710938,20.793400498760455,18.74358833638542,17.653005875174177,0,cloudy
3238,train_36137.jpg,151.66873168945312,157.22264099121094,144.2324981689453,6.025524733842371,5.183339771732886,5.2162998689796165,0,cloudy
3239,train_36862.jpg,131.33612060546875,145.92001342773438,143.2517852783203,3.7342073366003588,3.1221390966582825,2.952448798043156,0,cloudy
3240,train_11211.jpg,135.8218994140625,141.15621948242188,132.8950958251953,4.130879617195044,3.8805573512221594,4.032513624851918,0,cloudy
3241,train_29956.jpg,98.83201599121094,106.66415405273438,93.5643310546875,14.29705945921777,12.852163283058333,11.368233669288445,0,cloudy
3242,train_15077.jpg,229.310546875,233.078125,228.94070434570312,3.434044227950695,3.1354756059313593,3.620547122575227,0,cloudy
3243,train_12724.jpg,154.563232421875,149.98052978515625,138.68292236328125,4.257887694368543,4.183003131464679,4.420458458489385,0,cloudy
3244,train_5936.jpg,163.09690856933594,163.93215942382812,150.25282287597656,3.495160781755551,3.156449127377894,3.201052058293707,0,cloudy
3245,train_3176.jpg,224.38414001464844,226.38629150390625,217.12001037597656,3.1931491834762373,2.981184496624806,3.5058395028879357,0,cloudy
3246,train_23076.jpg,232.453125,234.4111328125,231.0965576171875,3.1619977831220485,1.8582768122312845,3.4882593421205366,0,cloudy
3247,train_27204.jpg,200.93019104003906,199.8968505859375,187.04733276367188,6.931311930878065,6.875429130295964,7.231135771847285,0,cloudy
3248,train_14180.jpg,165.90455627441406,164.6717529296875,145.51412963867188,11.396916664825309,10.804072275664597,11.891034941265826,0,cloudy
3249,train_36321.jpg,69.29548645019531,74.15470886230469,66.44024658203125,2.805946425140506,1.7033597478570701,1.8441472262082756,0,cloudy
3250,train_29201.jpg,111.66366577148438,117.79348754882812,107.17489624023438,15.058696862961181,13.788357066590358,12.397403260127275,0,cloudy
3251,train_18976.jpg,194.2289276123047,184.05662536621094,167.70352172851562,35.22265741945607,31.117760453056384,34.11348889099704,0,cloudy
3252,train_28686.jpg,165.1691131591797,143.85971069335938,124.42539978027344,7.917216870883556,6.7059154531457645,4.7956108363319965,0,cloudy
3253,train_24080.jpg,141.73077392578125,151.36410522460938,144.79550170898438,2.87698899212432,2.4195103158728797,2.5663893463573855,0,cloudy
3254,train_37942.jpg,144.94895935058594,149.55844116210938,135.67840576171875,2.3206618957387897,2.0117762823581566,1.894801365384688,0,cloudy
3255,train_3837.jpg,157.0413055419922,161.01303100585938,154.08047485351562,4.08704869924181,4.0594280594005845,4.123963336723441,0,cloudy
3256,train_24094.jpg,173.82440185546875,174.91162109375,168.1232147216797,70.99139687615927,65.40027021875757,64.21186332556282,1793,cloudy
3257,train_30949.jpg,142.3488311767578,148.2882537841797,140.4385223388672,4.865466643875058,4.287656300112951,4.374519202276736,0,cloudy
3258,train_3835.jpg,165.00961303710938,146.2965545654297,127.2989501953125,1.0186549139223542,1.040877922565248,1.513342795747668,0,cloudy
3259,train_10333.jpg,176.55120849609375,182.10107421875,173.82098388671875,45.79606338045836,41.25005224686984,38.89432897009434,287,cloudy
3260,train_28684.jpg,169.97288513183594,176.08450317382812,169.99017333984375,20.36739907503597,18.652648484676643,18.23525433342565,0,cloudy
3261,train_34534.jpg,185.18563842773438,193.56639099121094,187.5216064453125,10.533067874218712,9.563411999502245,8.90755833084355,0,cloudy
3262,train_36445.jpg,183.09544372558594,160.0626983642578,134.67417907714844,0.8931228635231766,0.8568443956983713,1.5491014686008204,0,cloudy
3263,train_30746.jpg,111.16970825195312,117.81156921386719,112.34121704101562,17.30765463100116,16.623791215922893,15.13808093897324,0,cloudy
3264,train_23706.jpg,165.1118621826172,160.38087463378906,149.5672607421875,7.288280515499381,7.427980617986803,7.743647293405722,0,cloudy
3265,train_1777.jpg,193.39129638671875,196.8402557373047,185.31747436523438,9.116325201780366,8.391474800310544,8.643141646844567,0,cloudy
3266,train_24280.jpg,154.25509643554688,150.2086181640625,141.36915588378906,3.144643577648551,3.099347279554107,2.8960886174534792,0,cloudy
3267,train_11549.jpg,150.9883575439453,149.48504638671875,140.46737670898438,1.9456815852411982,1.8438217737080325,1.984929530831683,0,cloudy
3268,train_4394.jpg,209.9818878173828,199.224609375,183.74325561523438,0.6717330523112617,0.5058216684788567,0.9006258927133373,0,cloudy
3269,train_27945.jpg,136.3092498779297,123.3775634765625,113.51472473144531,2.2291289783810817,1.823618784067421,2.0823052947363383,0,cloudy
3270,train_35399.jpg,153.57676696777344,155.65505981445312,141.3612823486328,15.521217730907487,13.461061217468188,13.37633296297031,0,cloudy
3271,train_9868.jpg,135.64805603027344,141.0726318359375,135.673583984375,2.909056032425346,2.7036337594208693,2.625294430432947,0,cloudy
3272,train_12068.jpg,206.54969787597656,202.76515197753906,188.90232849121094,25.27593512280131,23.770764223775448,27.301629893145012,0,cloudy
3273,train_11561.jpg,124.29824829101562,129.4901123046875,120.51834106445312,2.228687441694244,1.9730220606574023,2.248174830879146,0,cloudy
3274,train_31869.jpg,159.89356994628906,168.38206481933594,162.16403198242188,2.887378482987405,2.4859360237655928,2.265364533077872,0,cloudy
3275,train_18223.jpg,123.72096252441406,119.46554565429688,114.46437072753906,1.5281389877656957,1.005752816620612,1.628624290123847,0,cloudy
3276,train_13404.jpg,134.32713317871094,143.18862915039062,127.32891845703125,2.0006620905037074,1.6054267712485863,1.87270299461662,0,cloudy
3277,train_17662.jpg,144.55360412597656,137.81898498535156,125.92500305175781,1.3221239001863305,1.0304182464970297,1.578890545672909,0,cloudy
3278,train_18551.jpg,157.32809448242188,156.63687133789062,146.57681274414062,3.9300822064272647,4.24827318739681,4.6858775262494285,0,cloudy
3279,train_12097.jpg,174.61434936523438,177.9058837890625,169.88848876953125,3.756864375454765,3.8180861099686636,3.8314460162655912,0,cloudy
3280,train_14394.jpg,125.76287841796875,131.93707275390625,123.1773681640625,2.4226218940773903,2.100213350764704,2.2696363749754,0,cloudy
3281,train_27010.jpg,124.73625183105469,130.35552978515625,119.23262023925781,2.0441377246083636,1.6516286314786008,1.656778293419325,0,cloudy
3282,train_29808.jpg,188.34861755371094,191.0299072265625,173.65065002441406,14.422668572609792,13.392370267726227,13.700165279705125,0,cloudy
3283,train_4592.jpg,151.16282653808594,161.38658142089844,154.66078186035156,3.128214845415974,2.5974211585981455,2.60632611437549,0,cloudy
3284,train_36096.jpg,229.88197326660156,218.1800079345703,218.43060302734375,22.26642750171717,17.018529979008804,24.650102825629194,155,cloudy
3285,train_34681.jpg,135.02105712890625,134.3061065673828,127.33839416503906,11.189468596686282,10.970536182240613,11.021380666517878,0,cloudy
3286,train_17702.jpg,161.17483520507812,158.03811645507812,148.75376892089844,2.4125726662248517,2.423181304380494,2.544080285456523,0,cloudy
3287,train_11415.jpg,153.33767700195312,161.30296325683594,153.2079620361328,6.233323953865733,5.234811759611041,5.12557561168478,0,cloudy
3288,train_31909.jpg,241.4716796875,225.92578125,238.37757873535156,0.6251396023288737,0.2874479827263317,2.362812499333951,0,cloudy
3289,train_25029.jpg,111.36161804199219,119.02560424804688,108.21151733398438,22.273200813020463,20.163113927916445,20.166116902256395,0,cloudy
3290,train_9713.jpg,182.81222534179688,183.7217559814453,171.3582305908203,25.950077324329385,24.111455634004194,23.90564708326836,0,cloudy
3291,train_14592.jpg,124.22613525390625,129.09249877929688,118.86515808105469,22.333744029347724,19.10905371079171,16.95874645871093,0,cloudy
3292,train_27602.jpg,129.05430603027344,134.64312744140625,127.97477722167969,59.19406819457851,52.41711327231875,47.821360256124294,437,cloudy
3293,train_15868.jpg,183.90142822265625,185.31285095214844,172.560546875,6.654763471862095,6.175864781574683,6.332562282540604,0,cloudy
3294,train_20179.jpg,177.46168518066406,173.98049926757812,164.04718017578125,37.113033082753724,35.09277974566956,33.874260389725634,0,cloudy
3295,train_27399.jpg,185.58761596679688,191.34750366210938,188.8101806640625,2.8398972364252897,1.853028624110728,1.6054765789277328,0,cloudy
3296,train_14009.jpg,169.42312622070312,178.55853271484375,173.74307250976562,3.1734974825365767,2.7310064868210486,2.6028169335109297,0,cloudy
3297,train_26722.jpg,128.14242553710938,133.3335418701172,121.80628967285156,1.923155220343734,1.5506292641453796,1.6371048889898543,0,cloudy
3298,train_33313.jpg,173.88681030273438,178.54847717285156,167.6336212158203,3.4859650739400405,3.0312348683323056,2.899579350482618,0,cloudy
3299,train_37175.jpg,134.03062438964844,142.22601318359375,125.91334533691406,1.664582962411561,1.302230873490975,1.6704455418338695,0,cloudy
3300,train_19288.jpg,150.76925659179688,160.76280212402344,150.531494140625,3.681558661598312,3.0095767933796598,2.9983337762096163,0,cloudy
3301,train_21071.jpg,175.12335205078125,178.09010314941406,167.09425354003906,1.636643336295338,1.3674717388836066,1.35376669458004,0,cloudy
3302,train_8627.jpg,145.10244750976562,150.9142608642578,142.64096069335938,33.99624527055928,31.911851407444185,31.36867646224628,0,cloudy
3303,train_3014.jpg,214.95233154296875,208.02877807617188,189.36837768554688,13.69412758470195,12.046836826952646,17.15966079283977,0,cloudy
3304,train_18183.jpg,147.26547241210938,136.55307006835938,110.39535522460938,3.2460568753878265,2.8424711192795047,2.650246968202741,0,cloudy
3305,train_14975.jpg,165.1575164794922,146.46286010742188,127.56736755371094,1.280505198572501,1.3146466906922314,1.7075834537084502,0,cloudy
3306,train_30155.jpg,175.37088012695312,182.02178955078125,173.8718719482422,2.180637210615709,1.6498017372149225,1.4655628898783855,0,cloudy
3307,train_2337.jpg,120.39663696289062,126.58689880371094,119.55712890625,2.6876811655036903,2.360296770325155,2.4329011522432027,0,cloudy
3308,train_5458.jpg,175.4077911376953,180.755126953125,172.52198791503906,6.956655947999547,6.678561534010928,6.594694462006351,0,cloudy
3309,train_35987.jpg,175.8827362060547,173.27627563476562,161.27841186523438,4.151264756740919,3.862500618957536,3.700008778137792,0,cloudy
3310,train_20352.jpg,176.64279174804688,182.8811492919922,174.9781494140625,4.525824733746985,4.449857065430386,4.4570478711499515,0,cloudy
3311,train_39830.jpg,185.73536682128906,186.6932373046875,173.8885040283203,13.963042096839361,13.03229492844179,12.637840040896062,0,cloudy
3312,train_18626.jpg,153.81959533691406,163.72006225585938,157.68690490722656,2.3158102747906426,1.920811849241541,2.0108371922803085,0,cloudy
3313,train_18154.jpg,129.20339965820312,138.1131591796875,134.74160766601562,9.982249476166857,8.840592699440247,8.938727775883294,0,cloudy
3314,train_19504.jpg,211.5966339111328,216.31637573242188,209.70101928710938,5.029381472954744,4.458970713479614,4.646779135498121,0,cloudy
3315,train_6192.jpg,179.332275390625,164.59535217285156,137.1674041748047,7.007508061833393,8.085301666078506,9.313734064492818,0,cloudy
3316,train_30828.jpg,134.10659790039062,137.2338104248047,129.26791381835938,11.889075557019686,11.405225448193466,11.617765390737297,0,cloudy
3317,train_14034.jpg,172.08453369140625,157.85752868652344,128.65093994140625,9.614978424817433,8.483650860904111,8.13774813281603,0,cloudy
3318,train_28242.jpg,157.82962036132812,163.95223999023438,150.6395721435547,2.595818607977629,2.2440599187560006,2.418499833143559,0,cloudy
3319,train_31713.jpg,178.75225830078125,180.21563720703125,167.36575317382812,22.036855055563652,20.64779923836709,20.342088161929436,0,cloudy
3320,train_28518.jpg,123.51667785644531,112.00045776367188,88.89112854003906,2.062957790928177,1.8566237616721235,2.4254075866255267,0,cloudy
3321,train_34125.jpg,164.6328887939453,164.87721252441406,150.5233154296875,33.59383009426624,30.86239921128394,29.436063727138524,207,cloudy
3322,train_4587.jpg,180.58209228515625,184.3628387451172,178.9103546142578,3.0586569665049193,3.1450457107299483,3.4271780695267093,0,cloudy
3323,train_27005.jpg,195.57334899902344,191.79737854003906,181.1276397705078,15.622814989489783,15.697833369547048,15.548409596313281,0,cloudy
3324,train_32408.jpg,137.4616241455078,146.38482666015625,133.23849487304688,1.736614741555786,1.4160394482417276,1.9515396891739045,0,cloudy
3325,train_35367.jpg,92.27250671386719,101.57351684570312,106.52708435058594,1.7483089564228185,1.4602678311297,2.5114846231207726,0,cloudy
3326,train_34079.jpg,168.7474365234375,173.3551025390625,168.44032287597656,4.507937013106416,4.324636973252581,4.501635110730896,0,cloudy
3327,train_29996.jpg,208.5328369140625,203.67562866210938,184.49078369140625,15.801457386144397,15.902260037479206,17.311078476191906,0,cloudy
3328,train_28444.jpg,156.36669921875,159.3321533203125,152.57839965820312,21.830322499070803,20.8268992008928,20.856744765760126,0,cloudy
3329,train_38657.jpg,93.71589660644531,97.28280639648438,82.75328063964844,1.441873436501241,1.1284970755519916,1.8304847328050577,0,cloudy
3330,train_8544.jpg,183.91651916503906,190.9424285888672,184.5994873046875,1.6150361045931876,1.2833549250596517,1.3589783835326967,0,cloudy
3331,train_101.jpg,148.7738037109375,149.75372314453125,136.9639434814453,35.364219260998624,32.404710510013885,29.06335731431622,104,cloudy
3332,train_29014.jpg,117.45970153808594,107.18887329101562,88.36337280273438,1.9226670900198728,1.7194073956018399,2.4875073612451057,0,cloudy
3333,train_20756.jpg,162.22349548339844,158.02725219726562,147.12307739257812,2.9143647779472563,2.9916043807410757,3.119598011019696,0,cloudy
3334,train_12928.jpg,133.74607849121094,119.57073974609375,101.87228393554688,1.808950137724289,1.7634027884127796,2.0788261583702363,0,cloudy
3335,train_14381.jpg,197.7934112548828,194.1919403076172,181.0762481689453,49.949038053913405,46.39390365126945,52.93643003466861,223,cloudy
3336,train_31129.jpg,139.04931640625,143.77978515625,139.55328369140625,3.681247615327694,3.582535702992667,3.8345488459708497,0,cloudy
3337,train_2900.jpg,195.0738983154297,202.0697479248047,195.8270721435547,5.765367105589967,4.9412289713686866,4.8289833009768905,0,cloudy
3338,train_30586.jpg,162.64869689941406,170.90640258789062,163.69483947753906,2.256855836181782,1.8804765132871384,1.661961769625111,0,cloudy
3339,train_27788.jpg,156.80662536621094,158.33981323242188,144.95176696777344,17.983016739163816,16.218857421196546,15.871222356431705,0,cloudy
3340,train_32385.jpg,181.8384552001953,184.85345458984375,176.6888885498047,8.608921910225867,8.487588754793467,8.360588540566923,0,cloudy
3341,train_10642.jpg,186.436279296875,186.69773864746094,181.09310913085938,63.06040455415206,56.70025195311253,63.601975849107504,361,cloudy
3342,train_16964.jpg,157.44345092773438,162.41885375976562,154.83522033691406,2.833516391672902,2.6539410469459517,2.786592767080857,0,cloudy
3343,train_1776.jpg,161.34713745117188,160.10836791992188,144.73094177246094,33.963852150694166,29.00246349816324,27.819392880568685,0,cloudy
3344,train_11979.jpg,194.05152893066406,186.7292022705078,175.9104461669922,33.82948471457235,27.85945309002752,36.83025154298287,101,cloudy
3345,train_3613.jpg,164.65737915039062,146.58123779296875,127.79324340820312,1.0964725562886652,1.068482482554027,1.5110799289224546,0,cloudy
3346,train_26643.jpg,196.3535614013672,200.69528198242188,192.53823852539062,3.028093729604148,2.6770120948428926,2.732645028234037,0,cloudy
3347,train_20554.jpg,186.20278930664062,181.47361755371094,171.37803649902344,10.497758121112232,10.399385687034579,10.16576413273869,0,cloudy
3348,train_4626.jpg,209.40933227539062,217.4920654296875,210.60218811035156,1.9609968413439716,1.8512240675977965,1.8879987498819755,0,cloudy
3349,train_13613.jpg,165.00587463378906,159.18394470214844,138.04859924316406,39.50430790807877,36.59168622310623,38.303916721202974,46,cloudy
3350,train_25389.jpg,128.55064392089844,137.48582458496094,126.26203918457031,24.07580671306119,20.316490304815332,18.004981729564754,0,cloudy
3351,train_12525.jpg,137.43809509277344,138.4029998779297,129.1983642578125,9.257689585641868,8.474122425857896,8.14714086700171,0,cloudy
3352,train_16031.jpg,157.43373107910156,160.15377807617188,147.24078369140625,2.760439928007596,2.4172720388755384,2.502575679247089,0,cloudy
3353,train_33299.jpg,107.35202026367188,107.71649169921875,95.83168029785156,5.101058330330397,4.421071619425685,3.900480632735564,0,cloudy
3354,train_8961.jpg,239.2178955078125,224.68824768066406,231.30450439453125,4.060024884807143,1.1255531705036645,10.854275521343762,0,cloudy
3355,train_10326.jpg,146.37840270996094,151.0318603515625,137.86949157714844,28.456838213354068,25.623681450566536,25.516830802375765,74,cloudy
3356,train_15247.jpg,171.21617126464844,174.4329071044922,163.39059448242188,6.098268684327902,5.545209081560056,5.661876682814219,0,cloudy
3357,train_16766.jpg,170.55809020996094,173.81556701660156,160.53846740722656,2.0579408156100043,1.697155529592659,1.8540291441007652,0,cloudy
3358,train_12500.jpg,145.1753692626953,152.15017700195312,145.69911193847656,2.3177183292060404,2.006018007156839,2.0177351944351756,0,cloudy
3359,train_26882.jpg,128.70648193359375,134.68838500976562,124.19390869140625,2.197104634639077,1.7049078553185375,1.7455379094208296,0,cloudy
3360,train_4603.jpg,174.2058563232422,179.43246459960938,174.35076904296875,53.355244937669916,52.011901240103874,51.895100133496264,158,cloudy
3361,train_30762.jpg,140.45523071289062,136.35165405273438,126.71084594726562,65.25550657071612,60.73670817588347,60.84363094285827,1797,cloudy
3362,train_32613.jpg,149.60853576660156,151.56137084960938,134.44215393066406,3.7664717690403027,3.063155538205675,3.1553523668244856,0,cloudy
3363,train_33928.jpg,130.9947052001953,140.37989807128906,126.42646789550781,1.8062136856366042,1.4894786732700012,1.7588176327168843,0,cloudy
3364,train_12058.jpg,177.52850341796875,179.34527587890625,164.60244750976562,4.335030795568063,4.088866319695001,4.216775014090931,0,cloudy
3365,train_10667.jpg,187.86293029785156,190.18797302246094,176.71849060058594,13.52590361891864,12.267089980397259,11.615759301585818,0,cloudy
3366,train_23252.jpg,133.1739044189453,135.04075622558594,122.59524536132812,7.630814144887391,7.063876279023397,6.9733767117878305,0,cloudy
3367,train_37555.jpg,144.9114532470703,143.25399780273438,133.51846313476562,2.084822249825131,2.011282388110067,2.246965386603035,0,cloudy
3368,train_2058.jpg,109.66755676269531,127.9437255859375,117.68717956542969,6.711367286501458,6.1694967480269955,6.055765867011934,0,cloudy
3369,train_1551.jpg,113.67347717285156,117.249267578125,107.66935729980469,23.308880723086588,20.528749715782638,17.70564005301797,49,cloudy
3370,train_118.jpg,158.24761962890625,157.36932373046875,137.15586853027344,5.77908483085955,5.027668332245652,5.381679629182066,0,cloudy
3371,train_19694.jpg,125.01350402832031,131.0251922607422,120.97053527832031,2.3636752284429985,1.924205457830325,1.8952845780869296,0,cloudy
3372,train_39222.jpg,188.68283081054688,193.0985870361328,185.6673126220703,26.380343165165655,25.715415478237503,25.834933282800062,20,cloudy
3373,train_31939.jpg,188.54054260253906,193.89356994628906,184.81356811523438,6.162527878400783,5.349538637572218,5.356000348615932,0,cloudy
3374,train_34841.jpg,206.6087646484375,209.79234313964844,198.5670623779297,2.262554241684112,2.0873817192419537,2.268738636499953,0,cloudy
3375,train_5680.jpg,198.40475463867188,191.59405517578125,186.7167205810547,33.379980617962026,29.678787846836038,33.425964514475126,0,cloudy
3376,train_17083.jpg,138.89071655273438,123.74327087402344,101.78775024414062,1.2873171893991362,1.1397386087629908,1.58935710215448,0,cloudy
3377,train_6438.jpg,169.10540771484375,173.0939178466797,160.7469024658203,1.785168402524022,1.5122936550841781,1.6002417915779086,0,cloudy
3378,train_10908.jpg,148.0076141357422,150.91575622558594,142.43601989746094,35.46896019704422,34.14759964559454,33.3981263078133,0,cloudy
3379,train_29151.jpg,140.7394256591797,136.81607055664062,125.01083374023438,4.679138329861212,4.4758550148728435,4.325604078929399,0,cloudy
3380,train_17901.jpg,143.14169311523438,148.8935089111328,140.69110107421875,2.984350043181229,2.7240872278875945,2.8174940745103956,0,cloudy
3381,train_16606.jpg,116.85810852050781,117.04862976074219,108.38430786132812,11.321765153795408,10.236539621509671,10.126016314104113,0,cloudy
3382,train_15469.jpg,152.26327514648438,163.03363037109375,162.45797729492188,10.165402614669887,9.057961113047673,8.834436928310982,0,cloudy
3383,train_10263.jpg,163.3827362060547,144.56065368652344,126.61386108398438,1.4906468432272284,1.363045632374836,1.755590473149498,0,cloudy
3384,train_36529.jpg,149.05201721191406,152.9399871826172,139.1968994140625,2.4633224843315022,2.088967286964444,2.0488168045182125,0,cloudy
3385,train_534.jpg,164.85931396484375,145.8148193359375,126.78782653808594,1.195152120801266,1.2835621730660816,1.7081648839301826,0,cloudy
3386,train_37623.jpg,143.2543487548828,140.4990692138672,128.8582000732422,25.54179435711981,21.646838128010238,18.798171053159862,0,cloudy
3387,train_24139.jpg,162.26577758789062,143.65109252929688,126.50494384765625,2.5681824320409543,2.8260844939813676,3.2196467912977815,0,cloudy
3388,train_29353.jpg,171.2272491455078,177.4549560546875,169.556884765625,3.5004546354677317,3.0390249191157204,3.0019929842266517,0,cloudy
3389,train_14978.jpg,134.6964111328125,141.49940490722656,134.2003631591797,2.9716161018461085,2.629013558798997,2.673856034587754,0,cloudy
3390,train_8158.jpg,191.47323608398438,192.45919799804688,182.90008544921875,2.1528047093565252,1.950939775386081,1.8224394072476198,0,cloudy
3391,train_34303.jpg,159.5263214111328,160.92276000976562,139.9310760498047,19.481478221807336,17.707587065910456,19.976253782612286,0,cloudy
3392,train_35753.jpg,125.67724609375,125.35704040527344,116.31324768066406,27.522480354915388,24.712189929445003,21.830549962315658,0,cloudy
3393,train_1140.jpg,153.7155303955078,156.11338806152344,143.74081420898438,5.052935773375934,4.553384805993149,4.646939540274865,0,cloudy
3394,train_4038.jpg,123.38543701171875,130.40380859375,121.98727416992188,2.4197819240578933,1.9687019826694878,2.1445326255748762,0,cloudy
3395,train_38263.jpg,150.88209533691406,146.5498046875,134.3331298828125,1.9816354685135784,1.8855555643024093,2.1166220575016057,0,cloudy
3396,train_12313.jpg,221.44989013671875,217.6801300048828,206.02037048339844,12.09182160165015,13.101069588882702,13.251952869038238,0,cloudy
3397,train_29391.jpg,160.40536499023438,170.93519592285156,166.59271240234375,2.4710761936392025,1.9738037236748622,1.7146020590791688,0,cloudy
3398,train_40327.jpg,138.25454711914062,147.26268005371094,131.7113494873047,1.6387807945704127,1.3396727004254552,1.5847276320092187,0,cloudy
3399,train_10538.jpg,155.49632263183594,151.0041961669922,139.4507293701172,2.528792673424714,2.449296145028151,2.6469763009599183,0,cloudy
3400,train_284.jpg,209.0240478515625,203.2823944091797,183.5052032470703,15.66189886309161,15.716557302463201,17.820562622270565,0,cloudy
3401,train_28919.jpg,140.6149444580078,149.3380889892578,134.7392120361328,3.4555856869049046,3.067174869496226,3.3610367277035698,0,cloudy
3402,train_32799.jpg,216.28082275390625,209.8487091064453,213.6342010498047,55.54539128342635,47.2764122747731,57.67866472613552,288,cloudy
3403,train_18170.jpg,201.671875,200.61123657226562,190.89187622070312,10.974865026665048,10.509522314849459,11.04402356322855,0,cloudy
3404,train_20612.jpg,106.61744689941406,105.27001953125,96.88270568847656,15.333118498081486,13.661454586019328,12.333928152476842,0,cloudy
3405,train_35551.jpg,233.9796142578125,225.5997314453125,221.8029327392578,27.876325434394143,25.87109173148768,33.49833330621911,0,cloudy
3406,train_36058.jpg,131.84130859375,135.11685180664062,123.48689270019531,20.239600861038365,18.065951915260474,16.50352335947742,0,cloudy
3407,train_19911.jpg,165.6504364013672,171.38075256347656,160.61585998535156,4.468908513631286,3.9235400188288305,3.8433773700126803,0,cloudy
3408,train_29187.jpg,127.66355895996094,135.78807067871094,128.773193359375,2.6203479387539588,2.4061279698936464,2.6172771267703534,0,cloudy
3409,train_25971.jpg,137.29685974121094,144.5125274658203,138.0726776123047,3.4470162882003454,3.0505779655547647,3.3263613021620566,0,cloudy
3410,train_20821.jpg,170.84030151367188,172.69956970214844,168.04257202148438,25.055774757296696,24.15161683030701,23.659759051291587,0,cloudy
3411,train_7096.jpg,156.65663146972656,157.83680725097656,147.29461669921875,17.476702273152394,16.97934664488059,17.236865161061612,0,cloudy
3412,train_15911.jpg,164.83547973632812,169.82899475097656,166.00685119628906,38.12447852456924,36.17075553076989,34.91751710168495,609,cloudy
3413,train_21478.jpg,159.21116638183594,166.3991241455078,158.69927978515625,2.219900492738105,1.825991634345355,1.7696537192281656,0,cloudy
3414,train_12924.jpg,155.40126037597656,163.47283935546875,156.7199249267578,18.591987613386987,16.41695598141973,15.655106845093012,0,cloudy
3415,train_7121.jpg,137.5374755859375,144.1373748779297,129.7937469482422,5.629558103251135,5.139713976392533,6.047709029685716,0,cloudy
3416,train_1550.jpg,148.65176391601562,142.49679565429688,121.60685729980469,9.030809485305808,7.7044315883364245,7.000237246530493,0,cloudy
3417,train_38698.jpg,148.56881713867188,142.6405792236328,117.96267700195312,1.0164932789697336,0.7649554990171296,1.2671715326014639,0,cloudy
3418,train_19130.jpg,179.77590942382812,185.59913635253906,179.8533935546875,2.408908731147588,1.9726133624574977,1.9585136806522971,0,cloudy
3419,train_10666.jpg,126.45161437988281,136.93807983398438,132.62774658203125,3.774267525653604,3.41381830140295,3.906336924062613,0,cloudy
3420,train_31870.jpg,175.22869873046875,176.95700073242188,165.54763793945312,2.185700513435448,1.7422086429489063,1.990813229858036,0,cloudy
3421,train_29781.jpg,119.53883361816406,121.49002075195312,113.35540771484375,23.94465268782835,19.61226847488619,15.995358672969251,0,cloudy
3422,train_19642.jpg,129.01710510253906,134.60162353515625,129.14344787597656,3.5082383884610544,2.9743809346167684,3.0450175791715473,0,cloudy
3423,train_10128.jpg,192.97181701660156,193.22190856933594,187.5928955078125,4.211109520108115,3.1950732061894866,3.5343823655453943,0,cloudy
3424,train_24299.jpg,220.60487365722656,208.7404327392578,210.1800994873047,31.681956801465503,27.914171143754473,41.915624476835255,106,cloudy
3425,train_2267.jpg,186.83668518066406,194.4318389892578,187.21417236328125,2.5009429419494627,2.1879656478619536,2.1500486739534583,0,cloudy
3426,train_20216.jpg,175.45797729492188,179.02699279785156,170.44296264648438,39.93573639262414,34.82026106439993,33.29948948062104,18,cloudy
3427,train_24070.jpg,134.5906524658203,122.20220947265625,112.08111572265625,1.6961467997724127,1.2944626475742576,1.9145438999946447,0,cloudy
3428,train_26673.jpg,142.9324493408203,146.47433471679688,139.68350219726562,17.071979481513953,15.886055927569407,15.83029160702735,0,cloudy
3429,train_29540.jpg,223.08975219726562,209.8809051513672,195.29039001464844,23.980331651487884,25.803774329816548,35.8906905974822,0,cloudy
3430,train_20202.jpg,151.450439453125,152.75559997558594,136.52212524414062,3.9902473333729986,3.3630032296732884,3.2293323802311242,0,cloudy
3431,train_39035.jpg,154.99017333984375,155.7921600341797,146.2015838623047,19.277922622874776,17.68014751486086,16.338974731289003,0,cloudy
3432,train_27223.jpg,198.69610595703125,199.04258728027344,186.6094512939453,5.145089790057845,4.964885453731647,5.3285501254698096,0,cloudy
3433,train_7323.jpg,180.56451416015625,159.6022491455078,139.2338104248047,0.9148403652236049,1.0137063342826644,1.5707027017372954,0,cloudy
3434,train_27545.jpg,157.66807556152344,157.71694946289062,138.17800903320312,8.162498586461009,7.4125593392495155,8.05096542219693,0,cloudy
3435,train_33524.jpg,143.52259826660156,142.7744903564453,122.3216552734375,16.44109234188892,15.152922371985083,15.501176116049162,0,cloudy
3436,train_28851.jpg,239.2421875,241.7236328125,240.4072265625,3.348761395032404,2.6225878213700184,3.78971067567302,0,cloudy
3437,train_11008.jpg,134.26817321777344,142.5211944580078,126.43275451660156,1.5675789314492996,1.2534045487864263,1.6301359695858229,0,cloudy
3438,train_6954.jpg,197.1983184814453,194.9844970703125,185.5161590576172,1.7278322479302028,2.0794765085944356,2.219536913292117,0,cloudy
3439,train_16997.jpg,134.66339111328125,143.21046447753906,128.5540008544922,2.2562183763277077,1.8733882373586894,2.2148502637689162,0,cloudy
3440,train_30946.jpg,209.51487731933594,209.8363037109375,195.56405639648438,15.378497707881186,14.449079810921145,14.622553741751581,0,cloudy
3441,train_1793.jpg,175.76556396484375,182.62110900878906,175.22242736816406,1.9656090269895277,1.7994748421690996,1.7674159380627332,0,cloudy
3442,train_15278.jpg,147.98695373535156,153.00643920898438,144.44989013671875,8.200457011670274,7.905180034533339,8.137615505831088,0,cloudy
3443,train_12517.jpg,173.15077209472656,168.53750610351562,154.31796264648438,35.28819104631676,29.96173600681708,30.538071255331026,0,cloudy
3444,train_19442.jpg,168.5267333984375,176.311279296875,170.44102478027344,3.0250902981127865,2.609205126229683,2.626696986745322,0,cloudy
3445,train_38467.jpg,142.80992126464844,148.7438507080078,142.9644012451172,1.8737185936827503,1.5853361594482378,1.676805067243538,0,cloudy
3446,train_21888.jpg,162.3148651123047,144.40492248535156,126.82426452636719,2.3686752699126035,3.246833014135009,3.9868425542145647,0,cloudy
3447,train_34249.jpg,151.700927734375,149.25296020507812,140.22134399414062,55.641765022007604,52.06916704855898,48.47652019287364,888,cloudy
3448,train_34507.jpg,161.13076782226562,168.69029235839844,163.68585205078125,2.2253125595289767,1.8743360803664015,1.7500711569198848,0,cloudy
3449,train_22371.jpg,144.80938720703125,137.54270935058594,121.016845703125,60.29084613521904,56.286880603819554,60.266427791610056,920,cloudy
3450,train_38329.jpg,178.9211883544922,179.4230499267578,170.51194763183594,25.74384417618504,23.502552280465064,22.060843739358084,0,cloudy
3451,train_3609.jpg,131.72422790527344,117.79299926757812,102.09187316894531,1.5475208313459987,1.3882959124505148,1.8527728426793537,0,cloudy
3452,train_9442.jpg,146.30357360839844,151.30784606933594,143.97134399414062,2.585823623404014,2.314828739138109,2.2446978815470775,0,cloudy
3453,train_20957.jpg,153.9799346923828,151.82003784179688,132.4805145263672,15.469938901459034,14.33270970469425,15.087580582903747,0,cloudy
3454,train_15052.jpg,136.1070556640625,120.36749267578125,96.85137939453125,1.2433226035550415,1.0824140962798212,1.536852172844538,0,cloudy
3455,train_34936.jpg,135.0111541748047,121.08872985839844,105.19015502929688,1.4990376057871644,1.3809742143802979,1.9178147533362953,0,cloudy
3456,train_12701.jpg,146.74575805664062,154.74105834960938,141.17279052734375,2.9846455127822504,2.6701204954035744,2.970407945939563,0,cloudy
3457,train_16567.jpg,213.29400634765625,214.1624755859375,206.57606506347656,51.772190379992104,47.65558848797427,53.551013164842345,46,cloudy
3458,train_9132.jpg,149.69241333007812,153.3033905029297,138.8109893798828,8.599697576047122,7.7673958606254745,7.610960721590941,0,cloudy
3459,train_24270.jpg,168.6508331298828,169.8360137939453,160.5513458251953,10.574140837205393,10.30111871976612,10.632580893086677,0,cloudy
3460,train_6573.jpg,132.1885528564453,137.48155212402344,129.9299774169922,4.7923448114681815,4.807864956255604,4.923120604981075,0,cloudy
3461,train_30211.jpg,165.03599548339844,169.5706024169922,163.03358459472656,8.797218513163065,8.442498268727384,8.776418926845347,0,cloudy
3462,train_18402.jpg,189.9734344482422,186.27256774902344,179.68490600585938,54.764264308247654,48.44312815750545,53.45235072520428,70,cloudy
3463,train_14238.jpg,166.39376831054688,166.0985565185547,156.68197631835938,14.016827097418915,13.033287521179018,13.215464226692086,0,cloudy
3464,train_11354.jpg,114.35714721679688,108.35810852050781,96.85792541503906,2.2234854431556035,1.9954727474415412,2.096052195777902,0,cloudy
3465,train_14210.jpg,128.36936950683594,139.47462463378906,132.1720733642578,1.3179624538371584,0.9318170918923874,1.4245581690613973,0,cloudy
3466,train_13219.jpg,163.16094970703125,166.0658416748047,158.15757751464844,1.802963117302578,1.7915379860065,1.8876998977659714,0,cloudy
3467,train_10710.jpg,146.66146850585938,140.67361450195312,122.30574035644531,1.6375498536466122,1.466497057598802,2.1207911576214618,0,cloudy
3468,train_34895.jpg,147.5553436279297,158.9521484375,153.78355407714844,2.2278000558189586,1.6978394972538065,1.6834655665763179,0,cloudy
3469,train_23443.jpg,240.14862060546875,230.41038513183594,231.11207580566406,14.791004372696605,12.65757473528441,22.688394425919377,0,cloudy
3470,train_8370.jpg,164.13035583496094,170.41717529296875,163.4484405517578,4.26889571354555,3.128051311809229,2.8576075176376934,0,cloudy
3471,train_32228.jpg,137.3475799560547,145.57383728027344,131.50405883789062,1.8939209559099766,1.6356542135893046,2.0508479168818754,0,cloudy
3472,train_34671.jpg,160.6776885986328,169.7311553955078,165.56683349609375,2.2448291829767433,1.8849517270226714,2.1315646721994237,0,cloudy
3473,train_19085.jpg,224.97218322753906,206.0587921142578,213.0263671875,25.818244731530626,18.175111086156722,27.956217305304797,75,cloudy
3474,train_20162.jpg,142.91592407226562,153.5865478515625,148.78309631347656,53.96361428397785,46.1620073761609,43.09418759446005,161,cloudy
3475,train_30403.jpg,212.2610321044922,215.55615234375,209.55862426757812,29.92682561541115,26.743582940699778,27.327385942013674,0,cloudy
3476,train_3796.jpg,131.15875244140625,141.31765747070312,134.71617126464844,4.923716699700548,4.3027357168753975,4.337685285573867,0,cloudy
3477,train_34498.jpg,190.3734893798828,192.2831268310547,186.40147399902344,1.3147598456255956,1.2267838029965765,1.7492753522504516,0,cloudy
3478,train_25595.jpg,173.78805541992188,168.95741271972656,154.86744689941406,12.580689331104109,11.923435182983834,11.752557686335441,0,cloudy
3479,train_77.jpg,181.74365234375,161.8902587890625,142.0244140625,0.9171402459262333,0.870320400222726,1.450512907142374,0,cloudy
3480,train_8199.jpg,137.68069458007812,145.7223358154297,129.300537109375,1.6253484019479532,1.2943449107822231,1.6503553578598291,0,cloudy
3481,train_17269.jpg,216.66224670410156,221.16790771484375,214.9026336669922,8.11414805529565,7.061361676603995,7.402338293027627,0,cloudy
3482,train_31251.jpg,127.41741943359375,132.32907104492188,120.72926330566406,2.2292304259203215,1.8131786421667475,1.8516338611660275,0,cloudy
3483,train_14947.jpg,177.8509063720703,160.02499389648438,143.86306762695312,1.3516426895551765,1.5389289480322519,2.1392315865915794,0,cloudy
3484,train_27355.jpg,159.0989532470703,154.59286499023438,144.34361267089844,23.058057168138692,22.481924578074132,22.098978613217334,0,cloudy
3485,train_16188.jpg,155.6929168701172,159.76361083984375,152.0104522705078,2.375613330586138,2.1605689420247325,2.3539356802097777,0,cloudy
3486,train_28072.jpg,151.09654235839844,154.34576416015625,144.0216827392578,21.44937496261609,18.990244312022874,18.35309491527709,47,cloudy
3487,train_4013.jpg,139.4814453125,152.82220458984375,150.8761749267578,4.721845912275717,3.724564470021444,3.5743535654446497,0,cloudy
3488,train_4007.jpg,155.79006958007812,158.72918701171875,142.2819366455078,2.47643242364284,2.293004055986122,2.657770866882525,0,cloudy
3489,train_25219.jpg,179.46658325195312,186.9326171875,180.7861785888672,1.8506014174063041,1.5542282883169352,1.5341009043753397,0,cloudy
3490,train_30614.jpg,156.24539184570312,160.4380645751953,146.31784057617188,2.441245645771829,2.1097026803885512,2.014032274058991,0,cloudy
3491,train_24649.jpg,140.31431579589844,136.63087463378906,125.60240173339844,2.0857707422527993,2.0594107437518576,2.1675597234051582,0,cloudy
3492,train_25557.jpg,168.2274932861328,164.35203552246094,153.9845733642578,2.993740679310719,3.0117648253135516,3.2484394814753923,0,cloudy
3493,train_24891.jpg,138.01576232910156,143.03451538085938,134.38348388671875,3.581195627199156,3.3153683920799635,3.30711596959669,0,cloudy
3494,train_16604.jpg,196.8616485595703,196.72833251953125,183.8255157470703,5.665194616773833,5.4246199826197055,5.555365658002395,0,cloudy
3495,train_8198.jpg,130.81854248046875,135.2766571044922,112.91664123535156,18.598446798458465,16.42902666086131,17.346427690902015,319,cloudy
3496,train_37190.jpg,177.40289306640625,174.3073272705078,165.4354705810547,14.347697200945193,14.02282876542905,13.788621576413217,0,cloudy
3497,train_4952.jpg,200.57687377929688,203.54405212402344,195.5995330810547,15.006403616592747,14.849139041034615,14.843138734182268,0,cloudy
3498,train_14991.jpg,164.82041931152344,174.08132934570312,169.2754364013672,3.1415419479144266,2.6642644334076997,2.635306616991599,0,cloudy
3499,train_1194.jpg,126.64109802246094,133.37185668945312,122.60897827148438,17.14795578168534,15.49567271831507,15.831479313751286,0,cloudy
3500,train_27397.jpg,150.09873962402344,135.5443878173828,118.31520080566406,2.45329933164935,2.4342202865206377,2.551274409631692,0,cloudy
3501,train_30364.jpg,161.45480346679688,156.84410095214844,143.4081268310547,57.92947942897518,47.797954375005645,55.73531908888626,390,cloudy
3502,train_20177.jpg,155.76429748535156,141.49371337890625,124.20146179199219,3.2147941579374435,3.297243874487956,3.761422828687568,0,cloudy
3503,train_26512.jpg,156.04661560058594,158.76698303222656,144.98094177246094,4.661432383260718,4.1942114001904445,4.377906394187495,0,cloudy
3504,train_4205.jpg,179.1178741455078,187.44981384277344,183.25111389160156,11.37859207094074,10.765461249299525,10.113019787899008,0,cloudy
3505,train_25033.jpg,181.0986785888672,184.98748779296875,173.71202087402344,4.938823815013816,4.690294967502066,4.696842853823149,0,cloudy
3506,train_3542.jpg,153.1927032470703,157.75399780273438,151.04257202148438,9.041897505640831,7.472269242069087,5.664204233221379,0,cloudy
3507,train_7042.jpg,146.92022705078125,158.80654907226562,155.70098876953125,2.81636276357043,2.364218658152987,2.5535481497700783,0,cloudy
3508,train_2648.jpg,191.9560089111328,191.38137817382812,179.56259155273438,34.18952005306458,32.50653663840065,31.897271547125186,0,cloudy
3509,train_19906.jpg,152.24594116210938,154.20851135253906,139.21636962890625,30.581751070540147,27.323607450600207,25.369362454961042,280,cloudy
3510,train_37423.jpg,129.28053283691406,137.4268035888672,121.95465087890625,1.8717069217817623,1.5723268952337492,1.8722523096853891,0,cloudy
3511,train_12112.jpg,124.83976745605469,134.57359313964844,118.73616027832031,2.170885559158376,1.8376698122511523,1.9979808051012522,0,cloudy
3512,train_38089.jpg,179.50306701660156,185.52606201171875,180.1514892578125,25.660855067220755,25.371639382028537,26.033263427140223,0,cloudy
3513,train_18417.jpg,126.21385192871094,133.73721313476562,114.26527404785156,9.309420586916785,8.61182782930007,9.11089684526415,0,cloudy
3514,train_8239.jpg,149.22349548339844,150.25811767578125,131.20782470703125,4.508386996359071,4.109987035199963,4.177122876096267,0,cloudy
3515,train_32375.jpg,115.13816833496094,122.94859313964844,104.80990600585938,26.344405634162044,23.381565354432023,23.4915567396605,0,cloudy
3516,train_28463.jpg,202.4230499267578,206.09259033203125,194.43589782714844,3.0591647694458444,2.8258530721008555,2.991087598644318,0,cloudy
3517,train_5047.jpg,150.49961853027344,155.65965270996094,145.49122619628906,13.547834627595229,12.0031553276146,11.014626890635002,0,cloudy
3518,train_35426.jpg,166.06396484375,166.00006103515625,146.78900146484375,35.63492483122814,31.483334931583144,34.52381281094081,0,cloudy
3519,train_10856.jpg,157.81906127929688,161.6833038330078,148.34129333496094,2.1340728184822306,1.877187733508797,1.930751904603082,0,cloudy
3520,train_21335.jpg,150.0581817626953,155.82313537597656,147.85911560058594,4.111448563665774,3.9480903010045547,4.192693357136711,0,cloudy
3521,train_12072.jpg,168.63116455078125,163.6969451904297,150.37384033203125,23.55964866308911,22.225915806588848,21.577773163041595,22,cloudy
3522,train_14403.jpg,211.235107421875,215.03721618652344,207.27178955078125,6.2232354966732775,5.5678633368715005,5.930066899147714,0,cloudy
3523,train_15709.jpg,170.1798858642578,165.96595764160156,159.58384704589844,5.130910043802954,5.0973480083687255,4.962763044532285,0,cloudy
3524,train_28488.jpg,157.4088134765625,160.48709106445312,148.40740966796875,25.46834231764149,22.96660647119514,22.54073331175333,0,cloudy
3525,train_8588.jpg,138.3854217529297,144.96372985839844,138.79400634765625,4.815637344758822,4.396520011575038,4.012905446313613,0,cloudy
3526,train_2516.jpg,188.1419219970703,188.8832550048828,182.6873016357422,59.54838799710681,52.83962843713674,59.41823889111379,391,cloudy
3527,train_33269.jpg,171.8716583251953,173.6531524658203,157.36061096191406,3.591833554422085,3.5000845952313293,3.9321382011292823,0,cloudy
3528,train_26102.jpg,202.3037109375,194.97190856933594,183.89230346679688,33.250247567194506,27.695468221660942,31.196453606441317,0,cloudy
3529,train_14198.jpg,164.10853576660156,160.98036193847656,154.22300720214844,13.727843579663915,13.457596326701067,13.301224495723748,0,cloudy
3530,train_26658.jpg,171.87387084960938,174.39927673339844,161.8780517578125,7.6091859179485235,7.0391027391559815,6.963014593532244,0,cloudy
3531,train_38300.jpg,176.21023559570312,176.5006103515625,159.82809448242188,13.734967909491747,12.443604456257805,12.436055506839702,0,cloudy
3532,train_8013.jpg,154.0225830078125,151.65341186523438,145.28408813476562,3.0640854502493915,2.873209778020317,3.3627001328751445,0,cloudy
3533,train_35817.jpg,135.260986328125,122.50543212890625,97.18124389648438,2.484989390187477,2.5853416578992605,3.0197035268750367,0,cloudy
3534,train_12502.jpg,147.1529541015625,151.5236358642578,136.13221740722656,5.020312117164899,4.754917832309465,5.808179121264015,0,cloudy
3535,train_1786.jpg,189.67018127441406,193.2802734375,184.9071502685547,2.5752113277684474,2.0022110637947073,1.961023129760705,0,cloudy
3536,train_33296.jpg,180.5439453125,160.3818817138672,140.23477172851562,1.1071544505975792,1.0359861527850154,1.5431902638909794,0,cloudy
3537,train_21872.jpg,119.34971618652344,125.85514831542969,118.70956420898438,2.763455448463267,2.4285314364280586,2.6062324509541552,0,cloudy
3538,train_17324.jpg,169.83229064941406,173.23831176757812,165.51182556152344,1.987877178856438,1.9126032655607879,2.0155675984658217,0,cloudy
3539,train_24936.jpg,139.14791870117188,136.3482208251953,122.94621276855469,21.09352722542621,19.37965317601738,19.827462942678867,0,cloudy
3540,train_23081.jpg,169.89488220214844,164.36119079589844,152.9314727783203,24.288862363069406,25.30666323664235,28.029355394991804,22,cloudy
3541,train_1782.jpg,162.04185485839844,158.96701049804688,150.3341064453125,2.817303277211984,2.7592691484841616,3.052224883690997,0,cloudy
3542,train_30764.jpg,152.84706115722656,164.1986541748047,161.33016967773438,3.9588838633849264,3.4248317733954803,3.6172376745330173,0,cloudy
3543,train_18942.jpg,136.9268035888672,151.47750854492188,149.99647521972656,3.3018694508351194,2.558056502502504,2.7970446269696807,0,cloudy
3544,train_31446.jpg,197.23150634765625,205.5743408203125,200.30796813964844,2.3213499419911603,2.304375679128788,2.2937813955958823,0,cloudy
3545,train_16947.jpg,148.0378875732422,143.0072784423828,124.768310546875,1.561156283327683,1.327754590942418,2.136465319121899,0,cloudy
3546,train_8765.jpg,148.2333984375,144.25491333007812,132.6761016845703,3.168192562753258,3.0904422665911193,3.3007780382250784,0,cloudy
3547,train_33523.jpg,230.0868682861328,229.79420471191406,218.64895629882812,9.823777216444054,8.278763481864875,8.851091779713643,0,cloudy
3548,train_27556.jpg,118.54608154296875,122.28681945800781,110.96798706054688,27.451955777377982,25.03914771053895,22.27534082046336,76,cloudy
3549,train_20239.jpg,159.9227752685547,161.95877075195312,147.12062072753906,4.614417537139887,3.9521726375891797,4.0441017682258735,0,cloudy
3550,train_10661.jpg,136.84616088867188,142.36257934570312,131.87570190429688,2.661010767211662,2.2532744916823537,2.2514218994542263,0,cloudy
3551,train_10891.jpg,163.16806030273438,147.20016479492188,131.90296936035156,2.739896723410817,3.756094978107101,4.713084447686472,0,cloudy
3552,train_18215.jpg,127.75685119628906,108.83821105957031,91.42190551757812,4.252556287986806,2.8696386402592053,2.478324960772953,0,cloudy
3553,train_1580.jpg,157.1564178466797,159.67733764648438,146.7509002685547,4.409340603295792,4.020590205109274,4.119922535888698,0,cloudy
3554,train_18567.jpg,167.82382202148438,153.33482360839844,130.49368286132812,1.1455896414191136,1.331784741445896,1.9493298467861975,0,cloudy
3555,train_28329.jpg,157.5440216064453,164.40200805664062,154.47512817382812,5.17647400680114,2.390359129605796,2.1644695117425137,0,cloudy
3556,train_3368.jpg,148.10870361328125,144.1764373779297,128.7148895263672,15.070994709126087,13.83824822259754,14.35879782338563,0,cloudy
3557,train_38890.jpg,135.26881408691406,139.40390014648438,123.10243225097656,21.01791899880641,19.36992702422038,19.794696449096904,89,cloudy
3558,train_24249.jpg,163.83712768554688,163.72036743164062,143.9599151611328,6.111809054107645,5.708665242363489,6.243550990605791,0,cloudy
3559,train_4349.jpg,176.77073669433594,180.35562133789062,174.92251586914062,4.809611169452727,2.9768441495970204,2.5605298482923837,0,cloudy
3560,train_12089.jpg,229.04002380371094,209.11993408203125,221.92266845703125,8.70123129500866,5.5103264958945894,10.876502682569726,11,cloudy
3561,train_23254.jpg,144.4361572265625,146.68426513671875,135.1839141845703,24.036704568886318,23.05866515631446,23.255295109844468,0,cloudy
3562,train_34728.jpg,195.5467529296875,193.017333984375,183.07888793945312,1.5357512614362834,1.7372508734891494,2.013375945735971,0,cloudy
3563,train_38099.jpg,206.16062927246094,208.6326904296875,195.93630981445312,3.7406704740229535,3.2590162925615833,3.3062712230107127,0,cloudy
3564,train_20826.jpg,155.11245727539062,164.75405883789062,157.94552612304688,2.4929379927750093,2.0337571679573228,2.1164938044946107,0,cloudy
3565,train_15137.jpg,165.86874389648438,169.87283325195312,161.51043701171875,5.625668546150695,5.151468830190624,5.614903673799935,0,cloudy
3566,train_3585.jpg,182.20758056640625,182.15594482421875,169.3607177734375,14.737654390686119,14.908040381894786,15.352612396428093,0,cloudy
3567,train_7708.jpg,148.03366088867188,148.09690856933594,137.0398712158203,30.929842344605508,28.719554811623073,26.45906412227346,40,cloudy
3568,train_24301.jpg,154.4433135986328,149.87144470214844,140.40968322753906,2.6364884448578167,2.516546565523671,2.8166132439098717,0,cloudy
3569,train_15862.jpg,176.53009033203125,162.1068115234375,134.9210662841797,0.9017996014287205,0.8817949000343478,1.5353136642420533,0,cloudy
3570,train_20601.jpg,109.83723449707031,109.50759887695312,98.12051391601562,3.2675560145234286,2.9470066615005175,2.814008333312613,0,cloudy
3571,train_2664.jpg,145.66151428222656,153.43917846679688,140.63381958007812,47.89556273792323,42.96131568594776,40.05626810241618,608,cloudy
3572,train_10265.jpg,134.01376342773438,119.97026062011719,104.62861633300781,1.9509424734865648,1.7662688864510758,2.061034239346504,0,cloudy
3573,train_23877.jpg,172.45266723632812,179.1277313232422,171.3792266845703,2.5076761236499037,2.1630037498252546,2.138856760017807,0,cloudy
3574,train_8836.jpg,158.6214599609375,158.89602661132812,147.43606567382812,27.789828249172647,25.87176214047273,25.099243357883623,337,cloudy
3575,train_28936.jpg,186.8314208984375,187.5159149169922,175.0048065185547,3.6042635319855227,3.372805187177508,3.381290898827927,0,cloudy
3576,train_40320.jpg,153.8224334716797,134.8341827392578,116.07675170898438,1.8918298165474832,1.6170509822525756,1.9231049914085496,0,cloudy
3577,train_39813.jpg,160.04673767089844,168.8976593017578,162.1333770751953,1.9174708274961256,1.496061117346101,1.3656752293936987,0,cloudy
3578,train_16628.jpg,191.7460174560547,198.73944091796875,192.8367156982422,4.251381073994236,3.666137249737339,3.5602414001890064,0,cloudy
3579,train_4003.jpg,123.68115234375,132.3926544189453,116.455810546875,2.097897592083443,1.8234985188102104,2.0555414521174558,0,cloudy
3580,train_20371.jpg,170.49176025390625,176.96957397460938,164.88699340820312,1.5388024771280948,1.2287583009107421,1.4064728186166022,0,cloudy
3581,train_29355.jpg,137.11009216308594,137.0845947265625,116.36341857910156,18.141611076338265,17.06968543561684,17.23638620285078,0,cloudy
3582,train_14942.jpg,139.6184844970703,123.12290954589844,107.39500427246094,2.219093722963892,2.126704579743882,2.24425374496912,0,cloudy
3583,train_3036.jpg,169.406494140625,170.39694213867188,154.9720001220703,3.849757508592673,3.6583735052850463,3.9008666424911254,0,cloudy
3584,train_16199.jpg,146.6700439453125,140.91015625,117.83218383789062,1.4292873750273454,1.4104267399858765,1.6141481376702247,0,cloudy
3585,train_11191.jpg,121.60169982910156,127.72352600097656,111.42965698242188,12.610571849806641,11.497389500495588,11.45241734915275,0,cloudy
3586,train_7245.jpg,204.2278594970703,209.5736083984375,202.38587951660156,6.267339684778507,5.524248129780431,5.54716451283504,0,cloudy
3587,train_31527.jpg,151.69720458984375,155.78036499023438,141.4612579345703,2.1052307664988437,1.835648970302534,1.7856033779817935,0,cloudy
3588,train_29368.jpg,204.72019958496094,209.88760375976562,203.56553649902344,4.342752772693394,3.9176631885115745,4.076823683242737,0,cloudy
3589,train_7537.jpg,233.23300170898438,230.0863037109375,219.89541625976562,15.3739539627173,14.706046025583756,16.301127680540823,29,cloudy
3590,train_13792.jpg,146.2939453125,141.38710021972656,133.34347534179688,2.19091334383914,2.0266724808642205,2.701110074921632,0,cloudy
3591,train_27379.jpg,176.06686401367188,179.54806518554688,171.8197021484375,2.9382089660684554,2.9275737027124262,2.9143756130634264,0,cloudy
3592,train_39153.jpg,181.1552734375,158.3455810546875,133.1061248779297,0.66406178193895,0.6297582577121956,1.3046576851126397,0,cloudy
3593,train_31296.jpg,95.34452819824219,90.81488037109375,82.18821716308594,2.5842490528770017,2.3764583845425027,2.3571211726110826,0,cloudy
3594,train_33481.jpg,154.2746124267578,160.8697052001953,147.45347595214844,2.34190943405093,1.917154759425845,1.950076324448515,0,cloudy
3595,train_40447.jpg,171.8870849609375,171.58766174316406,161.1592254638672,18.823417635049296,18.631495786517092,18.939902369554545,0,cloudy
3596,train_17279.jpg,163.6170654296875,160.71885681152344,150.869873046875,2.408100552938499,2.3943972253999375,2.4918883212852667,0,cloudy
3597,train_28089.jpg,170.9842071533203,168.01470947265625,158.50994873046875,2.6888868560187347,2.653755204998155,2.760858117723466,0,cloudy
3598,train_28923.jpg,171.83743286132812,158.3760528564453,129.847412109375,7.647465873015692,6.499837054458434,6.058449084917761,0,cloudy
3599,train_35543.jpg,143.20059204101562,139.27969360351562,127.67266845703125,1.8492082583339717,1.7893235355057913,1.910176554963951,0,cloudy
3600,train_24328.jpg,176.91087341308594,179.38455200195312,167.1018524169922,1.5296967349507917,1.3157889899208643,1.3654069606387182,0,cloudy
3601,train_38073.jpg,196.92747497558594,180.85592651367188,162.0325927734375,6.1333751341225495,6.604466883918159,6.768991816446498,0,cloudy
3602,train_24472.jpg,145.83596801757812,158.79660034179688,148.57044982910156,17.797240523928288,16.207934907620647,16.002363379995085,0,cloudy
3603,train_4214.jpg,229.0596923828125,232.2197265625,228.783203125,5.506469366648689,4.62840671338732,5.873417742696718,0,cloudy
3604,train_1378.jpg,158.76451110839844,160.0896759033203,145.13807678222656,2.685684513336303,2.0050898624219124,2.247664339458635,0,cloudy
3605,train_21278.jpg,101.15223693847656,113.693115234375,107.03253173828125,2.994277919187984,2.633090482802915,2.6716541002376974,0,cloudy
3606,train_23490.jpg,167.42921447753906,167.0764617919922,152.3012237548828,34.902447499575025,31.203095622414033,29.465581578682645,0,cloudy
3607,train_7090.jpg,190.4341278076172,192.65057373046875,189.38658142089844,2.09835674750924,1.76077934708316,2.3356205356310467,0,cloudy
3608,train_902.jpg,132.75332641601562,141.7344207763672,126.56513977050781,2.028740467667514,1.6995940390735313,1.9861040630744125,0,cloudy
3609,train_31651.jpg,174.1505889892578,162.72117614746094,141.720947265625,3.670505141052659,3.624629669725407,3.8713808617231087,0,cloudy
3610,train_19863.jpg,155.92526245117188,160.00840759277344,147.99642944335938,3.756273104905834,3.4239531704391517,3.4438621089896517,0,cloudy
3611,train_20748.jpg,172.66148376464844,172.31585693359375,152.65692138671875,21.65024500519037,20.243522365843525,22.14965833153597,0,cloudy
3612,train_19693.jpg,181.76060485839844,183.5860137939453,171.21067810058594,2.111540878877261,1.7580691663462458,1.9832449702336168,0,cloudy
3613,train_18572.jpg,158.0110321044922,139.479736328125,119.71005249023438,0.8576600767896981,0.8144235216793793,1.4308099324069787,0,cloudy
3614,train_11218.jpg,163.78065490722656,144.40049743652344,124.57470703125,1.050657188681339,0.964908143913045,1.5150421437611683,0,cloudy
3615,train_35153.jpg,185.2899932861328,168.16973876953125,149.0879669189453,1.7358861554214406,2.1587883677921957,2.6140777662957126,0,cloudy
3616,train_453.jpg,172.9374542236328,168.78970336914062,153.92422485351562,18.827510940802927,17.94617199549511,18.134093935554194,0,cloudy
3617,train_11740.jpg,142.01866149902344,151.0668182373047,148.47557067871094,2.365279298018288,2.0909583875431217,1.9834785463443336,0,cloudy
3618,train_15254.jpg,154.50245666503906,151.27972412109375,141.34715270996094,3.280146774350389,3.2438486365157675,3.410012903039586,0,cloudy
3619,train_40255.jpg,170.96401977539062,172.0000457763672,156.6073455810547,2.6780104726094347,2.523615874665846,2.7281033651879665,0,cloudy
3620,train_21867.jpg,169.203369140625,170.30245971679688,154.4247589111328,4.823118700639032,4.59410979188258,4.840149534754113,0,cloudy
3621,train_15268.jpg,196.62564086914062,198.13983154296875,188.98143005371094,1.7821041720967699,1.9747343004970892,2.174783070150218,0,cloudy
3622,train_32819.jpg,132.52685546875,139.0036163330078,122.63241577148438,24.473417453237683,22.0634254128967,22.121279955158062,0,cloudy
3623,train_21871.jpg,142.5592498779297,150.2081298828125,136.2055206298828,2.247231141110031,1.9785806319467574,2.5848835496069276,0,cloudy
3624,train_4809.jpg,142.44668579101562,150.63876342773438,142.70318603515625,2.9011782657215965,2.602700358182398,2.8876155542963744,0,cloudy
3625,train_30798.jpg,146.8427734375,151.15805053710938,132.6829071044922,4.023444966429662,3.7579808315188608,4.214652763966894,0,cloudy
3626,train_35179.jpg,138.144287109375,145.94140625,129.39007568359375,2.2342917553526793,1.9597816252212101,2.268573328205167,0,cloudy
3627,train_22405.jpg,136.04161071777344,138.16253662109375,124.99638366699219,25.57802165465382,22.738753558402717,20.682240403275788,526,cloudy
3628,train_30001.jpg,171.71302795410156,168.89662170410156,159.492919921875,3.6099539509904144,3.6035036882536207,3.7439133441297914,0,cloudy
3629,train_29550.jpg,121.36912536621094,131.88015747070312,128.8921356201172,4.9757767240868995,4.593993730205966,4.833356582811492,0,cloudy
3630,train_33520.jpg,234.20545959472656,233.06216430664062,221.93516540527344,5.602897775165832,5.005722955574376,5.566461783997934,0,cloudy
3631,train_37746.jpg,164.748291015625,166.94569396972656,158.53384399414062,2.8149344081080345,2.8216045258315576,2.8921578864769137,0,cloudy
3632,train_6987.jpg,220.86204528808594,224.46868896484375,216.39755249023438,3.1974028334410174,3.3359460757991792,3.536332606892478,0,cloudy
3633,train_14835.jpg,162.35923767089844,165.59466552734375,158.5098114013672,4.898094005092341,4.632494151208354,4.75246596927717,0,cloudy
3634,train_1756.jpg,184.9206085205078,181.0552978515625,161.68185424804688,28.138000447532992,23.579415269930493,28.657279435218033,0,cloudy
3635,train_860.jpg,206.10523986816406,200.71728515625,181.1481475830078,26.665920897090267,26.125061870118394,29.30125400479662,0,cloudy
3636,train_16575.jpg,165.13511657714844,146.9425811767578,130.70077514648438,1.274291213004558,1.0878813885950733,1.95657586012236,0,cloudy
3637,train_12713.jpg,121.67021179199219,125.90397644042969,117.65028381347656,2.8106745580478423,2.5538234506751607,2.726606863897084,0,cloudy
3638,train_22808.jpg,154.61610412597656,150.2913360595703,141.036376953125,1.9406105469212114,1.7618985522446677,2.265723588048108,0,cloudy
3639,train_14404.jpg,135.5927276611328,121.5799560546875,105.85728454589844,1.6897973999080003,1.6494601679716487,2.1824305878630534,0,cloudy
3640,train_16213.jpg,88.07014465332031,100.99491882324219,86.27931213378906,14.281444747580565,12.439872052658965,11.75539205736448,0,cloudy
3641,train_40041.jpg,137.48765563964844,146.1895294189453,129.95025634765625,1.7998362717338376,1.4435845619291547,1.7182076367872434,0,cloudy
3642,train_25815.jpg,113.0213623046875,102.44734191894531,91.06001281738281,2.8183156364996518,2.5136962379910313,2.2239052454750268,0,cloudy
3643,train_17131.jpg,124.92646789550781,132.90438842773438,115.14569091796875,6.362933117573256,5.736390166991086,5.84409850115371,0,cloudy
3644,train_17643.jpg,148.38905334472656,152.6646270751953,134.38580322265625,5.376914895077138,5.083788666285843,5.653880059818206,0,cloudy
3645,train_7858.jpg,184.72271728515625,188.13467407226562,176.96409606933594,57.27723215663065,54.07852529696654,56.53639797718733,349,cloudy
3646,train_38893.jpg,176.89620971679688,182.8602752685547,174.0898895263672,2.739838343657932,2.454435671441166,2.5067762802728417,0,cloudy
3647,train_22175.jpg,209.86940002441406,203.94424438476562,182.56320190429688,16.00800371008575,16.01573374057117,17.932939101990492,0,cloudy
3648,train_19849.jpg,130.13502502441406,138.3299560546875,123.06344604492188,2.0891761622054026,1.7856862514713523,2.113682636273424,0,cloudy
3649,train_23519.jpg,130.53005981445312,116.7618408203125,101.37509155273438,4.925142736801396,4.434570740928873,3.838517262476872,0,cloudy
3650,train_25626.jpg,182.6079559326172,186.43861389160156,177.3533935546875,22.504069392396225,22.31630643756325,22.32391267468213,23,cloudy
3651,train_4438.jpg,158.55780029296875,156.01333618164062,135.4031524658203,8.811035945825708,6.928304919698739,6.603202584616247,0,cloudy
3652,train_11597.jpg,164.27090454101562,144.43617248535156,125.463623046875,1.173737847368233,1.25215274531207,1.7309460638261065,0,cloudy
3653,train_9108.jpg,163.8133544921875,159.8542938232422,151.18475341796875,3.4458903111452437,3.440840111363602,3.3791501122604024,0,cloudy
3654,train_10070.jpg,164.00439453125,165.28536987304688,148.79986572265625,4.682241083818874,4.030937738924835,4.132138707070419,0,cloudy
3655,train_27810.jpg,168.14842224121094,174.89537048339844,171.8257293701172,2.847876729879185,2.473435388343591,2.850445669393088,0,cloudy
3656,train_1391.jpg,215.276611328125,198.26129150390625,198.21621704101562,26.793602202497016,19.030605219013385,29.04089213861722,13,cloudy
3657,train_11352.jpg,100.16694641113281,108.06404113769531,103.16676330566406,19.446649759771176,17.841372664182906,17.30203512220459,53,cloudy
3658,train_36935.jpg,141.63050842285156,149.70875549316406,141.9208221435547,5.995947119363664,5.397021250690232,5.43585551487272,0,cloudy
3659,train_14558.jpg,156.88502502441406,166.61898803710938,161.30801391601562,2.086956473521148,1.7940540496212365,1.7981840980799475,0,cloudy
3660,train_3592.jpg,163.7104949951172,166.4813232421875,153.2137908935547,2.2100616002619677,1.9244819227275463,1.7403980080125425,0,cloudy
3661,train_22773.jpg,167.95089721679688,163.664306640625,156.55728149414062,1.8192140061783433,1.6671715110863001,1.9677846920079678,0,cloudy
3662,train_17086.jpg,138.114990234375,145.9834747314453,129.11199951171875,1.642379240680158,1.238713099566747,1.562714455907696,0,cloudy
3663,train_7284.jpg,153.4757537841797,148.6360626220703,124.50270080566406,0.9389594171390049,0.740507242737859,1.3376013142791334,0,cloudy
3664,train_11150.jpg,129.33168029785156,115.787109375,100.83763122558594,2.390948154493952,2.2498635144693186,2.4216520621668254,0,cloudy
3665,train_8809.jpg,141.8046875,141.88406372070312,121.15318298339844,23.750093801212792,22.919705795660022,24.143315989537715,0,cloudy
3666,train_17253.jpg,141.127197265625,146.75778198242188,140.09983825683594,2.9808288496671773,2.802393492959616,3.0320899244212147,0,cloudy
3667,train_24114.jpg,180.81924438476562,169.5084228515625,148.04005432128906,6.067303852649358,5.6630081866078195,5.403381443811147,0,cloudy
3668,train_29424.jpg,104.96694946289062,114.64663696289062,101.17036437988281,24.041667502782342,21.494884794018912,19.571047298494353,0,cloudy
3669,train_18821.jpg,205.59095764160156,207.54808044433594,195.82818603515625,42.807292146165025,39.845582927072556,42.85489521259138,313,cloudy
3670,train_11805.jpg,181.09439086914062,180.16139221191406,167.12374877929688,12.78251904925951,12.590570290672428,13.318108549684712,0,cloudy
3671,train_31530.jpg,141.76576232910156,143.87005615234375,132.77484130859375,6.979896251611383,6.948674618366084,6.362646432746153,0,cloudy
3672,train_24897.jpg,136.9440155029297,142.85911560058594,136.22813415527344,1.8998820735283406,1.6432373841445358,1.8930453509497238,0,cloudy
3673,train_31242.jpg,125.87246704101562,135.3704833984375,119.0550537109375,1.8154528728213215,1.5082812939363965,1.6904333148743285,0,cloudy
3674,train_23646.jpg,201.50791931152344,186.70144653320312,168.8945770263672,23.122973507687963,21.539070470784768,32.453523858369095,0,cloudy
3675,train_32993.jpg,141.28211975097656,146.25363159179688,138.57733154296875,23.73170389272889,21.579173006321078,22.255977927825782,0,cloudy
3676,train_13785.jpg,139.05947875976562,147.84617614746094,133.08132934570312,3.6590829198374446,3.1923081023362396,3.768036285864296,0,cloudy
3677,train_32011.jpg,130.11170959472656,137.06288146972656,127.47138977050781,4.66829917446026,4.369820918664141,4.472904189053898,0,cloudy
3678,train_18175.jpg,127.66587829589844,132.52017211914062,119.43605041503906,15.59430419281788,14.217879294070745,13.327602927985666,0,cloudy
3679,train_30809.jpg,129.970703125,135.26060485839844,127.35649108886719,33.88795223574564,30.99713223134908,27.849943057179285,323,cloudy
3680,train_12316.jpg,202.34765625,196.5126190185547,174.87289428710938,16.855330242768115,16.790121082222225,18.55119836002054,0,cloudy
3681,train_14773.jpg,138.395263671875,135.68629455566406,124.65684509277344,32.870361253778675,29.996140175730037,28.291447517654813,0,cloudy
3682,train_25747.jpg,180.2724151611328,182.10276794433594,169.01339721679688,1.6063836169207983,1.3545332793587623,1.364351060161331,0,cloudy
3683,train_26528.jpg,73.23536682128906,82.22773742675781,76.69609069824219,25.78357484391754,22.6973052114716,19.13043336704921,0,cloudy
3684,train_28511.jpg,128.09410095214844,133.6602020263672,122.58570861816406,2.6253855959470638,2.3336240860946247,2.482324523230551,0,cloudy
3685,train_24303.jpg,180.8737335205078,166.04214477539062,138.0354766845703,2.799514687256429,2.072623990169472,2.14120414692229,0,cloudy
3686,train_23478.jpg,204.5086212158203,199.06211853027344,187.99176025390625,6.119854853552004,6.189221217678419,6.374882177767087,0,cloudy
3687,train_2100.jpg,133.40145874023438,146.18702697753906,144.1321563720703,3.8297979853257345,3.1163126570780393,3.005377447917986,0,cloudy
3688,train_30389.jpg,173.58229064941406,180.52798461914062,175.50137329101562,2.3393715825757058,1.9358875134178584,2.06497645331458,0,cloudy
3689,train_2841.jpg,166.66184997558594,172.46791076660156,161.64926147460938,3.313216814460168,2.8650912922856664,2.830885878988004,0,cloudy
3690,train_17722.jpg,158.1580047607422,145.84788513183594,129.9745330810547,1.726972787358885,1.502208695336426,1.7452087020120246,0,cloudy
3691,train_2699.jpg,125.09518432617188,128.6236572265625,114.35809326171875,20.00898549989646,20.640684836298735,19.988703882137695,0,cloudy
3692,train_19069.jpg,137.81959533691406,147.0335693359375,134.2869110107422,1.6711906988350511,1.30248778038187,1.7251399871416837,0,cloudy
3693,train_38925.jpg,141.6470489501953,146.53619384765625,134.18138122558594,8.781497516240087,8.156957273903208,8.160769485181085,0,cloudy
3694,train_39385.jpg,136.2861785888672,145.53469848632812,134.83834838867188,1.4976672563629738,1.1607617293787245,1.8313000890953524,0,cloudy
3695,train_34058.jpg,138.671142578125,146.94210815429688,130.9717254638672,1.8342930835584121,1.5085528781432258,1.8194346699950268,0,cloudy
3696,train_7656.jpg,172.6351776123047,171.64503479003906,155.24667358398438,21.88062304316932,20.037572832483985,19.91321819989321,187,cloudy
3697,train_646.jpg,137.16346740722656,142.87979125976562,136.554443359375,2.0562530189798354,1.8972757004137906,2.2338618909779795,0,cloudy
3698,train_108.jpg,123.28288269042969,117.22567749023438,105.54177856445312,4.051096973069526,4.051808026509001,4.15785332805836,0,cloudy
3699,train_22160.jpg,146.97119140625,150.34649658203125,131.22691345214844,8.213077676391583,7.759861491840361,8.698564090885455,0,cloudy
3700,train_26460.jpg,157.22413635253906,152.58189392089844,141.32215881347656,2.700269053066203,2.6310456194706138,2.9154844809173115,0,cloudy
3701,train_7859.jpg,180.59934997558594,171.10191345214844,150.9280242919922,2.6895123629237743,3.113210966243936,3.6039374342076664,0,cloudy
3702,train_37592.jpg,139.0578155517578,143.79019165039062,135.22494506835938,32.118080180425366,28.795246944065532,28.253309710182666,0,cloudy
3703,train_3395.jpg,146.8347930908203,152.23097229003906,142.9614715576172,3.7787316978772263,3.06773899293489,3.1249162969331663,0,cloudy
3704,train_11569.jpg,149.40167236328125,146.4188995361328,129.6779327392578,3.185317249898027,1.707406418988835,1.7276629973717998,0,cloudy
3705,train_22809.jpg,127.60255432128906,132.0111083984375,123.3826904296875,3.5774655088000067,3.190332479546082,3.0674439029142158,0,cloudy
3706,train_8773.jpg,220.83982849121094,215.25103759765625,196.19769287109375,6.969294838908699,7.275715365490949,8.720329062843074,0,cloudy
3707,train_7440.jpg,150.10397338867188,143.95538330078125,120.79249572753906,4.949632673917703,3.6313915668072685,2.5505902655064756,0,cloudy
3708,train_21657.jpg,223.63832092285156,212.97921752929688,210.37606811523438,21.81115897646249,15.689028816909532,25.05313854093374,0,cloudy
3709,train_26892.jpg,148.89218139648438,154.1271209716797,140.27603149414062,2.9072425476329267,2.370021879795132,2.2617106213118854,0,cloudy
3710,train_25343.jpg,170.9361572265625,161.14730834960938,138.76620483398438,1.7085317786219425,1.7972056641781742,2.0940917342469687,0,cloudy
3711,train_18954.jpg,199.64791870117188,202.51251220703125,194.08102416992188,7.825149989154553,7.9268542313595045,7.899696751491737,0,cloudy
3712,train_32617.jpg,173.68421936035156,174.8929443359375,162.21034240722656,8.40825908233274,7.80795267802592,7.875038200083655,0,cloudy
3713,train_22410.jpg,233.0931396484375,230.16688537597656,220.00222778320312,10.47158126621158,10.342397014458669,11.29143281421448,0,cloudy
3714,train_5294.jpg,158.6793212890625,157.1283416748047,140.039794921875,37.851618658089095,32.837684605428,31.735228029785358,0,cloudy
3715,train_32830.jpg,160.8145294189453,167.93548583984375,163.58114624023438,3.3471128977788154,2.394130504454192,2.1985854171543915,0,cloudy
3716,train_4834.jpg,149.49624633789062,134.27490234375,116.834716796875,1.0989210670395162,0.9913825426806783,1.4962602527684614,0,cloudy
3717,train_11757.jpg,180.85641479492188,186.84642028808594,180.8624725341797,4.978918053965281,4.9414529089317405,4.9566071543221835,0,cloudy
3718,train_35193.jpg,207.87710571289062,206.96568298339844,197.0386199951172,33.56573918729496,31.351553209156183,32.09864747541335,0,cloudy
3719,train_14175.jpg,175.93141174316406,181.2305908203125,174.72393798828125,3.871483361655955,3.5240638983871637,3.0917061541194646,0,cloudy
3720,train_39781.jpg,165.00022888183594,161.37831115722656,145.3085479736328,30.173323119076542,26.43698906918665,24.833531412203477,0,cloudy
3721,train_35811.jpg,160.52146911621094,166.13232421875,159.3531036376953,2.4605958125686493,2.3222072584358617,2.4868852439455567,0,cloudy
3722,train_12239.jpg,221.42120361328125,218.29336547851562,207.98045349121094,13.554484359664634,13.092147404414064,13.347419015466018,0,cloudy
3723,train_12211.jpg,155.83688354492188,154.38357543945312,141.91152954101562,13.772985651075768,12.85906392050157,12.577794449435961,0,cloudy
3724,train_10406.jpg,95.69776916503906,91.23554992675781,82.36399841308594,1.5604415828641671,1.4338694801501117,1.7887717159969314,0,cloudy
3725,train_29278.jpg,212.40399169921875,208.90829467773438,198.11827087402344,8.486097671794946,8.924298846926787,8.937874126968751,0,cloudy
3726,train_437.jpg,147.16436767578125,152.04014587402344,143.31982421875,3.8715951668916646,3.437400957835979,3.3353530764946315,0,cloudy
3727,train_27527.jpg,153.03280639648438,149.40203857421875,138.29603576660156,3.515801788626914,3.47476930502176,3.6318496919950016,0,cloudy
3728,train_9422.jpg,159.52879333496094,164.1427764892578,156.6748046875,2.2338889433114906,2.0706848146577683,2.2313457308195828,0,cloudy
3729,train_32670.jpg,242.2001953125,218.169921875,229.744140625,0.7522492061165816,0.744893811741972,0.6245817692461167,0,cloudy
3730,train_32116.jpg,139.604736328125,136.40240478515625,126.58268737792969,2.7157150407268924,2.632580030207221,2.7985055398400567,0,cloudy
3731,train_11240.jpg,135.8956756591797,138.1387176513672,122.42864990234375,15.83256842711552,14.289702092920276,15.01753449368548,0,cloudy
3732,train_1283.jpg,113.47142028808594,113.52632141113281,102.08831787109375,18.63339002241435,16.71443093468711,16.740412375345304,0,cloudy
3733,train_1297.jpg,118.63836669921875,126.17985534667969,117.78639221191406,1.8268779582982706,1.5809315479025465,1.830546875727639,0,cloudy
3734,train_31184.jpg,206.41629028320312,204.6545867919922,193.76683044433594,25.743683203089805,24.049407926701925,24.03767106795909,0,cloudy
3735,train_18258.jpg,133.89820861816406,141.7718505859375,126.49507141113281,2.0243043422983593,1.6902137014536618,2.032618259366144,0,cloudy
3736,train_14462.jpg,162.7471466064453,145.2344970703125,128.37503051757812,2.876398072133913,2.458543754653576,2.5553339800419357,0,cloudy
3737,train_11283.jpg,172.90606689453125,173.82296752929688,156.63058471679688,36.43996053360703,33.460214263465964,35.402364321271484,149,cloudy
3738,train_19813.jpg,180.23348999023438,173.43838500976562,165.40020751953125,61.76308251749691,51.08775008950984,61.58235266393209,672,cloudy
3739,train_36600.jpg,177.85272216796875,185.72879028320312,179.73399353027344,1.7642697126852303,1.4621877926851459,1.4318508927126625,0,cloudy
3740,train_4476.jpg,95.93057250976562,107.56341552734375,104.77336120605469,13.115637998093622,11.662270435600403,11.701576435791246,0,cloudy
3741,train_39527.jpg,178.5967559814453,179.88526916503906,167.8897247314453,19.024072142873145,17.592868096362714,16.921733447725956,0,cloudy
3742,train_37495.jpg,155.9979248046875,158.25494384765625,148.8735809326172,6.72334249585809,6.707019190202556,6.2532408809592885,0,cloudy
3743,train_21591.jpg,149.98789978027344,155.4454345703125,149.1094970703125,4.986850085486053,4.6808300104296965,4.866632958075247,0,cloudy
3744,train_782.jpg,184.20497131347656,184.94891357421875,171.7799530029297,12.542762317006774,11.990204285986083,11.91795895700754,0,cloudy
3745,train_9783.jpg,208.01853942871094,211.3782501220703,203.9148712158203,21.75492802167039,19.135844650873928,19.39746683886607,0,cloudy
3746,train_20894.jpg,156.6387939453125,132.0592803955078,109.97518920898438,1.1430139411445692,1.1176428791059556,1.6929060976641777,0,cloudy
3747,train_13292.jpg,175.81553649902344,175.36618041992188,161.47560119628906,6.753242020114277,6.07678980238823,5.912383898266997,0,cloudy
3748,train_34163.jpg,188.59080505371094,184.8657989501953,169.90252685546875,5.752214909584714,5.521023470448132,5.955604774843783,0,cloudy
3749,train_36006.jpg,118.76187133789062,125.64407348632812,117.10806274414062,4.0534299367326865,3.709061322887977,3.703587910408726,0,cloudy
3750,train_30311.jpg,152.5104217529297,156.7941436767578,150.93240356445312,5.387446529457995,5.227522614108632,5.174666076487579,0,cloudy
3751,train_13047.jpg,169.42518615722656,171.29144287109375,160.23472595214844,20.635672541937424,18.79393024310179,18.52826499045417,10,cloudy
3752,train_15350.jpg,172.06951904296875,179.63272094726562,171.65628051757812,1.499375639305519,1.2699434018517972,1.372664114384602,0,cloudy
3753,train_16659.jpg,158.94320678710938,163.03799438476562,155.63162231445312,2.836837558568332,2.6555071168837094,2.768940637823629,0,cloudy
3754,train_37683.jpg,163.10916137695312,143.38230895996094,123.87309265136719,1.0861275934486,1.1096930181294054,1.6014363116323271,0,cloudy
3755,train_6856.jpg,124.34495544433594,112.43264770507812,88.77171325683594,1.6637259061627485,1.499932386630313,2.051780270193024,0,cloudy
3756,train_11644.jpg,182.2500762939453,190.21519470214844,184.7549285888672,5.917620012954059,5.269622620587686,4.991403297026054,0,cloudy
3757,train_12365.jpg,175.252197265625,179.33877563476562,168.13922119140625,3.23511013024847,2.9430230433590343,2.9680039817433994,0,cloudy
3758,train_23806.jpg,170.3163299560547,173.14962768554688,165.00648498535156,2.5550194609467267,2.5499728060466174,2.6644011076314698,0,cloudy
3759,train_10566.jpg,155.56117248535156,159.67669677734375,141.47607421875,8.87941471774859,8.580033310439497,9.436577139189113,0,cloudy
3760,train_23147.jpg,118.61502075195312,125.97862243652344,115.75889587402344,7.883916716024713,7.1351107953067725,6.717813472275681,0,cloudy
3761,train_21750.jpg,183.0906982421875,176.671142578125,165.4799041748047,54.12948609395494,46.341441301470546,55.04960331077268,168,cloudy
3762,train_17584.jpg,204.07150268554688,204.398193359375,190.5336456298828,10.529504603728704,9.718543338724928,9.359810131939899,0,cloudy
3763,train_15393.jpg,112.13401794433594,107.10336303710938,97.21809387207031,2.6565427239754507,2.260567559692593,2.19455400141209,0,cloudy
3764,train_37640.jpg,116.02339172363281,121.14183044433594,110.37236022949219,2.6119208333274906,2.189851853815923,2.171517693882343,0,cloudy
3765,train_30649.jpg,150.6739501953125,145.21539306640625,134.3714599609375,4.141684283307652,1.946439775487637,1.9791823465997735,0,cloudy
3766,train_20472.jpg,146.0284881591797,151.48025512695312,144.12037658691406,6.473201749567741,6.389001706526927,6.537549468755436,0,cloudy
3767,train_32704.jpg,173.48219299316406,177.08724975585938,171.3285369873047,4.241668108208732,2.415835166234439,2.1645675393812667,0,cloudy
3768,train_8884.jpg,150.05677795410156,154.22325134277344,147.86297607421875,20.449665978735638,18.68799668876568,18.50797224710538,0,cloudy
3769,train_23608.jpg,181.07850646972656,158.5413360595703,133.634521484375,5.785475498942114,3.420880502189067,2.6625730652253323,0,cloudy
3770,train_28991.jpg,173.43603515625,165.05117797851562,156.8775177001953,50.41936647920895,52.25721075490802,53.614391045346984,137,cloudy
3771,train_23634.jpg,174.7896728515625,177.94189453125,165.18759155273438,1.743425720408895,1.5591797456068746,1.5455415133534771,0,cloudy
3772,train_33341.jpg,231.46873474121094,230.3915557861328,219.45050048828125,3.4760268580619242,2.8534435335157946,2.990048557216334,0,cloudy
3773,train_11686.jpg,193.54629516601562,187.3087615966797,179.6810302734375,58.68251681594192,56.51242485273815,60.430266270766374,838,cloudy
3774,train_10598.jpg,191.0931396484375,186.4207000732422,176.338623046875,13.221681368457414,13.089716034632659,12.676335141345815,0,cloudy
3775,train_14932.jpg,156.43356323242188,158.5997314453125,145.92919921875,13.99304829581599,12.6005103085272,12.005280594460013,0,cloudy
3776,train_27446.jpg,145.80662536621094,157.05484008789062,152.45838928222656,2.1280867232311946,1.6627181736290726,1.8033871785461115,0,cloudy
3777,train_40436.jpg,126.88740539550781,132.43113708496094,122.12821960449219,2.8257612824080587,2.4875643518895543,2.610157216517413,0,cloudy
3778,train_10201.jpg,121.11099243164062,103.60787963867188,78.45797729492188,1.349125337473228,1.1588948513686546,1.6895254657119456,0,cloudy
3779,train_1876.jpg,168.97494506835938,172.33123779296875,165.54513549804688,3.389501676594195,3.2115064932442245,3.413916100078993,0,cloudy
3780,train_26957.jpg,139.77459716796875,148.2036895751953,132.29147338867188,2.2072433158806466,1.8188028034977954,2.1672059304427287,0,cloudy
3781,train_18661.jpg,124.45381164550781,121.74087524414062,109.64790344238281,19.46487008477476,17.80475157995167,17.602936643582552,0,cloudy
3782,train_17552.jpg,169.13040161132812,173.64002990722656,161.88595581054688,3.778815048883615,3.402258415847791,3.465325135950735,0,cloudy
3783,train_39863.jpg,168.30584716796875,171.4173583984375,163.29539489746094,1.9530062439100766,1.872428302633691,2.0394383116473467,0,cloudy
3784,train_15351.jpg,146.85467529296875,154.44935607910156,141.03956604003906,1.2210760523489237,0.9936621118341903,1.453652065757248,0,cloudy
3785,train_39334.jpg,166.14169311523438,162.1048583984375,151.43118286132812,1.4502777766533392,1.458195397688397,1.6109369066012535,0,cloudy
3786,train_26572.jpg,123.73196411132812,129.5177459716797,118.75944519042969,2.344790399223378,1.9173017927476934,1.9870286046216794,0,cloudy
3787,train_34176.jpg,164.5745391845703,172.33685302734375,167.1333465576172,2.133412933752182,1.7781361238889237,1.7161632008917693,0,cloudy
3788,train_32513.jpg,149.35775756835938,142.98179626464844,130.71200561523438,0.9775152856143541,0.9112979271924126,1.3764884188237725,0,cloudy
3789,train_3278.jpg,211.29603576660156,213.56927490234375,200.2788848876953,2.8325824089005667,2.6768146155369332,2.8858063217481758,0,cloudy
3790,train_23436.jpg,132.09837341308594,139.70091247558594,134.43417358398438,34.85999936115438,32.72080486395058,31.66391408163072,529,cloudy
3791,train_22728.jpg,137.26951599121094,143.5631103515625,126.57620239257812,24.463034177799624,20.782160083303587,20.424414295124375,0,cloudy
3792,train_20895.jpg,129.0757598876953,115.79527282714844,101.00337219238281,2.1383243944227877,1.9697579866336736,2.2234773539115698,0,cloudy
3793,train_19027.jpg,118.19320678710938,115.38388061523438,106.23484802246094,2.341442925912459,1.5623258276066017,1.69140378755551,0,cloudy
3794,train_14265.jpg,191.00022888183594,196.22479248046875,188.00465393066406,2.5403692447676858,2.415877014445858,2.5661701415575626,0,cloudy
3795,train_38957.jpg,134.7342529296875,121.67012023925781,110.03726196289062,1.578868119743444,1.3422805456309197,2.308673084133565,0,cloudy
3796,train_37494.jpg,168.01783752441406,174.05471801757812,166.2066192626953,4.908675486394531,4.571203474165659,4.192254706040928,0,cloudy
3797,train_31783.jpg,120.58253479003906,127.03398132324219,121.81306457519531,56.35798575291368,54.005415655272685,52.23704271105666,304,cloudy
3798,train_1490.jpg,161.290283203125,161.45455932617188,142.54051208496094,6.397342383227077,5.666697498171845,6.101080377197058,0,cloudy
3799,train_2006.jpg,199.45333862304688,201.0719451904297,193.7227783203125,4.504391218044645,2.3378042369531764,1.7237473360653792,0,cloudy
3800,train_20077.jpg,187.8514404296875,190.724609375,182.8231658935547,1.438612129364988,1.5312487543840596,1.5851275137762577,0,cloudy
3801,train_6506.jpg,162.5370635986328,166.40914916992188,155.43295288085938,21.356743752994337,19.585951162582848,18.42703845936817,0,cloudy
3802,train_34770.jpg,155.39852905273438,160.22021484375,149.30723571777344,5.180148832621609,4.706530152552838,4.424122263301309,0,cloudy
3803,train_6274.jpg,146.3927001953125,152.4905548095703,145.4856719970703,8.320097440528132,7.626066693273325,8.104414037181616,0,cloudy
3804,train_38610.jpg,163.86245727539062,161.11463928222656,151.9063720703125,3.2045209179158363,3.1641968409767336,3.300648340111274,0,cloudy
3805,train_25127.jpg,160.89830017089844,165.46961975097656,159.2242889404297,4.949175849876714,4.614783494235932,4.7757994886071815,0,cloudy
3806,train_38823.jpg,153.84298706054688,154.6996307373047,134.6118621826172,4.7037484287102656,4.353350856754419,4.821369569726155,0,cloudy
3807,train_10177.jpg,176.99560546875,174.85923767089844,167.92124938964844,0.9946967407525988,1.1650613604192017,1.811036957083964,0,cloudy
3808,train_19621.jpg,158.86941528320312,161.13856506347656,153.9520263671875,11.693505658478303,11.31233455686774,11.9938536930969,0,cloudy
3809,train_33962.jpg,61.09574890136719,71.22561645507812,73.29736328125,5.733209626511121,5.339530890922896,4.6126328932476826,0,cloudy
3810,train_13442.jpg,136.21217346191406,122.47203063964844,107.26361083984375,1.4561708250971412,1.363190206501013,1.9588036943521159,0,cloudy
3811,train_15999.jpg,164.34503173828125,170.0673370361328,164.5552215576172,14.939785013316286,14.158688955045001,14.37204355275577,45,cloudy
3812,train_24013.jpg,221.3507843017578,207.26583862304688,219.1062469482422,22.566478539407488,15.609343014617268,23.353587154806046,291,cloudy
3813,train_2562.jpg,134.55508422851562,120.509765625,104.82485961914062,1.4313256172830533,1.3297998974785583,1.9472479496615687,0,cloudy
3814,train_19392.jpg,182.35853576660156,180.98326110839844,164.49583435058594,14.77749010978819,14.257163211583661,14.720459850621896,0,cloudy
3815,train_29245.jpg,168.7627410888672,167.8127899169922,148.12197875976562,23.292005387509754,22.327138889111776,24.13637228096408,0,cloudy
3816,train_39056.jpg,153.82958984375,138.82968139648438,122.62916564941406,8.903493662170975,7.042301323482144,6.066991798016455,0,cloudy
3817,train_19386.jpg,141.43289184570312,146.34397888183594,132.20045471191406,23.420248487585187,21.052338793824873,21.25797099842774,0,cloudy
3818,train_29523.jpg,82.18501281738281,92.15080261230469,92.67570495605469,1.761877762663499,1.482423767819283,1.8537399735430993,0,cloudy
3819,train_24991.jpg,136.25657653808594,142.66297912597656,134.12306213378906,10.374029764433203,9.465851470126495,9.905099702698957,0,cloudy
3820,train_3126.jpg,130.5943145751953,136.35227966308594,129.0580291748047,4.172487668632479,3.6390737361504675,3.3459814651993254,0,cloudy
3821,train_5557.jpg,231.98670959472656,211.09689331054688,219.9998321533203,11.145028538935302,8.245906602675241,21.34386974586997,854,cloudy
3822,train_27254.jpg,114.22003173828125,123.65478515625,112.108642578125,14.275158082495713,12.885628683349923,11.934337554077791,0,cloudy
3823,train_5543.jpg,209.51327514648438,214.25970458984375,207.49610900878906,5.579285334584042,4.84692409213517,4.928348619374815,0,cloudy
3824,train_28832.jpg,146.65199279785156,157.27923583984375,151.42398071289062,1.8879193568569088,1.4779878213448279,1.492940295588041,0,cloudy
3825,train_1916.jpg,162.65721130371094,167.4855499267578,158.65541076660156,32.54958803632545,31.26998538566339,31.126543033781612,79,cloudy
3826,train_12204.jpg,187.95504760742188,178.3568572998047,165.93649291992188,9.472133176804487,8.864985597283114,7.7961662099673195,0,cloudy
3827,train_29292.jpg,123.62690734863281,128.77880859375,120.08383178710938,2.1603593639724883,1.7013304468960526,1.7752925498970722,0,cloudy
3828,train_14107.jpg,139.0666046142578,122.43858337402344,105.13444519042969,1.7713810990893886,1.796071483389311,2.0436908806311713,0,cloudy
3829,train_33590.jpg,150.15408325195312,147.67831420898438,137.81973266601562,1.78115605615831,1.7474181400441986,1.870201875596767,0,cloudy
3830,train_31387.jpg,147.47042846679688,155.1210479736328,142.127197265625,2.641805539920026,2.361820721292093,2.886783986264282,0,cloudy
3831,train_18073.jpg,130.7179412841797,139.77293395996094,126.3544921875,2.0938853465977987,1.6496035487210756,1.9401382204348456,0,cloudy
3832,train_13124.jpg,163.16639709472656,166.23422241210938,151.95944213867188,20.078053729689444,18.726008693269787,19.4194841984666,235,cloudy
3833,train_15233.jpg,179.915771484375,186.89625549316406,178.54119873046875,1.7916408932480679,1.5327820435801303,1.5906965782514553,0,cloudy
3834,train_32698.jpg,90.29945373535156,98.0845947265625,88.480712890625,24.153200172213552,22.628404563677755,22.522166415737924,64,cloudy
3835,train_13130.jpg,144.92987060546875,155.7935028076172,150.52249145507812,2.7137663253869024,2.2281397699297734,2.096622503351007,0,cloudy
3836,train_8930.jpg,138.86431884765625,122.99685668945312,107.16580200195312,2.4898583453636065,2.3690475638604602,2.3756693503440163,0,cloudy
3837,train_19347.jpg,174.98202514648438,183.72250366210938,179.54417419433594,2.002984016672959,1.6927699630167317,1.5597246626784071,0,cloudy
3838,train_352.jpg,232.0850830078125,224.61875915527344,230.09405517578125,38.79827149801063,33.234143070760894,42.381751542721624,22,cloudy
3839,train_16935.jpg,177.03598022460938,176.4051971435547,161.45095825195312,37.393771488006735,34.7657625940599,34.161926720267594,0,cloudy
3840,train_18918.jpg,176.75794982910156,182.1534881591797,177.4506072998047,36.5981874940886,33.43758785916073,32.48600212089305,0,cloudy
3841,train_25327.jpg,215.27001953125,204.81797790527344,208.35098266601562,26.77794684267249,19.764749416451433,31.3600432342884,79,cloudy
3842,train_5541.jpg,116.66703796386719,120.2452392578125,109.7154541015625,2.93588780197994,2.813331351328008,2.8355118376904014,0,cloudy
3843,train_23018.jpg,161.47564697265625,165.06959533691406,157.66961669921875,6.452345987814467,6.425164502683239,6.548539537020774,0,cloudy
3844,train_24777.jpg,174.54803466796875,181.22727966308594,172.82711791992188,3.156053682751215,2.7487614548742183,2.7374961150195696,0,cloudy
3845,train_30702.jpg,164.29824829101562,165.09991455078125,153.53775024414062,11.72909988195559,11.10763721431727,11.700463992248816,0,cloudy
3846,train_34216.jpg,161.94273376464844,168.97946166992188,162.87069702148438,15.64477853650279,14.491037877354923,14.745714650838925,0,cloudy
3847,train_39054.jpg,134.06964111328125,148.76260375976562,147.9095001220703,2.7734709448879795,2.194855759365398,2.2608322326964907,0,cloudy
3848,train_12038.jpg,228.4566650390625,224.14590454101562,216.50262451171875,11.241060174589347,11.234132459989196,12.235432303715845,0,cloudy
3849,train_5780.jpg,156.3079071044922,152.37734985351562,142.2218475341797,4.811148702042715,4.896848791227424,4.872557291132394,0,cloudy
3850,train_7801.jpg,145.3319854736328,156.5030517578125,150.3651123046875,1.9221607703656671,1.514564452803554,1.587301180058713,0,cloudy
3851,train_11294.jpg,164.77227783203125,168.2792510986328,160.61508178710938,2.620291636201372,2.5640847140046006,2.72537596507816,0,cloudy
3852,train_38606.jpg,161.6377716064453,165.7532196044922,159.1094970703125,1.6225100184122447,1.4743277393689285,1.6425688309015332,0,cloudy
3853,train_9179.jpg,149.22998046875,138.6100311279297,117.44224548339844,2.474317959530041,3.1227495938493885,4.179350525176908,0,cloudy
3854,train_13497.jpg,195.72735595703125,198.52674865722656,190.33969116210938,5.891633073661477,5.930653831633128,5.78364313241531,0,cloudy
3855,train_5025.jpg,150.5034637451172,154.4824981689453,135.5773468017578,11.4373567257304,10.97099775911202,12.263875726839032,0,cloudy
3856,train_6262.jpg,194.63758850097656,193.51243591308594,178.8541717529297,32.67396755195242,30.863079748130644,31.31256708242398,0,cloudy
3857,train_22110.jpg,151.70472717285156,146.20425415039062,121.86421203613281,0.9246942418692822,0.7272956434529936,1.282170394628183,0,cloudy
3858,train_34772.jpg,92.199462890625,99.84210205078125,92.30207824707031,16.28504176109881,14.531160781827445,14.198228858281555,0,cloudy
3859,train_39256.jpg,212.1300048828125,210.33457946777344,199.11138916015625,14.111926138063083,13.61140459402068,13.97546790969245,0,cloudy
3860,train_36603.jpg,118.60214233398438,123.48106384277344,114.69915771484375,2.922152443421219,2.7358380578866033,2.848951591280899,0,cloudy
3861,train_7791.jpg,171.10670471191406,177.45504760742188,165.6750030517578,1.4405369475403171,1.0809912240819197,1.2817315810800451,0,cloudy
3862,train_1486.jpg,158.12042236328125,154.80126953125,146.3714141845703,3.8376786612685714,3.7803938660967136,3.7359241183605976,0,cloudy
3863,train_1492.jpg,135.72113037109375,140.56539916992188,123.07635498046875,22.720645076386035,20.520098142615154,21.02664453184388,0,cloudy
3864,train_18475.jpg,139.00779724121094,142.5509033203125,138.33294677734375,7.9958495012709445,7.358995754853369,6.903358483920628,0,cloudy
3865,train_29680.jpg,90.40193176269531,98.85002136230469,100.84820556640625,2.3610420546281206,1.9010032011888804,1.8936892014601625,0,cloudy
3866,train_31030.jpg,115.89395141601562,124.06130981445312,120.55134582519531,3.3391811347933658,2.875142386625482,2.9859524762158203,0,cloudy
3867,train_23434.jpg,137.12168884277344,143.69732666015625,135.58990478515625,3.5028642792081275,3.114734534819092,3.378723985794657,0,cloudy
3868,train_31756.jpg,158.3345489501953,168.11830139160156,162.6049346923828,1.774203158760582,1.3617963422683461,1.5269608901160172,0,cloudy
3869,train_11486.jpg,159.39633178710938,156.30821228027344,146.80758666992188,3.02991996775675,2.9960897269946223,3.1610268711194935,0,cloudy
3870,train_11492.jpg,244.4024200439453,233.84202575683594,232.60704040527344,9.161249748315155,7.341658915907233,12.971301231290903,0,cloudy
3871,train_27120.jpg,143.88536071777344,138.95750427246094,130.97378540039062,2.0064810269069993,2.0340599906979424,1.982316858817403,0,cloudy
3872,train_28575.jpg,158.05615234375,154.24913024902344,143.5079345703125,2.2951117254417337,2.2613424315336084,2.3827224433015077,0,cloudy
3873,train_26216.jpg,180.199462890625,183.38525390625,175.83111572265625,1.9344127885519986,1.905493852075425,2.0201348107491377,0,cloudy
3874,train_1479.jpg,215.05490112304688,217.24557495117188,205.46633911132812,4.943418355410562,3.3965191171666924,3.063346264013537,0,cloudy
3875,train_2164.jpg,211.12356567382812,203.72547912597656,203.427490234375,26.8261380639955,21.020036891304347,30.238875793872502,22,cloudy
3876,train_26564.jpg,176.9796600341797,178.17034912109375,161.90933227539062,1.7911759437242245,1.4952328137039268,1.6496924483857691,0,cloudy
3877,train_17222.jpg,99.44627380371094,108.3748779296875,93.1925048828125,16.808575516918193,15.111052331753386,14.39376713032848,0,cloudy
3878,train_14.jpg,126.82987976074219,136.57322692871094,121.19541931152344,2.6954153327657924,2.3361223013265624,2.5919676460240137,0,cloudy
3879,train_18887.jpg,137.69252014160156,124.77682495117188,115.88580322265625,1.710781302504674,1.3785235489190288,2.11268313840716,0,cloudy
3880,train_23805.jpg,145.36199951171875,141.09939575195312,133.60467529296875,1.6062617965276198,1.5617993354401112,1.8987426110359933,0,cloudy
3881,train_13078.jpg,203.9633026123047,191.6713104248047,176.3578643798828,24.37407122841864,22.38058136031016,31.405812731792185,0,cloudy
3882,train_23636.jpg,199.51170349121094,204.9127960205078,197.65333557128906,6.18132067870459,5.551377229365569,5.619185268825896,0,cloudy
3883,train_33425.jpg,137.0380096435547,142.5106964111328,128.08433532714844,13.180280438959333,11.934386162965772,11.084155511238613,0,cloudy
3884,train_4717.jpg,146.73971557617188,157.76611328125,153.46356201171875,1.9422512477373932,1.4863626924723348,1.4771565133075406,0,cloudy
3885,train_3078.jpg,183.34129333496094,186.86859130859375,179.09486389160156,12.671178558125288,12.68550841888754,12.874301472907662,0,cloudy
3886,train_2366.jpg,176.2841033935547,178.74484252929688,165.3217315673828,2.063148272421852,1.8641992660189612,1.8798735892701233,0,cloudy
3887,train_26015.jpg,163.5892333984375,174.35397338867188,172.36685180664062,5.588144454604334,4.799823702641616,4.046528378738158,0,cloudy
3888,train_24164.jpg,136.6125030517578,141.9231414794922,134.1712188720703,3.42531245678791,2.9294267166021646,2.856865128167986,0,cloudy
3889,train_39653.jpg,164.00595092773438,156.5436553955078,141.2096710205078,7.06898908446624,6.654816066012545,7.188232289575887,0,cloudy
3890,train_38217.jpg,187.57986450195312,194.83522033691406,189.17373657226562,1.7400490887471118,1.5285348637258727,1.6001224251076513,0,cloudy
3891,train_28762.jpg,152.44259643554688,140.07737731933594,126.02677917480469,12.44554425383428,12.647311067100052,12.798166288246808,0,cloudy
3892,train_15408.jpg,153.91619873046875,159.66629028320312,152.3582763671875,3.211397861395887,3.037389502991689,3.294179490171252,0,cloudy
3893,train_39690.jpg,164.9727783203125,167.03956604003906,153.9820098876953,3.224186276290111,3.0029140440603173,3.011203926231409,0,cloudy
3894,train_5391.jpg,141.4265899658203,149.8814697265625,143.44125366210938,3.474272473315077,2.9812167742615108,2.820555484790973,0,cloudy
3895,train_1849.jpg,100.693115234375,108.06803894042969,99.37019348144531,12.990759240586259,11.107178282483552,9.310223590486434,0,cloudy
3896,train_17237.jpg,167.50108337402344,164.376953125,155.01339721679688,2.0146403355858524,1.9235009239517822,2.2172648433770483,0,cloudy
3897,train_582.jpg,166.2476806640625,169.62298583984375,162.45880126953125,3.0294414291472833,2.860966765073334,2.9976053558942493,0,cloudy
3898,train_34175.jpg,134.27581787109375,121.13424682617188,107.23155212402344,4.890687892969499,4.716357941571245,4.755071557113972,0,cloudy
3899,train_36004.jpg,163.92051696777344,163.3953094482422,146.7290802001953,4.405957320879128,3.6674377239000453,3.1917070193589745,0,cloudy
3900,train_35525.jpg,129.28195190429688,134.64962768554688,120.51695251464844,14.163464641913215,12.86786505817213,11.857306646664256,0,cloudy
3901,train_1450.jpg,125.60557556152344,141.85675048828125,140.1472625732422,3.259576679407007,2.485189201732529,2.257027629399705,0,cloudy
3902,train_5150.jpg,118.46714782714844,106.08421325683594,89.95010375976562,5.4022509217777275,3.4697357196603815,2.717326425785642,48,cloudy
3903,train_1336.jpg,147.86044311523438,153.17823791503906,139.8518829345703,2.7237337939327677,2.2828447273858696,2.4873742081036854,0,cloudy
3904,train_743.jpg,159.0328826904297,159.9041290283203,146.3076171875,1.822348888614408,1.614848865180618,1.819165568378354,0,cloudy
3905,train_33140.jpg,158.03309631347656,155.02532958984375,145.0357208251953,1.9561430357765441,1.9094249977505262,2.0749850630559195,0,cloudy
3906,train_19756.jpg,137.19496154785156,142.80670166015625,133.54257202148438,5.4265475075138365,4.82530082852852,4.892966355074699,0,cloudy
3907,train_970.jpg,152.54132080078125,162.8977813720703,157.42276000976562,2.929620059826602,2.330281082067163,2.278415576359171,0,cloudy
3908,train_39492.jpg,141.56736755371094,147.4718475341797,140.08277893066406,2.1210850175722573,1.8558760190387815,1.9818586572975636,0,cloudy
3909,train_17009.jpg,192.03134155273438,197.21786499023438,188.96165466308594,2.614293013603955,2.3857094443920506,2.424402153548197,0,cloudy
3910,train_36945.jpg,175.83206176757812,181.924560546875,175.0143280029297,3.37928708071971,2.8997139292237217,2.8998205353164503,0,cloudy
3911,train_15622.jpg,150.19570922851562,154.25186157226562,145.59996032714844,11.841281173979157,11.26306531150852,11.402430840639838,0,cloudy
3912,train_20841.jpg,210.21507263183594,207.95046997070312,198.18423461914062,23.339960300197447,22.068208287939232,22.034362158015348,0,cloudy
3913,train_179.jpg,148.36337280273438,158.772216796875,153.3577880859375,3.895110366444042,3.3232883088091927,3.1680448149028853,0,cloudy
3914,train_26411.jpg,190.4566650390625,182.751220703125,169.37002563476562,4.418807821084345,2.748534494827904,2.191489381071848,0,cloudy
3915,train_24212.jpg,190.5146484375,187.29498291015625,177.0272216796875,1.188758183560447,1.4216785491695634,1.681165032030055,0,cloudy
3916,train_15781.jpg,123.72221374511719,132.4585723876953,116.69187927246094,1.89184289458959,1.5627222695061997,1.8950068593922322,0,cloudy
3917,train_1256.jpg,159.8892364501953,163.42904663085938,155.63282775878906,1.6955778494813654,1.6109105369571177,1.8105194187834468,0,cloudy
3918,train_3327.jpg,150.99635314941406,158.68702697753906,145.51791381835938,4.861396987513709,4.465207037550244,4.717383534908338,0,cloudy
3919,train_17182.jpg,127.44529724121094,132.08839416503906,124.40573120117188,2.6905185248200048,2.6341652351808693,2.601473368408036,0,cloudy
3920,train_4448.jpg,167.77806091308594,173.0037841796875,166.37075805664062,3.206302958520442,3.0662073520372393,3.17442679627684,0,cloudy
3921,train_40025.jpg,196.426025390625,196.90689086914062,184.54135131835938,7.158114790013609,6.827009625456722,7.266546835345301,0,cloudy
3922,train_15742.jpg,176.98777770996094,179.45254516601562,167.6351318359375,1.646284926131869,1.4919544129671458,1.4354991619459103,0,cloudy
3923,train_38808.jpg,43.08660888671875,58.47319030761719,63.56486511230469,2.318906112997589,1.7852583710297618,1.698460940965953,0,cloudy
3924,train_17141.jpg,108.12008666992188,116.00411987304688,107.11749267578125,22.883390934399362,19.497689481987887,16.97974099939939,0,cloudy
3925,train_9346.jpg,240.17477416992188,236.39450073242188,229.6072235107422,12.709925566099045,11.64564867614227,14.69630021247356,0,cloudy
3926,train_3119.jpg,160.0092010498047,163.2776641845703,148.98941040039062,3.3961815693238937,2.7452082966175517,2.613864059456347,0,cloudy
3927,train_7419.jpg,119.33642578125,108.07217407226562,85.00074768066406,1.8369448880778452,1.7366109278191018,2.2585860596455447,0,cloudy
3928,train_32882.jpg,126.67213439941406,133.2168426513672,129.515869140625,29.31910931071967,27.58052548231739,26.50748251482761,0,cloudy
3929,train_21140.jpg,170.9376983642578,175.8650665283203,169.3968505859375,20.626801613438015,20.3089719679923,20.883878073102387,0,cloudy
3930,train_3657.jpg,143.7628631591797,151.65945434570312,135.89666748046875,2.191464238442918,1.8511574174803822,2.177727305824199,0,cloudy
3931,train_8064.jpg,169.48365783691406,174.70753479003906,164.48789978027344,2.5856852263869383,2.052195640683946,1.7462222256187983,0,cloudy
3932,train_3125.jpg,138.3986053466797,150.38351440429688,144.75820922851562,1.883080863462999,1.4584535040829423,1.4978346565532077,0,cloudy
3933,train_10389.jpg,149.65306091308594,144.0552215576172,119.09651184082031,0.8984939348854416,0.6114891359324335,1.269348319794172,0,cloudy
3934,train_38405.jpg,153.0659637451172,132.29978942871094,116.20596313476562,1.1871262693779892,1.2539186446410637,2.3798839252502195,0,cloudy
3935,train_19420.jpg,164.44070434570312,167.76893615722656,159.45335388183594,2.3011346326643145,2.2273025093902734,2.3788947134392,0,cloudy
3936,train_28831.jpg,164.68228149414062,170.80099487304688,161.95867919921875,29.784762667807126,27.18511309091958,27.010557047300697,0,cloudy
3937,train_32869.jpg,163.7642364501953,160.77334594726562,151.19076538085938,3.028601597031942,3.0120740931661745,3.202193679414348,0,cloudy
3938,train_24945.jpg,91.53285217285156,104.04888916015625,97.24568176269531,22.602957010262745,20.216518785950154,19.731629639249324,41,cloudy
3939,train_17357.jpg,114.30335998535156,121.47171020507812,105.64622497558594,12.76211983087786,11.576697332272714,11.42427990006506,0,cloudy
3940,train_31384.jpg,150.870361328125,155.06488037109375,148.28109741210938,4.543206527666967,4.297613801297528,4.567098936104958,0,cloudy
3941,train_14100.jpg,144.11346435546875,138.61337280273438,117.99357604980469,1.3624375022216382,1.320506874073419,1.7576662070937135,0,cloudy
3942,train_11050.jpg,164.04006958007812,168.17710876464844,157.6276397705078,2.6597138986181132,2.3518522018677146,2.3928779892436194,0,cloudy
3943,train_3684.jpg,170.3767547607422,167.5282745361328,148.74969482421875,19.482778348165198,18.564011476074064,17.7090497492695,0,cloudy
3944,train_33597.jpg,187.88890075683594,190.97482299804688,179.1692657470703,6.194957930440382,5.78497617717876,5.7343102525664795,0,cloudy
3945,train_13647.jpg,129.01634216308594,135.2565460205078,122.49502563476562,16.98606817684747,14.749392579975245,13.284427686462914,0,cloudy
3946,train_16059.jpg,171.1125946044922,168.03863525390625,159.4655303955078,2.3084852330587227,2.2412215346873285,2.2429636245324014,0,cloudy
3947,train_14869.jpg,158.36924743652344,158.76641845703125,145.17335510253906,2.2329389960572272,1.83227832547435,2.034760760667021,0,cloudy
3948,train_29242.jpg,163.6151123046875,168.23638916015625,156.0117950439453,1.997746505607983,1.7043692556168317,1.6632089691859275,0,cloudy
3949,train_26159.jpg,160.51089477539062,165.8650665283203,153.0325164794922,1.8446114129557716,1.4991746962058505,1.5118636244685304,0,cloudy
3950,train_1722.jpg,230.38404846191406,227.4683074951172,218.39833068847656,19.865009559558796,18.82472016618399,20.01820634997639,0,cloudy
3951,train_343.jpg,161.3195343017578,158.58963012695312,149.33213806152344,3.6117662199346574,3.527786068600407,3.7515893255082093,0,cloudy
3952,train_5949.jpg,174.216796875,171.2039794921875,154.52467346191406,6.6731690485215855,5.860819095675593,6.457734363908787,0,cloudy
3953,train_21385.jpg,214.28591918945312,211.8665008544922,202.6256561279297,16.124871516333837,15.304327087851258,15.321215443509042,0,cloudy
3954,train_7192.jpg,184.05332946777344,184.98741149902344,172.30580139160156,5.763476444699777,5.428108772406173,5.38924126589082,0,cloudy
3955,train_29732.jpg,179.12440490722656,181.1946258544922,168.80215454101562,5.048710976625941,4.665754487947501,4.801699299074679,0,cloudy
3956,train_1520.jpg,136.84661865234375,139.2100067138672,130.05992126464844,21.623943752250014,20.290839065641123,18.88543117427643,0,cloudy
3957,train_38788.jpg,173.92855834960938,180.49803161621094,172.04562377929688,2.5764658196619528,2.235910154985746,2.20549789412664,0,cloudy
3958,train_1483.jpg,74.81283569335938,77.58050537109375,68.47846984863281,2.960376355279487,2.197539926149678,2.150686397391739,0,cloudy
3959,train_11326.jpg,189.79946899414062,186.6455841064453,171.6656036376953,7.539109679986153,7.021078778315331,7.8048152670739634,0,cloudy
3960,train_29861.jpg,150.35772705078125,161.02154541015625,156.52383422851562,2.033785403164189,1.5884542544083773,1.6796364951152198,0,cloudy
3961,train_790.jpg,244.54635620117188,235.42234802246094,235.69772338867188,10.113798878896553,9.01364697237749,17.5758487676963,0,cloudy
3962,train_8458.jpg,169.3596649169922,172.94801330566406,165.98703002929688,3.1649915163949793,3.0348316703568723,3.131928295198696,0,cloudy
3963,train_19785.jpg,173.75331115722656,180.17955017089844,172.2424774169922,2.286850939040445,1.9457369373310474,2.0185971280408417,0,cloudy
3964,train_9752.jpg,147.22628784179688,141.2565155029297,117.98043823242188,1.5467179100028752,1.6077468150087537,1.9180798156088537,0,cloudy
3965,train_17794.jpg,184.529052734375,182.3020477294922,172.29830932617188,6.9159918340033,4.450341724081512,3.7602724956087132,0,cloudy
3966,train_7743.jpg,135.374755859375,145.45263671875,143.4862518310547,2.0001525671702782,1.7438201097183113,2.1824985125726664,0,cloudy
3967,train_9587.jpg,108.8226318359375,112.67933654785156,103.844970703125,29.510454884952196,25.695420060474692,21.69834040693337,178,cloudy
3968,train_14060.jpg,133.505126953125,133.84539794921875,112.84764099121094,16.76217813424602,15.558983375671106,15.512302411709348,0,cloudy
3969,train_17569.jpg,117.57293701171875,123.13279724121094,105.38058471679688,17.3814252260174,15.79915409267515,15.822908475280094,0,cloudy
3970,train_11118.jpg,163.72084045410156,169.45526123046875,163.44578552246094,15.80413803579237,14.819247265193802,15.129841369060191,98,cloudy
3971,train_13069.jpg,93.55296325683594,103.44094848632812,87.20620727539062,19.301543813256647,17.136938890590315,16.437870066087516,0,cloudy
3972,train_6850.jpg,145.0546112060547,151.47589111328125,144.3280487060547,3.84578901887463,3.4772293688865,3.575745235995555,0,cloudy
3973,train_3096.jpg,136.73316955566406,142.10986328125,134.81201171875,1.660495994739463,1.4106646437645478,1.6981632155076543,0,cloudy
3974,train_18672.jpg,197.04278564453125,190.9722137451172,166.97512817382812,13.200626167156932,12.834486186182032,14.300800700638138,0,cloudy
3975,train_16887.jpg,165.32025146484375,162.3844757080078,152.79473876953125,4.130874727098872,4.132061762776206,4.322203096177944,0,cloudy
3976,train_36564.jpg,135.38836669921875,142.123291015625,138.48545837402344,2.409428991431462,2.0939169148199936,2.7612522309471896,0,cloudy
3977,train_11871.jpg,156.10653686523438,154.55661010742188,134.754638671875,32.98444165219844,31.8364939503952,33.300316068470984,0,cloudy
3978,train_22263.jpg,169.3153076171875,164.55091857910156,153.91180419921875,25.60868576145229,25.10241354617568,24.58333388694093,0,cloudy
3979,train_6105.jpg,162.23802185058594,158.4264678955078,147.39208984375,3.729108671309098,3.6697459934663157,3.8948679083093563,0,cloudy
3980,train_6893.jpg,167.2745819091797,163.27276611328125,156.79872131347656,2.2878686444660508,2.26093275202165,2.510257073862125,0,cloudy
3981,train_16844.jpg,179.0065155029297,183.80902099609375,175.1375732421875,28.10018768190317,24.52990880924731,22.901997508138884,0,cloudy
3982,train_30882.jpg,123.66822814941406,111.770751953125,87.96377563476562,1.8007739825500297,1.6865402424057356,2.1760442339837653,0,cloudy
3983,train_36559.jpg,189.90335083007812,189.07200622558594,178.23806762695312,3.533254029306365,3.2133297871912094,3.519693108281073,0,cloudy
3984,train_8101.jpg,164.00347900390625,167.66226196289062,160.19711303710938,3.470705228234954,3.391364105895776,3.5205514393244766,0,cloudy
3985,train_32717.jpg,153.4130859375,160.7146453857422,148.7319793701172,4.062595659743641,3.697154880965678,3.9249692444510833,0,cloudy
3986,train_7597.jpg,140.87249755859375,132.73089599609375,119.14897155761719,2.0575616690555587,1.794385511312055,2.3005676586811235,0,cloudy
3987,train_16892.jpg,220.21307373046875,220.83975219726562,206.719482421875,16.381485512704952,15.500370674660495,16.4676348672414,0,cloudy
3988,train_8840.jpg,161.80502319335938,164.53709411621094,152.03623962402344,3.733395420939359,3.3133516745904408,3.5237599693348267,0,cloudy
3989,train_10788.jpg,150.7607879638672,158.31158447265625,148.0529327392578,3.611033660988586,3.2296856221561296,3.558603132550394,0,cloudy
3990,train_21555.jpg,129.0217742919922,134.22850036621094,124.55902099609375,1.878122108029501,1.4333500251353575,1.5562065972074455,0,cloudy
3991,train_29109.jpg,153.05154418945312,157.12200927734375,147.29502868652344,16.452600023772437,15.675938654545883,15.94363996902287,0,cloudy
3992,train_25041.jpg,178.4943389892578,181.3987274169922,173.94454956054688,8.524056802307983,8.420800399129396,8.30495253015099,0,cloudy
3993,train_37445.jpg,149.3844757080078,151.9776153564453,137.4953155517578,23.13986977239224,22.142392721796973,23.74345373966444,0,cloudy
3994,train_23418.jpg,194.0283203125,203.0224609375,198.18641662597656,4.08894532108295,3.8932301328864116,3.8292280539320784,0,cloudy
3995,train_29653.jpg,136.81622314453125,144.5626220703125,137.99867248535156,29.018231834516882,27.115330813881503,26.840459409243135,93,cloudy
3996,train_21569.jpg,121.86032104492188,128.55368041992188,119.38780212402344,2.1437355467024806,1.7072732607101189,1.7281128548130467,0,cloudy
3997,train_6306.jpg,119.79460144042969,120.51585388183594,106.84971618652344,16.786095800911852,14.940002246032696,13.812278423880883,0,cloudy
3998,train_9021.jpg,157.88650512695312,165.4550018310547,154.24444580078125,5.495845023043108,4.652701727804671,4.904399124456001,0,cloudy
3999,train_35508.jpg,141.51097106933594,135.18605041503906,113.48060607910156,1.3381635317070746,1.193220233356087,1.5802186294458784,0,cloudy
4000,train_4263.jpg,126.56585693359375,141.73277282714844,137.59225463867188,4.719823064356214,3.9383506229512752,3.9142305751840962,0,cloudy
4001,train_7959.jpg,158.4795684814453,167.34429931640625,156.81614685058594,2.1249520408932585,1.7406068985424132,1.7312654830414782,0,cloudy
4002,train_38979.jpg,68.51881408691406,76.11227416992188,82.10194396972656,51.770692501499546,43.107662864457964,36.04820286187081,1161,cloudy
4003,train_20688.jpg,164.3773193359375,166.47964477539062,154.01547241210938,2.8369532859835185,2.3740066736038203,2.517463150055109,0,cloudy
4004,train_23395.jpg,224.6685333251953,224.53662109375,213.14772033691406,3.7209908013443456,2.7780060012098926,2.7165909379463646,0,cloudy
4005,train_34831.jpg,205.17405700683594,199.97314453125,180.48886108398438,29.139448266005974,28.444353552131254,31.47898329991655,0,cloudy
4006,train_40168.jpg,163.8986358642578,146.82943725585938,133.2606658935547,12.36493289597425,9.790773438904193,7.659679203079315,0,cloudy
4007,train_7971.jpg,159.42337036132812,155.80616760253906,145.5858154296875,16.883261308762634,16.337167029074358,16.54597005224656,0,cloudy
4008,train_5021.jpg,207.5352783203125,211.91766357421875,204.36386108398438,5.965953150406924,5.816079249966924,6.007735502939561,0,cloudy
4009,train_7150.jpg,136.63726806640625,141.94985961914062,131.1431884765625,2.09733665684931,1.698447376587041,1.7989641359747728,0,cloudy
4010,train_25647.jpg,147.66448974609375,155.8644256591797,144.68482971191406,3.0648826841448007,2.1132069576742123,1.7703595506368939,0,cloudy
4011,train_23222.jpg,171.46310424804688,178.58065795898438,171.55023193359375,4.985015978806544,4.406464080204994,4.4237356614140255,0,cloudy
4012,train_4303.jpg,171.84693908691406,176.224853515625,168.2962188720703,3.6873834023476237,3.752925613722723,3.4179006757428536,0,cloudy
4013,train_20703.jpg,166.4902801513672,163.1360321044922,142.8929443359375,3.87285295321147,3.9213230161785306,4.465875553112277,0,cloudy
4014,train_15974.jpg,192.35255432128906,194.9874267578125,182.8485870361328,1.64339067672928,1.439577089559298,1.5539341824783044,0,cloudy
4015,train_168.jpg,145.3141632080078,139.49818420410156,130.8390655517578,20.751345926304353,20.489030753658643,20.050400980366607,0,cloudy
4016,train_30262.jpg,191.2079315185547,187.7321014404297,172.789794921875,5.005166271998299,5.169374727536611,4.745542687343154,0,cloudy
4017,train_39520.jpg,186.2057647705078,177.80250549316406,164.31068420410156,29.74930097565121,33.10020695384763,36.4711041256054,0,cloudy
4018,train_29733.jpg,169.75311279296875,175.79367065429688,163.87266540527344,5.707267017116035,4.3406365559520586,3.734363544387435,0,cloudy
4019,train_25109.jpg,107.51202392578125,126.19810485839844,118.78587341308594,5.687393388888659,5.258951464419309,5.231275553914884,0,cloudy
4020,train_31197.jpg,177.57359313964844,178.6715087890625,165.81497192382812,17.426863539355782,16.214946906860522,15.596364556041078,0,cloudy
4021,train_40008.jpg,124.50631713867188,134.37269592285156,129.2118377685547,27.268566668605178,24.867613312606032,24.895566190515474,57,cloudy
4022,train_15747.jpg,132.9011688232422,121.08149719238281,113.57896423339844,2.8621615692856994,2.3040972612021027,2.2777536351633922,0,cloudy
4023,train_34951.jpg,169.3851318359375,169.4702606201172,157.29736328125,21.191045601935794,19.94855368893248,19.79873515409535,0,cloudy
4024,train_34789.jpg,184.9298095703125,186.51092529296875,173.8815460205078,5.170238960725332,4.833842213014125,5.102575514608434,0,cloudy
4025,train_37294.jpg,180.30462646484375,186.09678649902344,180.25294494628906,2.8278563981775444,2.537496762538989,2.4274065220895245,0,cloudy
4026,train_17622.jpg,144.98614501953125,146.9305419921875,137.38192749023438,9.782113751422349,9.683566038392899,10.103713544449734,0,cloudy
4027,train_32139.jpg,134.34523010253906,121.25813293457031,108.71617126464844,4.103322109404456,3.470131352262808,3.115448052266567,0,cloudy
4028,train_21151.jpg,177.4304962158203,176.80465698242188,165.31564331054688,6.584386645350429,6.143245031226298,5.966252599560046,0,cloudy
4029,train_38400.jpg,138.31222534179688,147.24586486816406,134.50234985351562,1.931391758551932,1.5746373289044149,1.7298894969181788,0,cloudy
4030,train_25337.jpg,126.55476379394531,130.42758178710938,119.28923034667969,21.33826004497989,19.029617636708224,17.648948745663787,0,cloudy
4031,train_11904.jpg,189.43807983398438,181.4276885986328,170.8267822265625,44.03940668244599,34.291305097498814,45.31287776510027,227,cloudy
4032,train_36363.jpg,178.86737060546875,179.00918579101562,169.29515075683594,18.129903694693542,17.436850026981105,17.07410386730617,0,cloudy
4033,train_24001.jpg,109.11775207519531,116.74777221679688,105.71528625488281,24.936962244565258,21.6052030847857,18.90059983294857,0,cloudy
4034,train_3849.jpg,160.67758178710938,170.18719482421875,164.78005981445312,2.557807319386234,2.054202852094052,1.917669521295733,0,cloudy
4035,train_1086.jpg,162.84719848632812,165.05282592773438,149.0311279296875,4.159842354725667,3.9233864676429726,4.579958602224164,0,cloudy
4036,train_1092.jpg,129.57704162597656,132.9361114501953,123.27099609375,3.7573313280785654,3.592343259492913,3.8325013038647966,0,cloudy
4037,train_28808.jpg,140.03817749023438,152.25164794921875,147.75645446777344,2.0178588030784708,1.4928715608363625,1.5916411913904835,0,cloudy
4038,train_36388.jpg,166.62828063964844,172.6607208251953,164.35704040527344,2.5223716567462877,2.180062438169441,2.1458244462853004,0,cloudy
4039,train_40236.jpg,176.8888702392578,173.6487274169922,164.42660522460938,2.0230666058504037,2.0140359601541893,2.1494208372166175,0,cloudy
4040,train_21804.jpg,154.88705444335938,156.14144897460938,142.41424560546875,2.0025541284977204,1.7544445513254918,1.7766527687681979,0,cloudy
4041,train_14667.jpg,55.679046630859375,62.02638244628906,68.74057006835938,1.478168907670198,1.0055038415226802,1.482447207778473,0,cloudy
4042,train_37900.jpg,114.51341247558594,102.66767883300781,90.598388671875,1.6127950729387575,1.3387635570538634,1.726304375871452,0,cloudy
4043,train_21806.jpg,170.94912719726562,172.0615692138672,156.3778839111328,3.018205436604892,2.858597294933144,3.0858452936699177,0,cloudy
4044,train_21812.jpg,220.6107177734375,219.90823364257812,206.517333984375,5.700492532211694,4.308723219394423,4.110318608603922,0,cloudy
4045,train_32846.jpg,145.74917602539062,158.95970153808594,159.75682067871094,2.7048262673405716,2.2648590157261,2.854352902586167,0,cloudy
4046,train_11047.jpg,166.1072540283203,167.2283172607422,152.54222106933594,23.860960697883648,21.172029479670048,20.17662153921644,18,cloudy
4047,train_14659.jpg,166.2020721435547,164.90667724609375,154.40086364746094,12.520578129130715,13.0412151119451,13.697242042167842,0,cloudy
4048,train_14895.jpg,153.27407836914062,162.916015625,157.1803436279297,2.548213690109179,1.9025633134971447,1.8858067423306786,0,cloudy
4049,train_7387.jpg,213.2207794189453,205.38124084472656,191.7322540283203,12.903886728542412,14.010993835734562,14.636984513030283,0,cloudy
4050,train_31368.jpg,174.16204833984375,166.22154235839844,148.6085662841797,29.977994616618226,26.918855145923725,25.048163916902833,0,cloudy
4051,train_22314.jpg,121.93013000488281,132.21420288085938,116.65823364257812,2.1340464940261112,1.8580246375023985,2.17517845781463,0,cloudy
4052,train_19396.jpg,207.5498046875,195.54649353027344,199.1424560546875,40.037730434682366,30.164599802940607,39.82566455931203,128,cloudy
4053,train_26600.jpg,96.24623107910156,86.81906127929688,81.435546875,2.1179929894917127,1.5522634832842703,2.0355938753929057,0,cloudy
4054,train_3136.jpg,129.79820251464844,135.9103546142578,124.95405578613281,18.510398716954963,16.891998244613514,17.147919029557237,0,cloudy
4055,train_15590.jpg,143.26617431640625,128.5160675048828,117.0858154296875,1.9129255840011892,1.8834164978643109,2.6549036512789734,0,cloudy
4056,train_16927.jpg,161.2980194091797,158.08999633789062,144.73927307128906,17.408671243267428,16.277931599355824,15.547091883188605,0,cloudy
4057,train_5235.jpg,127.36463928222656,135.92523193359375,129.86463928222656,30.50095784045262,28.41473205270236,27.632014621476905,258,cloudy
4058,train_29080.jpg,194.2263946533203,197.1480712890625,189.69065856933594,6.186779845007935,6.218812710958609,6.008185488533645,0,cloudy
4059,train_12016.jpg,147.64381408691406,154.9524688720703,140.1949005126953,1.4122406698494947,1.2173904459672826,1.5667108092681516,0,cloudy
4060,train_12770.jpg,216.0856475830078,219.73789978027344,212.55789184570312,7.560296622735875,6.728604809965174,7.198997637951574,0,cloudy
4061,train_38833.jpg,140.60513305664062,150.34738159179688,147.5330810546875,4.400712030608104,3.9082133946195663,3.7455423543976094,0,cloudy
4062,train_10173.jpg,123.62846374511719,130.2854461669922,118.20892333984375,5.225950052474295,4.741915854288002,4.3900991914893455,0,cloudy
4063,train_35495.jpg,137.2563934326172,139.85098266601562,128.82162475585938,5.021163130209146,4.96462199654185,4.521923985439193,0,cloudy
4064,train_18513.jpg,183.02734375,176.3080291748047,162.45724487304688,7.43453381798888,7.353698811886825,7.805995534602143,0,cloudy
4065,train_15751.jpg,151.19961547851562,137.6789093017578,122.47274780273438,5.530472875192227,4.481815962650927,4.1153142374334335,0,cloudy
4066,train_2770.jpg,109.96022033691406,114.5538330078125,109.91169738769531,17.271429177836048,15.641829841064029,13.249312468793635,0,cloudy
4067,train_26416.jpg,201.8943634033203,193.09405517578125,179.58517456054688,1.6450631833505274,0.850363296031104,1.5245416451607339,0,cloudy
4068,train_30274.jpg,141.60211181640625,154.2012939453125,153.76519775390625,2.727946314880865,2.317642779262591,2.8048639368171595,0,cloudy
4069,train_27734.jpg,154.97007751464844,135.8336944580078,120.77642822265625,1.2190524590025127,1.4880732912135064,1.7339536470791561,0,cloudy
4070,train_38166.jpg,170.1928253173828,154.11642456054688,127.40582275390625,3.523905756510137,3.4328352595715566,3.871759328103401,0,cloudy
4071,train_18329.jpg,139.71812438964844,148.13662719726562,136.01318359375,1.7493978798565941,1.4462762837872525,2.2983978309553397,0,cloudy
4072,train_38947.jpg,133.56495666503906,138.9059295654297,128.053955078125,2.097228772044672,1.6805006015751498,1.7554898493763145,0,cloudy
4073,train_7973.jpg,123.11363220214844,131.0205078125,123.53459167480469,18.606096044379488,16.888259962080582,16.67972481547404,0,cloudy
4074,train_5180.jpg,123.88433837890625,129.14788818359375,117.95655822753906,3.0221686738038946,2.5567910745356603,2.521989841116438,0,cloudy
4075,train_11325.jpg,156.86692810058594,160.58778381347656,153.42808532714844,2.861574034775336,2.690164296748019,2.8068711743851513,0,cloudy
4076,train_3297.jpg,200.9700927734375,194.77676391601562,172.11769104003906,22.11230497019496,21.983900961627604,24.660961324391188,0,cloudy
4077,train_20675.jpg,85.75042724609375,104.89555358886719,101.26687622070312,1.5012201460264831,1.1631843394548596,1.573119842193004,0,cloudy
4078,train_19792.jpg,122.66520690917969,128.1625518798828,116.89387512207031,3.667628247295849,3.2431364735624757,3.164103253677548,0,cloudy
4079,train_26562.jpg,154.6085205078125,159.52359008789062,150.4398956298828,3.6932807784893793,3.57002941327653,3.8289445250134295,0,cloudy
4080,train_20891.jpg,130.80674743652344,139.79510498046875,125.10026550292969,1.8261267803739147,1.5492636115272762,1.7110362921867173,0,cloudy
4081,train_10952.jpg,137.1936492919922,123.20034790039062,108.26223754882812,2.374580416380831,2.3109733930741325,2.6469079327969394,0,cloudy
4082,train_28215.jpg,178.98841857910156,171.3050537109375,156.1881866455078,8.946747129859595,9.439990686808807,10.404359823658707,0,cloudy
4083,train_17797.jpg,168.89901733398438,178.4619598388672,173.3579864501953,2.635563105300981,2.385190814490869,2.2578607527958012,0,cloudy
4084,train_12360.jpg,176.76466369628906,175.26075744628906,160.65797424316406,6.357135240019506,5.788241280526203,5.689751138270449,0,cloudy
4085,train_21972.jpg,175.65093994140625,182.18898010253906,177.1316375732422,2.4430866157820272,2.073584094842403,1.845922658304979,0,cloudy
4086,train_16112.jpg,171.75450134277344,174.9808349609375,168.28671264648438,5.130893459191429,5.008007395399041,4.855474515679021,0,cloudy
4087,train_10563.jpg,188.03964233398438,187.4070281982422,175.34434509277344,3.6197408670152957,3.3438812465386545,3.5384850614811194,0,cloudy
4088,train_12.jpg,159.72323608398438,156.11827087402344,147.8628692626953,52.472713980942586,45.27016986334834,50.693326920390284,0,cloudy
4089,train_17556.jpg,131.53250122070312,139.1372833251953,134.83572387695312,2.2110160804826378,1.8757805257053677,2.5668889958694043,0,cloudy
4090,train_16890.jpg,124.43208312988281,129.09375,114.47157287597656,23.625429406520922,20.587949083406475,18.81356779709903,32,cloudy
4091,train_4077.jpg,147.98654174804688,134.30316162109375,118.27066040039062,1.6256202327356062,1.5917227499617543,2.125254988930243,0,cloudy
4092,train_15396.jpg,152.1582794189453,152.9394073486328,131.39682006835938,3.9063421231076134,3.2928792863491796,3.184066532432486,0,cloudy
4093,train_234.jpg,125.52334594726562,130.18112182617188,116.50547790527344,16.622576902421073,15.18280639154523,14.282199837545512,0,cloudy
4094,train_7556.jpg,133.79273986816406,148.3922576904297,145.06805419921875,4.7548574978295,3.8844297428013426,3.758771638639071,0,cloudy
4095,train_28765.jpg,106.9456787109375,117.69462585449219,111.87759399414062,23.981767282469473,21.474099654743185,20.845066216458935,114,cloudy
4096,train_1126.jpg,207.8846893310547,211.60943603515625,200.517822265625,1.9270271913771928,1.6897912177775187,1.9263761425612709,0,cloudy
4097,train_6891.jpg,157.79953002929688,167.13511657714844,161.81944274902344,2.0699890133659316,1.6817689806077343,1.8010077560960764,0,cloudy
4098,train_37888.jpg,151.45677185058594,162.34449768066406,159.7167205810547,3.4627039762443217,2.9103509683799125,2.7060810629107537,0,cloudy
4099,train_8658.jpg,130.25863647460938,130.0078582763672,117.40029907226562,6.698705236964529,5.872567119304361,5.323289471673286,0,cloudy
4100,train_20310.jpg,135.26136779785156,140.27496337890625,131.78860473632812,1.9909234308844381,1.7103985662689363,1.8665308812817292,0,cloudy
4101,train_5368.jpg,226.32504272460938,224.48228454589844,210.9309539794922,4.5553439772004065,3.6596568503474955,3.732937596739811,0,cloudy
4102,train_18102.jpg,132.30677795410156,130.45037841796875,114.71629333496094,47.480346666150766,43.556920947257375,41.15621923529945,778,cloudy
4103,train_11132.jpg,187.3351593017578,192.58279418945312,184.78182983398438,2.6429851056735836,2.411149254538497,2.336396677559424,0,cloudy
4104,train_18658.jpg,118.42860412597656,121.6680908203125,98.14399719238281,9.033731562841844,7.9682332778274425,8.215814309878612,0,cloudy
4105,train_6339.jpg,165.04324340820312,168.98040771484375,162.05308532714844,6.206636000854255,5.806814838122304,5.797512384078999,0,cloudy
4106,train_13282.jpg,120.14385986328125,131.17666625976562,122.6964111328125,1.5389816425112743,1.106417699790827,1.6856353444809944,0,cloudy
4107,train_36994.jpg,152.326171875,160.2780303955078,148.94894409179688,5.612605362818611,4.733064691051833,4.808606707770849,0,cloudy
4108,train_36016.jpg,185.27041625976562,180.58404541015625,167.91390991210938,37.47655551383051,31.222550707736175,31.200164921575105,117,cloudy
4109,train_2163.jpg,160.1461639404297,147.5879364013672,131.1576385498047,1.3860908328295098,1.267776566942925,1.617576361677452,0,cloudy
4110,train_6305.jpg,146.7428741455078,143.2613983154297,132.48597717285156,6.587902115857196,6.541268418826416,6.52989612096189,0,cloudy
4111,train_17033.jpg,136.44773864746094,142.3608856201172,133.88426208496094,2.8923005196474074,2.614596706819203,2.835956675841324,0,cloudy
4112,train_12611.jpg,173.68858337402344,181.56422424316406,174.7368621826172,19.486916597778528,16.616222240785774,15.635777136987453,0,cloudy
4113,train_8499.jpg,160.33702087402344,144.51571655273438,130.35879516601562,1.4841242590210113,1.3753540246406186,1.9742037960791168,0,cloudy
4114,train_17769.jpg,196.91372680664062,185.40870666503906,174.2611541748047,34.35762171945779,30.677237364756827,43.71870765428513,0,cloudy
4115,train_5803.jpg,220.68478393554688,216.95126342773438,200.41036987304688,1.7100376956667676,1.7920210227933078,2.0084641172458726,0,cloudy
4116,train_35457.jpg,152.5156707763672,153.52589416503906,133.22799682617188,4.3193232969036135,3.6772692624480268,3.519375758356239,0,cloudy
4117,train_29917.jpg,67.28631591796875,78.86637878417969,83.19439697265625,1.9027791151716316,1.4989665172064848,1.6926704939256372,0,cloudy
4118,train_33973.jpg,220.54791259765625,220.9873809814453,209.67837524414062,6.136600087425107,4.654405576769823,4.419408394064501,0,cloudy
4119,train_10166.jpg,135.46580505371094,141.17042541503906,124.41438293457031,9.346190572389048,8.595508980619854,8.771850857830032,0,cloudy
4120,train_3645.jpg,170.6288299560547,175.66175842285156,166.71604919433594,55.64324477615747,50.99979343730897,47.0583755220984,646,cloudy
4121,train_5220.jpg,159.13600158691406,162.82052612304688,155.43577575683594,2.7188982141707547,2.6115816486507826,2.773111997185428,0,cloudy
4122,train_39709.jpg,133.24313354492188,130.54432678222656,119.71083068847656,8.061881023068684,7.434047615193973,7.819488039138752,0,cloudy
4123,train_4658.jpg,137.50027465820312,122.80467224121094,83.53147888183594,2.7091469992647816,1.894578001032949,2.0085687529848486,0,cloudy
4124,train_34205.jpg,150.12425231933594,155.97776794433594,147.95944213867188,4.018407834238886,3.7775570484448857,4.006308725110949,0,cloudy
4125,train_4116.jpg,164.14134216308594,172.36891174316406,165.6251220703125,14.994815056201661,13.12549746824255,12.504438908513228,0,cloudy
4126,train_31369.jpg,95.03559875488281,104.91482543945312,90.307373046875,20.08123378022071,18.105757631360355,17.150129951604733,0,cloudy
4127,train_6073.jpg,142.23670959472656,147.82545471191406,139.10739135742188,3.3656802294085475,3.086111487504208,3.2851915027334915,0,cloudy
4128,train_4843.jpg,147.0672149658203,141.4304962158203,115.7939453125,1.0982671653718128,0.9908132881787458,1.4581536681900684,0,cloudy
4129,train_8937.jpg,136.19668579101562,122.27763366699219,107.17506408691406,1.82699250509548,1.7868583559580649,2.2800874931909427,0,cloudy
4130,train_37903.jpg,175.13577270507812,179.00828552246094,168.48167419433594,4.105154480847008,3.76877725004664,3.5179332498490696,0,cloudy
4131,Forest_864.jpg,44.347412109375,64.37548828125,80.70703125,3.5134587968104327,3.13850593246913,2.012560503506277,0,green_area
4132,Forest_2917.jpg,46.671142578125,73.987548828125,83.9541015625,6.793192771477395,5.550029142621139,4.262200178861272,8,green_area
4133,Forest_2903.jpg,32.073974609375,55.816162109375,67.11328125,4.821333858906974,5.02422282130237,2.9513237520896345,0,green_area
4134,Forest_870.jpg,41.936279296875,65.1279296875,81.3935546875,1.940922436978937,1.9135978290398827,1.871845643795657,0,green_area
4135,Forest_680.jpg,39.153076171875,63.9423828125,77.635009765625,2.3089616743742405,2.9511154846014733,1.8720901639440026,0,green_area
4136,Forest_858.jpg,33.1337890625,53.555419921875,65.900634765625,5.011137098304673,5.312532621171315,3.5956706263675766,11,green_area
4137,Forest_2095.jpg,44.327880859375,74.899169921875,77.613525390625,4.907858414846593,5.417648685520343,3.0632656366504425,11,green_area
4138,Forest_2081.jpg,41.91455078125,72.62646484375,74.343505859375,4.477703355210684,5.511229906363487,3.026885036047792,24,green_area
4139,Forest_694.jpg,42.26025390625,68.091064453125,77.11669921875,4.896501295367092,4.220284239509472,2.674852953639347,0,green_area
4140,Forest_643.jpg,41.080322265625,67.49169921875,76.87939453125,6.252784027876692,5.257660839506542,3.767291543125856,22,green_area
4141,Forest_2056.jpg,32.3154296875,56.869873046875,67.359130859375,4.32641733131972,4.321933814618799,3.0647599484249293,12,green_area
4142,Forest_2042.jpg,42.65087890625,64.42138671875,80.7890625,2.222309910183277,1.8125462361719518,1.626182712626029,0,green_area
4143,Forest_657.jpg,41.456298828125,65.487060546875,83.76220703125,5.214776216562582,5.184565110310876,3.546716325210273,19,green_area
4144,Forest_2297.jpg,40.665771484375,68.001220703125,81.142822265625,2.127494007622139,2.9713390805761097,1.8036860705418618,0,green_area
4145,Forest_1946.jpg,39.993408203125,60.974609375,80.21826171875,4.597915363383602,2.9797231158971984,2.3766890593067274,0,green_area
4146,Forest_482.jpg,36.40283203125,62.88525390625,74.172607421875,2.797674778650835,3.7934999575219606,2.16894848654565,0,green_area
4147,Forest_496.jpg,34.2255859375,57.917236328125,68.0712890625,4.146886733267771,3.527131970913871,2.439061178418424,0,green_area
4148,Forest_1952.jpg,36.156005859375,63.359130859375,74.14453125,2.6398996903226584,3.5168650072144616,2.399973424128575,0,green_area
4149,Forest_2283.jpg,47.043701171875,73.7587890625,84.8779296875,1.9354309447644344,1.7725723105505093,1.4935542533018853,0,green_area
4150,Forest_2268.jpg,37.51025390625,58.619384765625,70.160400390625,5.143866980556225,3.710456246741991,2.7755215296521025,14,green_area
4151,Forest_469.jpg,34.150146484375,59.341064453125,69.684814453125,7.553950809351675,5.598386106007654,3.893482116681173,48,green_area
4152,Forest_1985.jpg,34.583984375,62.131591796875,69.754638671875,4.535157511708481,4.9211078772589625,2.8869660907751817,35,green_area
4153,Forest_327.jpg,31.012939453125,55.09521484375,66.050537109375,3.105183819829001,4.271512255165571,2.6062639958762848,0,green_area
4154,Forest_2254.jpg,35.79296875,61.996337890625,73.677001953125,2.824040450803323,3.0671578524881835,2.089996261022956,0,green_area
4155,Forest_441.jpg,48.73583984375,71.975830078125,90.831298828125,3.1914106950297034,3.46672967550133,2.3891655824226588,0,green_area
4156,Forest_455.jpg,46.93994140625,83.693115234375,81.28662109375,4.039273313705916,5.257324825303482,3.2698278440718487,0,green_area
4157,Forest_2240.jpg,33.0712890625,58.00341796875,70.023681640625,2.775502470421864,2.9137148815969662,2.1379832513427948,0,green_area
4158,Forest_1991.jpg,33.731201171875,56.580078125,67.940673828125,8.10805101924153,5.900868381022109,4.342754599871568,75,green_area
4159,Forest_333.jpg,37.116455078125,57.934814453125,78.04833984375,3.355391931154079,3.3843762789624336,2.3351105722227,0,green_area
4160,Forest_290.jpg,30.2353515625,53.53271484375,64.17919921875,4.663823567313499,5.42377974942276,3.4707366134582136,0,green_area
4161,Forest_284.jpg,32.67626953125,59.1044921875,68.97021484375,2.29930427436277,2.79112001067698,2.078557650623904,0,green_area
4162,Forest_509.jpg,32.693359375,54.54150390625,69.158935546875,3.217265258857219,3.3526074396678163,2.4399793559709773,0,green_area
4163,Forest_2308.jpg,36.37255859375,60.43408203125,72.96044921875,2.6459116636280626,2.888140915259481,2.051556714900301,0,green_area
4164,Forest_2320.jpg,40.092529296875,65.132568359375,82.780029296875,7.563015403996928,5.350165542599371,3.975597144504419,55,green_area
4165,Forest_535.jpg,35.4248046875,59.9755859375,77.741943359375,3.250031544458919,4.311808102154158,2.5796981058070223,0,green_area
4166,Forest_521.jpg,41.12646484375,68.690185546875,82.181640625,2.897773728363774,3.8547810923916104,2.2306491758789884,0,green_area
4167,Forest_910.jpg,34.069580078125,64.0126953125,70.354736328125,2.0917183285168006,2.822349932510235,1.993983143893998,0,green_area
4168,Forest_2863.jpg,40.974609375,64.781982421875,82.87841796875,2.521942735256316,2.4005772368335725,1.8612419820988146,0,green_area
4169,Forest_2877.jpg,42.76708984375,62.8017578125,80.084716796875,4.282384763816255,3.2970981612768546,2.2675963014174814,0,green_area
4170,Forest_904.jpg,33.99365234375,61.2080078125,67.69091796875,3.4640253212137657,4.28349557166095,2.543023456037788,0,green_area
4171,Forest_938.jpg,34.638671875,53.815185546875,63.156005859375,3.9897094919096534,4.070277874702304,2.9734876775792545,0,green_area
4172,Forest_737.jpg,36.798828125,64.813232421875,78.409423828125,2.9704039132681914,4.1649381350310986,2.3814876562956337,0,green_area
4173,Forest_29.jpg,31.30322265625,55.3701171875,66.56005859375,2.465652599107728,3.3289282460751672,2.0395997607537546,0,green_area
4174,Forest_2122.jpg,36.158203125,60.50341796875,72.0859375,3.4761844729516636,4.158538847809363,2.36654281650338,0,green_area
4175,Forest_2136.jpg,32.781982421875,55.17431640625,70.81982421875,3.7978814992708116,3.5443458110083004,2.942525217666104,0,green_area
4176,Forest_2888.jpg,39.84033203125,60.37109375,78.192626953125,6.428649429196248,5.76763467473547,3.472654662330359,0,green_area
4177,Forest_723.jpg,47.312255859375,73.444091796875,84.78369140625,3.348260128434017,3.216822732382581,2.380049657784454,0,green_area
4178,Forest_2137.jpg,42.41748046875,72.390869140625,75.238037109375,4.4937594640470335,4.797135032290844,3.0996988977052906,11,green_area
4179,Forest_722.jpg,40.9189453125,65.4453125,75.947021484375,5.797003238215783,4.180198566885759,3.5971282919513965,0,green_area
4180,Forest_2889.jpg,49.397216796875,80.7216796875,81.438232421875,6.495504911140886,6.336370300487488,3.9645762010324095,16,green_area
4181,Forest_736.jpg,40.594970703125,61.396240234375,78.96875,4.365029274305952,4.28375559947547,2.861977981877219,0,green_area
4182,Forest_2123.jpg,42.37451171875,72.585205078125,75.553955078125,4.754970133714713,6.692285514468261,3.567843988257408,0,green_area
4183,Forest_939.jpg,44.879638671875,70.4931640625,89.8681640625,5.664523943816196,6.179362716531414,3.777981819613945,0,green_area
4184,Forest_905.jpg,38.33203125,63.71630859375,80.825927734375,6.524002361397751,5.337723909099261,3.6671474378207347,43,green_area
4185,Forest_2876.jpg,36.298583984375,62.784423828125,68.759033203125,8.644619778793036,5.8882962538831825,4.609220489239889,68,green_area
4186,Forest_2862.jpg,35.677001953125,57.82080078125,72.629150390625,3.2821305955263167,3.467569751821784,2.5131334440994992,0,green_area
4187,Forest_911.jpg,34.066650390625,60.40087890625,65.17724609375,2.3105357178703243,3.7000500430769585,2.0673073316515778,0,green_area
4188,Forest_520.jpg,40.0771484375,76.594970703125,74.364501953125,4.103448111020938,3.0858902843098526,2.7236306131326,0,green_area
4189,Forest_2321.jpg,45.697998046875,72.732666015625,84.209716796875,1.8720956401673727,1.992188681807822,1.5812047047215265,0,green_area
4190,Forest_534.jpg,36.815673828125,60.29736328125,71.003173828125,3.0264876305689583,2.8084089831191315,1.885190973068785,0,green_area
4191,Forest_2309.jpg,41.45263671875,65.7119140625,84.393310546875,2.129522503893592,2.711379133414349,1.7685523788799382,0,green_area
4192,Forest_508.jpg,36.40234375,58.930908203125,78.738037109375,6.442787147313338,4.586182303450179,3.386695368948969,17,green_area
4193,Forest_285.jpg,40.494140625,66.13427734375,82.77294921875,2.2102532827652603,2.86539442659391,1.9770931089566228,0,green_area
4194,Forest_291.jpg,39.807861328125,61.530517578125,78.5224609375,6.140402088535824,5.378091981820819,3.524673549605214,19,green_area
4195,Forest_454.jpg,41.50634765625,61.582275390625,70.908935546875,5.903476427157996,4.937803422079245,3.7405816935340477,0,green_area
4196,Forest_332.jpg,47.328125,75.2216796875,86.096923828125,2.868496380401237,2.8012236986538404,1.835157496556248,0,green_area
4197,Forest_1990.jpg,50.53564453125,79.805908203125,83.47119140625,8.377226789704453,8.603300049037045,5.245128892236695,0,green_area
4198,Forest_2241.jpg,34.927490234375,60.06982421875,68.84765625,6.977458554571572,5.390784197681813,4.219008600291772,22,green_area
4199,Forest_2255.jpg,41.020751953125,64.63037109375,81.253173828125,1.9480080523618217,2.268606972717934,1.8366161471923121,0,green_area
4200,Forest_326.jpg,34.359375,59.000244140625,70.6064453125,4.948686891805239,3.670611476616717,2.8341867807092,37,green_area
4201,Forest_1984.jpg,37.488525390625,58.922607421875,79.36083984375,4.19313580326105,3.270311624788403,2.5370630931083435,0,green_area
4202,Forest_440.jpg,35.6875,62.51806640625,78.577880859375,3.9863046797754937,4.566582695103113,2.7721566587213307,0,green_area
4203,Forest_468.jpg,35.216552734375,62.800537109375,69.81787109375,3.1655539588450723,3.6653212396239594,2.501470848372649,10,green_area
4204,Forest_2269.jpg,39.81298828125,64.53125,76.030029296875,9.744674389675634,7.761112245113454,5.771302810627267,39,green_area
4205,Forest_497.jpg,35.17626953125,59.461181640625,72.015380859375,5.074944518401448,5.477221739050322,3.12101429443056,5,green_area
4206,Forest_2282.jpg,41.9267578125,67.630615234375,82.177490234375,2.4910987700149936,2.7818697013967357,1.707060004020511,0,green_area
4207,Forest_1953.jpg,42.10986328125,69.0703125,83.01025390625,1.711102412388862,2.025578018392219,1.54928547479366,0,green_area
4208,Forest_1947.jpg,55.698486328125,75.536865234375,78.2470703125,4.9728911255222,3.9010100276395696,3.0439475056135827,0,green_area
4209,Forest_2296.jpg,35.25,59.65087890625,75.80615234375,2.830066667721805,4.01488796847419,2.2654679342613484,0,green_area
4210,Forest_483.jpg,36.797119140625,61.239501953125,74.837890625,3.064906819142184,3.524608265300459,2.5307850351792247,0,green_area
4211,Forest_2043.jpg,65.810302734375,82.21435546875,114.30517578125,5.783690473589454,3.1441520888813517,2.7518872374315144,0,green_area
4212,Forest_656.jpg,35.44580078125,60.26904296875,74.617431640625,3.345427725035603,3.3840126569231663,2.3691084089864103,0,green_area
4213,Forest_642.jpg,42.466552734375,69.140380859375,77.625,3.6215439385947272,3.7477298143270863,2.2906484480382407,0,green_area
4214,Forest_2057.jpg,52.268798828125,76.73291015625,84.126220703125,6.86841041603686,7.519340358144164,4.030454860307659,0,green_area
4215,Forest_2080.jpg,46.98193359375,90.4140625,72.903076171875,7.6184119702675055,10.698524901059667,4.3906116892656994,21,green_area
4216,Forest_695.jpg,35.758056640625,59.91455078125,70.714599609375,2.246048729486816,3.319350697955101,1.8805495310961893,0,green_area
4217,Forest_859.jpg,45.34814453125,69.746826171875,84.791748046875,2.691564236946746,2.3331248085191527,1.7526041647772674,0,green_area
4218,Forest_681.jpg,31.10302734375,52.004150390625,66.785888671875,2.8432572744899147,3.1004082960769312,2.565224559818019,0,green_area
4219,Forest_2094.jpg,44.23095703125,74.71826171875,77.30224609375,2.6589836415379065,3.8262072372165488,2.1616677485365012,0,green_area
4220,Forest_871.jpg,31.3466796875,54.551513671875,66.896484375,3.2052094910902316,3.7995788538481414,2.4921806120104657,0,green_area
4221,Forest_2902.jpg,54.557861328125,84.260009765625,73.269287109375,7.312938803361314,6.087298058757648,3.733556929169483,0,green_area
4222,Forest_2916.jpg,34.087646484375,60.6220703125,69.808349609375,2.307296452972982,3.0221741079570767,1.9267946714422595,0,green_area
4223,Forest_865.jpg,33.872314453125,62.942138671875,70.039794921875,1.845485177871725,2.3048483453001003,1.7716650991561478,0,green_area
4224,Forest_2900.jpg,40.718505859375,66.364013671875,71.933349609375,8.487387777353453,6.190069219105153,5.0293281569017285,62,green_area
4225,Forest_873.jpg,42.101318359375,68.25439453125,76.133056640625,4.082013019721833,4.23079648425921,2.503536762464372,0,green_area
4226,Forest_867.jpg,41.735595703125,64.280029296875,80.19140625,2.6599537664532886,3.0059270225284402,2.021366429228243,0,green_area
4227,Forest_2914.jpg,32.321533203125,54.345947265625,66.078857421875,4.7469547385574655,4.86117814025382,3.524659539074693,40,green_area
4228,Forest_697.jpg,44.412353515625,63.174072265625,75.2421875,9.124900134728966,5.256805635266077,3.963448415186421,65,green_area
4229,Forest_2082.jpg,44.08251953125,71.07958984375,84.634521484375,6.715953422315574,5.293856388000325,3.4490529816518545,22,green_area
4230,Forest_2096.jpg,33.342041015625,56.2333984375,75.745849609375,4.374045669829616,5.047694184043102,2.989664383475202,0,green_area
4231,Forest_2928.jpg,35.950439453125,59.29345703125,76.98193359375,5.49899980272035,4.5358076391707725,3.7093718106931814,8,green_area
4232,Forest_683.jpg,40.116943359375,61.421630859375,77.8251953125,4.842665809378455,3.760169917576558,2.974289233788138,0,green_area
4233,Forest_668.jpg,41.42919921875,65.561279296875,85.083984375,2.622462863059149,3.362920327486886,1.9432317797308327,0,green_area
4234,Forest_2069.jpg,39.23779296875,65.623046875,80.05517578125,2.457469761566368,2.7476012431851777,2.0869485069506273,0,green_area
4235,Forest_654.jpg,42.72412109375,61.310546875,71.25390625,12.028695516517422,9.370532586300937,7.921858627633476,48,green_area
4236,Forest_2041.jpg,35.507080078125,66.0654296875,75.6005859375,2.744125235843609,3.8139234293236215,2.302160086294445,0,green_area
4237,Forest_2055.jpg,44.241943359375,75.4970703125,77.74951171875,4.301424697292671,4.246780859301684,2.8455951698996858,13,green_area
4238,Forest_898.jpg,32.53515625,55.843994140625,73.826171875,4.85112688010074,6.514656557522097,3.5241297953124517,0,green_area
4239,Forest_640.jpg,41.066162109375,64.134521484375,80.9873046875,3.293914179537477,3.3136377270103843,2.4468640167652405,0,green_area
4240,Forest_1979.jpg,39.168212890625,65.796630859375,80.42626953125,2.633593695229502,3.3840876459935916,2.1805544533966366,0,green_area
4241,Forest_1951.jpg,37.802001953125,59.78271484375,79.711181640625,3.395425158622803,3.0095314167447085,2.222560981089818,0,green_area
4242,Forest_2280.jpg,39.1845703125,67.27001953125,76.436279296875,2.7202072622768383,2.6459062571250573,2.0344547373296993,0,green_area
4243,Forest_495.jpg,35.428955078125,60.44970703125,74.65625,2.00252074591645,2.514102783259728,1.7927261886579333,0,green_area
4244,Forest_481.jpg,35.83740234375,60.793701171875,71.71728515625,5.419503938524448,5.199456230259973,3.2546772312509598,17,green_area
4245,Forest_2294.jpg,36.01611328125,57.81103515625,72.337890625,4.3675420954946,3.8730382260347676,2.8225670254286452,11,green_area
4246,Forest_1945.jpg,36.43896484375,63.839599609375,74.21923828125,2.9886970180919206,3.2328882808662516,2.293051878999807,0,green_area
4247,Forest_318.jpg,36.18115234375,61.4072265625,75.93994140625,7.723518026350031,9.716473131777004,4.53838946134163,0,green_area
4248,Forest_2243.jpg,43.29150390625,65.345458984375,84.216064453125,3.16405070738302,2.7549748829598415,2.0740551641580787,0,green_area
4249,Forest_1992.jpg,40.780517578125,63.517578125,82.84375,9.611314404172974,6.544781407027394,4.72324909688765,27,green_area
4250,Forest_330.jpg,42.50732421875,69.48779296875,81.4248046875,4.053348474510883,3.887561219889413,3.099380917413674,0,green_area
4251,Forest_456.jpg,37.45654296875,60.821044921875,76.734619140625,4.69843164512744,4.166101632748327,3.187060746613153,0,green_area
4252,Forest_2525.jpg,31.045166015625,54.861328125,66.443359375,2.6092647940382676,3.0378164369879204,2.2148325548107715,0,green_area
4253,Forest_2531.jpg,48.29736328125,74.074951171875,78.806884765625,8.368406504389844,5.935032176088818,5.000445435471453,173,green_area
4254,Forest_442.jpg,40.148193359375,63.81103515625,78.72509765625,3.1230871735931665,3.04506120736128,2.1927648674449243,0,green_area
4255,Forest_1986.jpg,42.404052734375,67.769287109375,82.02685546875,3.4782489843625464,4.087691614343536,2.501027420641009,0,green_area
4256,Forest_324.jpg,29.541748046875,51.405517578125,60.135986328125,3.083191463497219,3.722865215893081,2.4863521817490137,0,green_area
4257,Forest_2257.jpg,36.37890625,64.1337890625,78.48046875,3.471280661184131,4.273164227829931,2.6773261963241306,0,green_area
4258,Forest_287.jpg,36.496826171875,62.637451171875,75.52734375,2.680585160336271,3.8144403038454002,2.2348086063097075,0,green_area
4259,Forest_293.jpg,36.275634765625,62.0,74.948486328125,2.3741676352679586,3.409044152141477,1.9722272500868034,0,green_area
4260,Forest_522.jpg,32.58935546875,57.0009765625,71.90625,2.6656678584276903,3.5409158396982106,2.2934178914885965,0,green_area
4261,Forest_536.jpg,43.8017578125,75.242431640625,72.5380859375,7.854061749986132,10.377261912000144,5.250466371439279,18,green_area
4262,Forest_2874.jpg,30.728271484375,54.1787109375,67.13232421875,3.233150665089896,4.191205904279563,2.7971927313169185,0,green_area
4263,Forest_907.jpg,46.961669921875,92.946533203125,74.149169921875,3.949973489877613,7.328496305416748,3.086317507367446,0,green_area
4264,Forest_913.jpg,37.19189453125,61.5341796875,73.5654296875,3.546261335212951,4.010095135899197,2.515113731224426,0,green_area
4265,Forest_2860.jpg,33.78857421875,55.85888671875,71.59228515625,3.0849347767048214,2.9857423456076813,2.2345998690897466,0,green_area
4266,Forest_2848.jpg,47.86376953125,69.854248046875,89.733154296875,3.376228921168432,3.2215546823366585,2.2013699595589844,0,green_area
4267,Forest_2109.jpg,42.20166015625,65.613037109375,81.454833984375,1.9466410317213663,2.3578567040649743,1.9889614987557105,0,green_area
4268,Forest_708.jpg,30.728515625,54.700439453125,67.830322265625,2.8687989074926215,4.524063244958115,2.6587797684431043,0,green_area
4269,Forest_720.jpg,40.994140625,62.033935546875,77.67333984375,4.066159991192502,4.027017004779505,2.836224964379364,0,green_area
4270,Forest_2135.jpg,60.634521484375,73.984619140625,73.157470703125,9.058294803741571,8.428496802576358,3.913350777247335,0,green_area
4271,Forest_2121.jpg,36.4267578125,63.071044921875,73.934814453125,2.5887577777710713,2.92059321516208,2.0198958785302787,0,green_area
4272,Forest_734.jpg,37.705322265625,60.6396484375,76.95166015625,5.375938416777913,4.902170903171758,3.423423904259627,6,green_area
4273,Forest_2120.jpg,41.476318359375,67.266845703125,88.037841796875,4.017469872929642,4.529777175684111,2.957756558235358,0,green_area
4274,Forest_735.jpg,36.260009765625,58.47412109375,74.6630859375,4.898483343077185,4.800798904970016,3.197940109780004,0,green_area
4275,Forest_721.jpg,34.2919921875,57.204833984375,72.715087890625,4.481972825239904,4.989421042137059,3.5176212238253406,0,green_area
4276,Forest_2134.jpg,39.578369140625,61.9775390625,70.8544921875,7.185951659073953,5.730817476048824,4.565422794112443,36,green_area
4277,Forest_709.jpg,34.66943359375,58.7353515625,74.65771484375,3.38224096954356,2.975449722021666,2.3220934984536936,0,green_area
4278,Forest_2108.jpg,35.81201171875,63.7958984375,75.40380859375,3.5723291290295007,4.612455832003713,3.283559476903631,27,green_area
4279,Forest_2849.jpg,54.57421875,78.335205078125,82.524658203125,8.031119853943062,5.071287787261162,4.1185291789689495,0,green_area
4280,Forest_2861.jpg,33.9306640625,56.503662109375,74.07568359375,4.953354406008215,5.5229887341642225,3.3112666515077103,0,green_area
4281,Forest_912.jpg,31.551513671875,49.943115234375,60.849365234375,9.20187983160832,6.522118052371084,4.218115066503058,62,green_area
4282,Forest_906.jpg,36.837158203125,60.198974609375,74.72509765625,2.54665377305505,3.5971734948010314,2.121346811615384,0,green_area
4283,Forest_2875.jpg,35.521240234375,60.03955078125,78.066650390625,4.378406935169879,5.361847843626534,2.975929002606503,0,green_area
4284,Forest_537.jpg,35.079345703125,60.51611328125,72.173583984375,2.2184865956368993,3.318499009291303,1.9172060784494451,0,green_area
4285,Forest_2322.jpg,44.268798828125,65.887451171875,80.917236328125,2.568355186081868,2.654002495413802,1.8108116540636598,0,green_area
4286,Forest_523.jpg,47.064208984375,67.797607421875,85.19970703125,3.628100540840969,3.138767195881994,2.5537502891178128,0,green_area
4287,Forest_3000.jpg,31.658935546875,57.486328125,70.61962890625,1.919302963822946,2.231435696437158,1.5863324505094853,0,green_area
4288,Forest_292.jpg,35.0439453125,58.718994140625,76.01806640625,2.3469816181127787,3.1501163427121095,1.9664336004465572,0,green_area
4289,Forest_1830.jpg,40.862060546875,68.478515625,81.712890625,2.2264974885785467,2.8023301102173632,1.9816269958135686,0,green_area
4290,Forest_286.jpg,35.272216796875,57.855224609375,73.79296875,4.500257107224443,4.837979127631121,3.2626869820400235,0,green_area
4291,Forest_443.jpg,35.413818359375,59.544921875,68.941162109375,10.076872231740323,6.838713443067817,5.042515049506724,52,green_area
4292,Forest_2256.jpg,35.90869140625,62.558349609375,70.805419921875,6.262796481760955,7.12989919357811,4.030096724499534,0,green_area
4293,Forest_325.jpg,38.246826171875,64.46826171875,70.62353515625,9.847264485962715,6.98236258101463,5.248499860333454,95,green_area
4294,Forest_1987.jpg,50.801513671875,79.262451171875,73.954345703125,8.308322943330529,6.084986988318581,5.374510848165798,138,green_area
4295,Forest_331.jpg,43.74658203125,65.75048828125,83.845458984375,2.437747991613289,2.133427625549182,1.9480042582383112,0,green_area
4296,Forest_1993.jpg,30.34912109375,51.290283203125,65.028564453125,3.384562438395664,3.714146746240446,2.72886310349982,0,green_area
4297,Forest_2242.jpg,39.72998046875,61.805419921875,78.475830078125,4.034923181145278,4.140887953847806,2.8842246362543533,0,green_area
4298,Forest_457.jpg,38.48974609375,58.649169921875,68.828369140625,9.853437313377327,6.994257849526124,5.199589252526126,35,green_area
4299,Forest_1763.jpg,51.082763671875,91.061279296875,72.813232421875,5.983884263398045,9.806322932534371,3.9139337804038434,0,green_area
4300,Forest_319.jpg,36.1005859375,59.682373046875,69.77880859375,3.099291068200476,3.2290402613274316,2.2026041375610705,0,green_area
4301,Forest_1777.jpg,52.653076171875,76.239501953125,87.517578125,7.018391388744582,4.247358111087916,3.7031821717303464,22,green_area
4302,Forest_480.jpg,41.853759765625,65.138916015625,82.9287109375,3.018958734518401,2.7326314435407997,2.0476014689919206,0,green_area
4303,Forest_1944.jpg,35.509521484375,59.0419921875,73.338134765625,2.30550190388889,2.5375489404027194,1.9686683607582884,0,green_area
4304,Forest_2295.jpg,39.505615234375,60.350830078125,79.1708984375,2.9785148145330607,2.7107847209171383,2.0170399039334987,0,green_area
4305,Forest_2281.jpg,38.81591796875,60.619140625,78.958984375,3.7792221495660816,3.927624625517898,2.6947172972792264,0,green_area
4306,Forest_1950.jpg,34.30712890625,56.574462890625,71.451416015625,4.549307549363494,4.463646802550552,2.7328268736717023,0,green_area
4307,Forest_494.jpg,35.6552734375,62.031494140625,69.284912109375,2.577284242348316,3.3645286506405756,1.8312944992699804,0,green_area
4308,Forest_1978.jpg,43.833984375,70.5791015625,84.49267578125,3.542677491990466,4.3287277077462445,2.5040874921455325,0,green_area
4309,Forest_2054.jpg,47.509521484375,73.1962890625,90.627685546875,4.123272266669434,4.3179930933181065,2.8073399043612857,0,green_area
4310,Forest_641.jpg,36.702880859375,62.885009765625,66.32373046875,2.993050463264738,3.397812068872171,1.8841400531417258,0,green_area
4311,Forest_899.jpg,46.030029296875,69.940673828125,86.772705078125,2.789021200520748,2.6114131140448955,1.997153029092873,0,green_area
4312,Forest_655.jpg,39.256591796875,62.090576171875,77.6396484375,6.232775523625206,5.229484568072983,3.6967614460367617,0,green_area
4313,Forest_2040.jpg,41.65869140625,63.636962890625,76.167236328125,5.127258710201037,3.011662058414198,2.405054650092232,0,green_area
4314,Forest_1549.jpg,43.6953125,68.756591796875,86.375732421875,3.7143405449142315,4.506731131710262,2.651684854771952,0,green_area
4315,Forest_2068.jpg,30.95263671875,53.77392578125,69.10400390625,3.44809487718787,4.117555286983598,2.6375117712978535,0,green_area
4316,Forest_669.jpg,32.875244140625,56.923828125,73.248779296875,2.9887994753205853,3.734676843678578,2.2958380895266504,0,green_area
4317,Forest_2097.jpg,41.79296875,63.9140625,81.137451171875,2.5704163875281836,3.1320136138503214,2.0303853322030254,0,green_area
4318,Forest_682.jpg,51.45654296875,76.977783203125,82.6630859375,6.47622350304828,7.4432583123630485,4.008141695597818,0,green_area
4319,Forest_2929.jpg,35.493896484375,60.889892578125,69.7177734375,6.20849199913691,6.667745017715737,4.218337540420329,18,green_area
4320,Forest_696.jpg,36.530029296875,59.898193359375,76.369140625,5.104099589186049,4.7278096658018764,3.534976579515713,0,green_area
4321,Forest_2083.jpg,35.520263671875,60.17529296875,65.240234375,3.3058718369519626,3.7454444871546038,2.275979001181329,4,green_area
4322,Forest_2915.jpg,35.142333984375,60.5830078125,70.17626953125,6.549578411242737,4.760108932242408,3.8491683544764452,38,green_area
4323,Forest_866.jpg,39.43798828125,61.3818359375,73.555419921875,8.094809429689354,5.933279926974076,5.133553734476671,46,green_area
4324,Forest_872.jpg,44.915771484375,74.828857421875,76.419677734375,10.776877976321835,8.562514670561313,7.2499928268857525,132,green_area
4325,Forest_2901.jpg,34.62939453125,58.7666015625,75.811767578125,2.610517194739884,3.2365584075716227,2.095257899336039,0,green_area
4326,Forest_2087.jpg,49.38330078125,72.317138671875,80.46728515625,7.193750980353931,6.665871802767164,3.9498076561078785,0,green_area
4327,Forest_692.jpg,36.510498046875,58.426025390625,71.330322265625,2.2590718040849898,2.247045895652293,1.7133490406824194,0,green_area
4328,Forest_2939.jpg,33.794677734375,58.73974609375,73.43994140625,2.167673767916569,3.0763624925440136,1.820377921701088,0,green_area
4329,Forest_686.jpg,35.815185546875,61.11279296875,72.3544921875,3.1518803082114504,3.4949003601605813,2.3167864276841454,0,green_area
4330,Forest_2093.jpg,30.579833984375,54.475830078125,66.82666015625,3.6877613217491194,5.20600068753612,3.0516760535923084,8,green_area
4331,Forest_2905.jpg,46.88720703125,74.474609375,84.629638671875,3.27886407482844,3.5166095626557845,2.5220299801954154,0,green_area
4332,Forest_876.jpg,52.609619140625,74.043212890625,106.41650390625,5.5042770347484,3.1479373563031445,2.6848389958391343,0,green_area
4333,Forest_862.jpg,39.2001953125,62.584716796875,78.78076171875,6.639610949114641,5.71743929804482,3.6945484815176735,0,green_area
4334,Forest_2911.jpg,43.001953125,65.933837890625,90.025146484375,2.3245034949000902,2.0558053083665415,1.7221847719389978,0,green_area
4335,Forest_2044.jpg,38.39990234375,63.255859375,78.716552734375,3.9007135753235276,3.991319296952401,2.603329342060799,0,green_area
4336,Forest_2722.jpg,44.295166015625,83.803466796875,71.09716796875,7.453766093482211,6.713420683838786,3.9795414047474114,0,green_area
4337,Forest_889.jpg,35.460693359375,58.572265625,74.008544921875,4.697844617535022,5.2834825480636685,3.563209253950033,8,green_area
4338,Forest_651.jpg,29.27978515625,52.20947265625,64.245849609375,3.0869308611211497,4.296740692813981,2.5945701566338806,0,green_area
4339,Forest_645.jpg,40.755126953125,68.662109375,82.546875,2.3450721444742704,2.968600299473998,2.162524837285112,0,green_area
4340,Forest_2050.jpg,49.761474609375,74.6845703125,77.41650390625,7.609101648923622,5.533290249683605,3.876557283348008,13,green_area
4341,Forest_2078.jpg,34.190673828125,59.730224609375,64.599853515625,2.405848370511566,2.6321933708863656,1.5978164965562622,0,green_area
4342,Forest_679.jpg,36.91943359375,60.92919921875,77.743896484375,3.643856300910336,4.202092919679953,2.478636622199695,0,green_area
4343,Forest_490.jpg,32.842529296875,57.00732421875,60.728759765625,6.188396230004371,6.2220817918579066,4.223077991185007,16,green_area
4344,Forest_1954.jpg,41.87841796875,66.333251953125,80.526611328125,4.765226728963389,4.441077757860515,2.9892017318115927,30,green_area
4345,Forest_2285.jpg,40.8427734375,68.32080078125,75.994140625,3.971663119279433,3.957244264794554,2.439195092438202,0,green_area
4346,Forest_2291.jpg,48.45751953125,75.365478515625,76.927734375,6.649619063602424,5.488177071122209,3.5892162085813886,0,green_area
4347,Forest_1940.jpg,37.390380859375,61.02880859375,83.21728515625,1.974618053322879,2.0830299601604745,1.7320942359246547,0,green_area
4348,Forest_484.jpg,44.114501953125,71.54248046875,74.2080078125,7.090949656929286,5.527907897412436,3.796031842587594,10,green_area
4349,Forest_1968.jpg,35.63330078125,63.371826171875,74.10498046875,1.950762181614699,2.437335167715713,1.6969396280307176,0,green_area
4350,Forest_453.jpg,30.581787109375,53.849609375,66.52734375,3.3711132610370838,3.8092762809898826,2.7617353252685053,0,green_area
4351,Forest_2246.jpg,44.64501953125,68.19921875,86.36669921875,3.4581008549572454,3.7405948953205876,2.430740716935506,0,green_area
4352,Forest_1997.jpg,42.14111328125,82.945556640625,74.73193359375,5.496146477701887,7.749761512378621,3.8642006484964275,0,green_area
4353,Forest_335.jpg,37.9091796875,60.84912109375,70.190673828125,7.347941204996635,4.862382430393438,3.4750113723760903,40,green_area
4354,Forest_1983.jpg,41.086181640625,61.45556640625,80.561767578125,5.144887525174305,4.008472261909325,3.0778621716286407,16,green_area
4355,Forest_321.jpg,35.624755859375,61.46240234375,70.94677734375,2.7673568798677928,3.688566118425222,1.9584550684434132,0,green_area
4356,Forest_2252.jpg,44.93408203125,63.834716796875,72.015380859375,7.388133865117488,6.037583770921091,4.751234189112329,10,green_area
4357,Forest_447.jpg,41.16357421875,63.815673828125,73.217529296875,8.220953917807247,4.970317995031798,4.066619948049739,42,green_area
4358,Forest_309.jpg,26.5146484375,46.687744140625,57.760986328125,2.832098429968282,4.197679580007385,2.5278239553085635,0,green_area
4359,Forest_2497.jpg,36.7421875,59.732421875,74.51611328125,4.274222962550474,3.6688729208738593,2.724264187293031,0,green_area
4360,Forest_282.jpg,36.29150390625,66.885498046875,71.67724609375,2.8333405092559896,3.4375461141787698,2.5240696448890563,0,green_area
4361,Forest_296.jpg,34.699462890625,57.86767578125,75.264404296875,3.5690400090939747,3.3911030867377363,2.4872060395992603,0,green_area
4362,Forest_527.jpg,44.90185546875,89.99609375,72.21484375,6.622946060929812,11.520616047599665,4.76162581943772,21,green_area
4363,Forest_2454.jpg,43.667236328125,65.3193359375,84.1533203125,2.310252450611246,2.2739775235852697,1.884462765093782,0,green_area
4364,Forest_533.jpg,34.547119140625,56.475830078125,71.764892578125,2.328120071610732,2.3161714508810776,1.7770366529152657,0,green_area
4365,Forest_2859.jpg,35.640869140625,57.633056640625,72.193359375,2.721833672631297,2.3937114538171866,1.990140454113631,0,green_area
4366,Forest_2871.jpg,42.70068359375,73.814208984375,76.25,2.8268314585768257,3.6512256155143343,2.194408733007595,0,green_area
4367,Forest_902.jpg,37.932373046875,61.78076171875,75.66845703125,2.5995918462493357,2.8515999151414184,1.997542719473713,0,green_area
4368,Forest_916.jpg,39.8525390625,67.651611328125,75.60205078125,4.509401355436398,3.7718066922807925,2.9254800109206465,32,green_area
4369,Forest_2865.jpg,30.748046875,53.361328125,65.321044921875,3.3804926505322763,3.916400386334878,2.7091616989879497,14,green_area
4370,Forest_2130.jpg,29.692138671875,51.953369140625,65.197265625,2.916262443097348,3.980362363821785,2.4418335563554203,0,green_area
4371,Forest_725.jpg,46.449951171875,70.242431640625,87.80908203125,3.7249731277290197,3.7156061218526473,2.414692077513896,0,green_area
4372,Forest_731.jpg,34.766357421875,57.013916015625,73.15966796875,4.642529177217102,5.222028507690678,3.0419261551696564,0,green_area
4373,Forest_2124.jpg,47.79736328125,76.755126953125,81.655517578125,2.046684838699948,2.3118343812953284,1.6102800324459514,0,green_area
4374,Forest_719.jpg,27.6669921875,49.08984375,61.889404296875,2.947778615426193,3.635724219544978,2.6276446938894322,0,green_area
4375,Forest_2118.jpg,37.802490234375,58.087890625,67.28271484375,3.592024538210695,3.5969537138093823,2.821972598799183,0,green_area
4376,Forest_2119.jpg,31.066162109375,54.304443359375,68.048095703125,3.162473369003769,4.168138516659141,2.7913057831803223,0,green_area
4377,Forest_1404.jpg,37.856201171875,64.048095703125,75.3291015625,4.235680797570194,3.9904526302120056,2.486112358997489,0,green_area
4378,Forest_718.jpg,38.50048828125,62.64306640625,75.521728515625,2.6488868084690633,2.8197027165381656,1.9002252489135951,0,green_area
4379,Forest_730.jpg,37.169189453125,61.40283203125,77.841552734375,4.206050088958317,3.906103970659127,2.935761109515037,0,green_area
4380,Forest_2125.jpg,43.102294921875,67.985595703125,76.6181640625,3.721970061618388,5.017259034508437,2.6247585730564813,0,green_area
4381,Forest_2131.jpg,30.380126953125,53.24853515625,65.739501953125,4.035945132045641,5.258247595550041,3.2140077544553796,0,green_area
4382,Forest_724.jpg,31.822998046875,53.625732421875,68.36669921875,3.4781219670915706,4.049536040009947,2.754312038961479,0,green_area
4383,Forest_2864.jpg,39.962646484375,65.625,81.28515625,3.277426526521297,3.511560150061508,2.461070804921292,0,green_area
4384,Forest_917.jpg,37.37158203125,60.70556640625,75.143798828125,5.117955623371712,5.40130086612211,3.7410147069551702,0,green_area
4385,Forest_903.jpg,34.256591796875,60.447509765625,69.50341796875,5.6448288096630055,5.429787872264924,3.9519808172598236,47,green_area
4386,Forest_2870.jpg,43.879150390625,73.7978515625,76.445556640625,3.5536203564166655,3.6597412916374714,2.573711142614875,11,green_area
4387,Forest_2858.jpg,46.031494140625,76.947265625,79.23779296875,3.650133012608074,3.683876973304532,2.4771607936835793,0,green_area
4388,Forest_2469.jpg,47.11279296875,71.196044921875,87.7275390625,2.8471772637474753,2.6098697102024127,1.8360494376613667,0,green_area
4389,Forest_532.jpg,38.490478515625,61.88232421875,79.449462890625,4.200819205534237,4.860939264741662,2.530648984317268,0,green_area
4390,Forest_526.jpg,35.67626953125,60.290771484375,76.423583984375,2.208865161650413,2.696871884146401,1.8840978358503573,0,green_area
4391,Forest_297.jpg,34.60595703125,56.146240234375,71.583740234375,2.6980178745291306,2.5052387542358003,1.9354372272555935,0,green_area
4392,Forest_283.jpg,34.991943359375,59.036376953125,71.334228515625,2.4235747125716673,3.161566524550186,1.9436294904683118,0,green_area
4393,Forest_308.jpg,32.815185546875,56.055908203125,60.184326171875,6.755659799090028,6.23173497167509,4.153307044902521,6,green_area
4394,Forest_2253.jpg,43.55322265625,66.623046875,80.345458984375,6.901553788286496,5.3136024677522435,4.251326066592586,0,green_area
4395,Forest_320.jpg,36.040771484375,60.60205078125,75.0966796875,2.1312059632839007,2.676273005608035,1.8621771718273485,0,green_area
4396,Forest_1982.jpg,53.008544921875,75.077392578125,90.803466796875,7.864711485485984,5.528876312549971,4.84261052049351,37,green_area
4397,Forest_446.jpg,41.662841796875,74.395263671875,75.042724609375,4.162043205318816,4.260931143285572,3.129275325195716,10,green_area
4398,Forest_2521.jpg,34.556884765625,57.8427734375,75.883544921875,2.606367365163589,2.4809206573456626,1.9123526117465628,0,green_area
4399,Forest_452.jpg,40.017822265625,62.24609375,77.6171875,9.735738003676095,6.404228673108178,5.022404637207535,54,green_area
4400,Forest_334.jpg,39.069580078125,60.94580078125,77.5537109375,4.9051344690643415,3.7419173236706995,3.1138936855957158,0,green_area
4401,Forest_1996.jpg,36.574951171875,62.899169921875,68.508056640625,3.896644126275142,4.658120355730443,2.8385827939381723,0,green_area
4402,Forest_2247.jpg,39.135498046875,67.136962890625,76.356689453125,3.5312430373266666,2.4786275803792397,2.191173071873691,6,green_area
4403,Forest_1969.jpg,31.979248046875,53.87890625,63.5810546875,6.42153732544369,5.6280793979794685,4.1699460031137425,35,green_area
4404,Forest_1941.jpg,40.4990234375,79.065185546875,74.78515625,2.883648510797681,2.749893262265575,2.2501593639309054,0,green_area
4405,Forest_2290.jpg,32.4228515625,56.044921875,72.705078125,1.9782521862344318,2.525926808895397,1.8363021163867574,0,green_area
4406,Forest_485.jpg,43.9990234375,65.704345703125,82.49169921875,6.865369606042758,4.4760910704669925,3.8607259077187335,34,green_area
4407,Forest_491.jpg,47.998291015625,71.3623046875,88.8232421875,6.489643718648768,5.55794098292394,3.425619645694807,23,green_area
4408,Forest_2284.jpg,62.78515625,79.92041015625,114.349853515625,8.178085855310883,4.382862736759144,3.3057736805443634,0,green_area
4409,Forest_1955.jpg,35.8955078125,57.210205078125,72.174072265625,2.463566420405885,1.9787699770325662,1.7543811282657995,0,green_area
4410,Forest_678.jpg,32.250244140625,55.728515625,68.8623046875,3.0050616380047606,4.126186778113766,2.6892408898080378,0,green_area
4411,Forest_2079.jpg,48.787353515625,78.503173828125,79.922607421875,4.8626090753378435,4.07294207107283,3.1653823077909826,0,green_area
4412,Forest_644.jpg,36.9990234375,64.7705078125,74.52880859375,2.244459111361952,2.1986477857711693,1.745012464834033,0,green_area
4413,Forest_2051.jpg,43.57861328125,81.84716796875,77.900146484375,9.963025963945949,6.323750941013885,5.990474207318009,117,green_area
4414,Forest_2045.jpg,41.29736328125,66.6416015625,88.10302734375,3.373690845752502,3.6142037198735157,2.3944782294771065,0,green_area
4415,Forest_650.jpg,40.638916015625,65.214111328125,77.246337890625,2.478863618798516,2.0577136914652505,1.726010592527585,0,green_area
4416,Forest_888.jpg,46.62939453125,85.26953125,72.240234375,6.742932876281106,10.270135965459437,3.641718229602389,0,green_area
4417,Forest_2910.jpg,29.44384765625,51.161865234375,64.6923828125,4.474348682550499,5.255755851233553,3.728073997180661,6,green_area
4418,Forest_863.jpg,42.084228515625,64.756103515625,86.3935546875,4.386200538795577,4.38579436810306,2.739485841667516,0,green_area
4419,Forest_877.jpg,42.629638671875,70.715576171875,81.69775390625,1.934420553358159,2.9219855527311767,1.6647643279343975,0,green_area
4420,Forest_2904.jpg,34.481689453125,58.75244140625,64.721923828125,2.5174501681012753,3.2135491806428798,2.0923661028272145,0,green_area
4421,Forest_687.jpg,36.050537109375,63.71484375,73.987548828125,2.6764187798158603,2.94799229465342,2.2270073563403288,0,green_area
4422,Forest_2092.jpg,30.442626953125,54.266845703125,64.66552734375,3.910701130678779,4.560287821108304,3.029065436272559,0,green_area
4423,Forest_2086.jpg,34.62255859375,57.349853515625,69.015380859375,4.068819471431244,2.65889849175929,2.141709978566166,0,green_area
4424,Forest_2938.jpg,43.063720703125,73.084716796875,76.49267578125,4.386657707625278,6.371698043296798,3.410826207580753,0,green_area
4425,Forest_693.jpg,49.471923828125,72.74853515625,90.01904296875,3.7801125368264956,3.4808695655479234,2.6344933733245917,0,green_area
4426,Forest_2090.jpg,41.359130859375,67.32080078125,81.23583984375,3.439016657813622,4.455522046012049,2.740581292007222,0,green_area
4427,Forest_685.jpg,50.237060546875,90.9326171875,72.296630859375,5.629573102175717,8.959672594134206,3.780752598543238,16,green_area
4428,Forest_691.jpg,37.556396484375,65.044189453125,75.01904296875,2.655191535991357,3.021529263321392,2.0926136520130005,0,green_area
4429,Forest_849.jpg,36.929443359375,60.795166015625,77.9716796875,5.449174991555026,4.4795854291407435,3.6714000638244126,0,green_area
4430,Forest_2084.jpg,62.786376953125,80.798583984375,86.9912109375,11.492695538502655,6.215546281142531,4.8650660904945955,0,green_area
4431,Forest_861.jpg,45.27001953125,81.504638671875,72.6650390625,8.466462998368536,8.605133254428617,4.799709911322675,71,green_area
4432,Forest_2912.jpg,32.109375,56.037353515625,67.86767578125,3.822700237969883,3.8643782382157488,2.7694747337955987,18,green_area
4433,Forest_2906.jpg,41.0458984375,61.6298828125,79.806640625,5.282622119595065,4.6360958101906276,2.9287960883440842,0,green_area
4434,Forest_875.jpg,36.3525390625,60.01708984375,70.612060546875,2.3145542814787516,3.2320267634629203,1.9406831342555837,0,green_area
4435,Forest_2053.jpg,40.237060546875,63.388916015625,76.4736328125,6.27165806427936,4.768095076748719,3.8023414977055046,63,green_area
4436,Forest_646.jpg,34.954345703125,61.1181640625,67.000732421875,3.061083164225018,4.665594874781082,2.4380507091595116,0,green_area
4437,Forest_652.jpg,37.29736328125,60.259033203125,82.5556640625,2.336646084180108,2.2930008660168015,1.9192250909275848,0,green_area
4438,Forest_2047.jpg,43.009033203125,66.22607421875,90.027587890625,1.8815423472157895,1.6085901661444337,1.4241810427982333,0,green_area
4439,Forest_487.jpg,37.450927734375,64.1259765625,77.932373046875,4.55838150144834,4.494815701110634,2.991780215997831,0,green_area
4440,Forest_2292.jpg,40.054931640625,65.375244140625,82.049560546875,1.8955025139743935,2.20883843355543,1.7856947839898203,0,green_area
4441,Forest_1943.jpg,37.220947265625,65.643310546875,69.29931640625,3.113143238181924,4.152955599588609,2.2773424413556222,0,green_area
4442,Forest_1957.jpg,34.53759765625,56.102783203125,71.79736328125,1.9600632987213722,1.9155592535289439,1.4562140824632324,0,green_area
4443,Forest_2286.jpg,35.29931640625,59.716064453125,71.8779296875,2.2366704820334142,2.610954937057665,1.798638051083695,0,green_area
4444,Forest_493.jpg,31.94287109375,54.459228515625,67.8916015625,5.208181473107545,5.846782116990666,3.782278756417559,10,green_area
4445,Forest_444.jpg,53.68115234375,78.614990234375,79.356689453125,8.059283287588537,5.603993754100586,4.340766643797428,8,green_area
4446,Forest_1980.jpg,37.49560546875,60.28759765625,83.109130859375,2.733791049183367,2.738577572275342,2.159204186999709,0,green_area
4447,Forest_322.jpg,41.99462890625,65.68017578125,80.901611328125,3.007554040678559,3.420520218161406,2.5183578597712586,0,green_area
4448,Forest_2251.jpg,34.3076171875,57.940185546875,73.824462890625,5.723282065690507,5.634028029800025,3.881949062018623,35,green_area
4449,Forest_2245.jpg,36.631591796875,59.197265625,78.170654296875,2.8912191965925396,3.1204892982821395,2.17965740606938,0,green_area
4450,Forest_1994.jpg,39.372314453125,63.493408203125,81.826171875,2.5836220023678447,3.308068306914771,2.2760125223093532,0,green_area
4451,Forest_336.jpg,42.85693359375,74.170166015625,76.933837890625,3.9764984365522777,4.295550770012073,2.655012122789282,0,green_area
4452,Forest_450.jpg,38.054931640625,61.9775390625,75.9423828125,2.891538723021576,3.1154515683984916,2.270006665123385,0,green_area
4453,Forest_478.jpg,34.48046875,58.823974609375,68.51318359375,3.1951668479945514,2.891008660914096,2.1884645242968492,0,green_area
4454,Forest_2279.jpg,34.9326171875,62.656494140625,70.50390625,2.0247131803861973,2.4257372055109436,1.9576782862515836,0,green_area
4455,Forest_295.jpg,42.247314453125,63.3388671875,78.453857421875,3.469681408559074,3.693111869309653,2.2227779817683047,0,green_area
4456,Forest_281.jpg,38.022216796875,61.708740234375,73.779541015625,3.8049033650096313,3.1577783698833377,2.0205200696437893,7,green_area
4457,Forest_2443.jpg,54.477783203125,92.953369140625,73.69580078125,6.835896933298995,8.76853635790084,4.452466173123821,96,green_area
4458,Forest_530.jpg,33.509521484375,53.962646484375,65.640869140625,10.884510351473569,9.630088003193192,6.114242755973104,87,green_area
4459,Forest_242.jpg,45.5673828125,68.962158203125,85.761962890625,3.557953593757174,3.5173653512301324,2.3458799602037175,7,green_area
4460,Forest_1638.jpg,39.47021484375,60.91455078125,78.808349609375,3.9709752069821795,4.178514519211943,2.5981962288091878,0,green_area
4461,Forest_524.jpg,31.7626953125,53.92626953125,64.6474609375,2.1172503359996258,2.7445673166234976,1.7980929020525112,0,green_area
4462,Forest_2457.jpg,37.85546875,61.945556640625,81.425048828125,5.2781156911366995,4.653020564509141,3.2990214425014828,29,green_area
4463,Forest_2319.jpg,35.24609375,59.54638671875,76.6064453125,3.053795725807628,3.5619923748618003,2.3199620865321866,0,green_area
4464,Forest_518.jpg,35.27392578125,56.47021484375,75.87451171875,3.075413434217679,3.613274618606668,2.1019835209912854,0,green_area
4465,Forest_929.jpg,41.416748046875,63.827880859375,78.99267578125,3.782915796683938,3.992475099897996,2.5967499722383174,0,green_area
4466,Forest_915.jpg,31.134765625,53.484619140625,66.751953125,3.446848416679846,4.238294743810875,2.9153078092720732,0,green_area
4467,Forest_2866.jpg,43.81103515625,73.730224609375,78.141357421875,3.0439385373355585,3.8255698804868445,2.197030247266945,0,green_area
4468,Forest_2872.jpg,34.8974609375,60.253662109375,68.6416015625,3.0657242909566444,3.153984531492256,1.9079059849734625,0,green_area
4469,Forest_901.jpg,45.9619140625,62.782958984375,72.718017578125,6.029996198080456,4.925768562560717,3.6881391892631314,8,green_area
4470,Forest_2127.jpg,40.289306640625,60.86474609375,68.43798828125,5.642078492414411,5.506367703585924,3.8502311030297482,10,green_area
4471,Forest_732.jpg,50.31494140625,75.6962890625,91.0625,4.8335003851380085,3.912625534432457,2.9902184284764215,0,green_area
4472,Forest_2899.jpg,41.2548828125,67.324951171875,67.347900390625,6.945341541414079,3.8040534632838776,3.222966062507946,31,green_area
4473,Forest_726.jpg,33.313232421875,57.008544921875,67.20947265625,3.8202764825351743,4.6619276659376805,2.648254163129659,0,green_area
4474,Forest_38.jpg,34.13232421875,57.9169921875,65.53515625,2.3609928369506337,2.927500322897329,1.9914942114743737,0,green_area
4475,Forest_2133.jpg,41.10009765625,62.537841796875,79.12451171875,2.7628852938030666,2.7632906162145288,2.2211968804889675,0,green_area
4476,Forest_39.jpg,32.85009765625,56.152099609375,65.145751953125,3.809744135908376,4.51235938209746,2.7801958186493354,12,green_area
4477,Forest_727.jpg,37.30517578125,63.838134765625,70.138427734375,8.53357526509484,6.442422332110471,4.8045417019192165,59,green_area
4478,Forest_2132.jpg,43.822509765625,66.07470703125,80.9404296875,2.866834727940644,2.911333744520166,2.0245963648017975,0,green_area
4479,Forest_2126.jpg,48.0068359375,72.8310546875,88.80322265625,2.9907004543181013,2.52686202633509,2.2125462047687714,0,green_area
4480,Forest_2898.jpg,56.5810546875,80.0341796875,72.482421875,7.368626248757924,6.219362698376933,3.4731368085307963,0,green_area
4481,Forest_733.jpg,40.5849609375,66.861083984375,75.24560546875,4.922158563105127,4.297413511343524,2.652153131885505,0,green_area
4482,Forest_900.jpg,31.813232421875,56.06201171875,66.964111328125,4.1972869190867,4.878010113943766,3.2235902762069575,0,green_area
4483,Forest_2873.jpg,34.576171875,62.863037109375,66.534423828125,4.334078553505806,4.66835056802364,3.0637412280669563,0,green_area
4484,Forest_2867.jpg,36.689208984375,57.872314453125,76.3203125,3.6899277970892306,3.7967856361327845,2.124755845348766,0,green_area
4485,Forest_914.jpg,31.948974609375,55.08349609375,68.470703125,3.448786007443281,4.011136972053995,2.80304331920954,0,green_area
4486,Forest_928.jpg,43.387451171875,65.677734375,81.77099609375,3.507042126926577,4.111501629355552,2.4696000482714284,0,green_area
4487,Forest_519.jpg,31.49267578125,53.880859375,67.320068359375,3.006738049709303,3.4101847749021768,2.5301594091977675,0,green_area
4488,Forest_2318.jpg,35.5869140625,62.19482421875,72.47119140625,3.0667643538409903,2.987544548628263,2.467295882373281,9,green_area
4489,Forest_525.jpg,34.789306640625,60.815673828125,73.6826171875,1.8277357779340746,2.299787361743887,1.6267570386599193,0,green_area
4490,Forest_531.jpg,41.4580078125,62.11962890625,80.20263671875,3.745856348178473,3.3145402706920652,2.386168820822247,0,green_area
4491,Forest_2495.jpg,38.933349609375,60.47021484375,80.27099609375,2.578115740672737,2.323157778373471,1.9082465425547719,0,green_area
4492,Forest_294.jpg,45.148193359375,69.064697265625,86.515380859375,3.994229438372582,4.1493085604044495,2.6501322474859412,0,green_area
4493,Forest_2278.jpg,30.36767578125,52.841796875,72.117431640625,3.5377525953820177,4.712990182330135,2.672309695124261,0,green_area
4494,Forest_479.jpg,47.173095703125,76.066162109375,80.69677734375,7.011052155752706,4.992647672168351,3.7206992482242764,10,green_area
4495,Forest_337.jpg,35.152587890625,59.46923828125,74.71630859375,4.147242134992797,4.97567628548216,3.0399500867234477,0,green_area
4496,Forest_1995.jpg,48.29833984375,90.868408203125,73.14697265625,4.627623535642374,8.159692640634217,3.498727533091827,0,green_area
4497,Forest_2244.jpg,41.924560546875,65.181396484375,82.551513671875,2.944211465662275,3.178841733805159,2.3036745981387985,0,green_area
4498,Forest_451.jpg,41.16259765625,62.992919921875,82.375244140625,2.6465682913788577,2.618984675760579,2.045995144618287,0,green_area
4499,Forest_445.jpg,35.611083984375,64.936279296875,71.1240234375,2.0854228524247485,2.596871657662014,1.8707631880333448,0,green_area
4500,Forest_2250.jpg,34.939208984375,58.763671875,77.091552734375,4.156363457013147,5.2042095898257195,3.0772392334612952,0,green_area
4501,Forest_323.jpg,37.80126953125,66.193603515625,75.085205078125,2.6680909515588866,2.8213174461344543,2.1240383524754707,0,green_area
4502,Forest_1981.jpg,41.59033203125,63.631103515625,83.78564453125,2.344821481558937,2.3416447530402142,1.9252254775134698,0,green_area
4503,Forest_2287.jpg,50.690673828125,72.3173828125,88.71728515625,8.563912459633631,7.452804014703432,4.564495930370999,8,green_area
4504,Forest_1956.jpg,53.308837890625,99.126953125,75.218994140625,10.098445116288413,9.714101384922474,5.814905463612192,111,green_area
4505,Forest_492.jpg,41.369384765625,66.164794921875,83.7119140625,3.8041699740941075,4.4613619934779125,2.9115399853625137,0,green_area
4506,Forest_486.jpg,62.658447265625,77.30712890625,107.60693359375,8.76066826940251,5.508109075258557,3.8479766867183214,0,green_area
4507,Forest_1942.jpg,48.8388671875,71.743896484375,88.3544921875,4.1079682817952525,3.0052179317662664,2.2214594671074837,0,green_area
4508,Forest_2293.jpg,35.978759765625,65.95556640625,71.983642578125,2.637764357475606,3.418052698466842,2.005966688812305,0,green_area
4509,Forest_653.jpg,50.865234375,78.863037109375,85.450439453125,7.971899031210716,5.443606570529932,3.829302727285145,19,green_area
4510,Forest_2046.jpg,40.622802734375,63.947998046875,75.81787109375,2.670560267936304,2.3356068737581213,1.6215507139026453,0,green_area
4511,Forest_2052.jpg,36.55517578125,62.053466796875,67.806640625,4.285625338199019,3.9384699565322228,2.8580025469459627,10,green_area
4512,Forest_647.jpg,35.39501953125,61.44091796875,70.067138671875,3.148150901907504,3.7682402144214975,2.1863019523533023,5,green_area
4513,Forest_874.jpg,36.571533203125,64.862060546875,76.077880859375,2.6725164056279764,3.4016979406094503,2.4377081244209715,0,green_area
4514,Forest_2907.jpg,30.743896484375,51.618408203125,65.64306640625,3.8299532436649297,3.9986134077868427,2.9236777145237314,0,green_area
4515,Forest_2913.jpg,42.407958984375,64.673583984375,82.6845703125,2.279178240384617,2.4701628565478226,1.9142037475785205,0,green_area
4516,Forest_860.jpg,38.5712890625,61.302490234375,78.82373046875,4.880485285252673,4.1411914294056436,3.191431911556771,14,green_area
4517,Forest_848.jpg,38.871337890625,60.319091796875,78.671875,3.480806576209913,3.754162631771842,2.469096099157544,0,green_area
4518,Forest_690.jpg,39.251953125,60.78369140625,78.392333984375,3.549523528454592,3.6005489553358245,2.397840382058288,0,green_area
4519,Forest_2085.jpg,37.892333984375,65.7421875,71.62353515625,4.578778731245313,4.5020543813179055,3.082899660250117,8,green_area
4520,Forest_2091.jpg,49.382080078125,91.012939453125,73.647216796875,5.009537892063997,6.787445222517661,3.4322839784126056,0,green_area
4521,Forest_684.jpg,43.809326171875,70.134765625,85.7744140625,5.27412805062535,4.68446801356017,3.02114773572102,0,green_area
4522,Forest_2974.jpg,43.86669921875,72.2294921875,78.462890625,5.134785289008503,4.6740504274533095,2.8572977160311996,24,green_area
4523,Forest_807.jpg,39.675048828125,60.958251953125,74.861328125,6.890580533980578,4.149955909850986,3.559731461758595,18,green_area
4524,Forest_813.jpg,31.375244140625,54.667236328125,67.683837890625,2.85609655614995,3.4309398736796988,2.456236584944649,0,green_area
4525,Forest_2960.jpg,38.97314453125,70.68994140625,72.9091796875,3.909531306154002,6.607291810923123,2.9671136462204144,0,green_area
4526,Forest_2948.jpg,37.343017578125,59.09423828125,73.073974609375,5.779287257674795,4.262551090907539,3.536037465906267,46,green_area
4527,Forest_2009.jpg,44.4306640625,72.2158203125,80.966796875,5.08915409501137,5.267067097679923,3.2908150903294815,0,green_area
4528,Forest_608.jpg,34.614990234375,62.91845703125,70.31689453125,2.4313744947042575,3.2768111586186097,2.067977509806101,0,green_area
4529,Forest_2035.jpg,33.778076171875,58.94287109375,69.80078125,3.074326306101118,3.4952056950300765,2.298067159788512,0,green_area
4530,Forest_620.jpg,34.19970703125,55.4267578125,71.505615234375,2.9194357987322332,2.368207151669848,2.0416722313811575,0,green_area
4531,Forest_634.jpg,31.83203125,54.109130859375,66.96533203125,2.767276938666139,2.606436336726273,2.0297516798718873,0,green_area
4532,Forest_2021.jpg,39.367919921875,67.18359375,73.005126953125,8.38732978645245,8.431275735169674,4.543649315800753,0,green_area
4533,Forest_387.jpg,41.381103515625,67.495361328125,76.16015625,5.789354484288665,5.36977198202803,3.2868604378777535,6,green_area
4534,Forest_393.jpg,40.184814453125,62.314697265625,77.65673828125,3.6405611400979256,3.6495449746006896,2.4474643099932623,0,green_area
4535,Forest_378.jpg,41.19921875,62.2099609375,78.179443359375,4.2531421490056545,3.495373392747064,2.8854729902827394,0,green_area
4536,Forest_422.jpg,32.179443359375,54.00732421875,68.560302734375,3.567331877103841,3.8814770802581977,2.68163901354692,0,green_area
4537,Forest_2237.jpg,33.958740234375,59.55322265625,77.535888671875,3.4388501290206834,4.308773227249456,2.5259746516406394,0,green_area
4538,Forest_344.jpg,35.27734375,57.834716796875,73.50732421875,5.756088350658452,5.555629167532669,4.107199408455804,42,green_area
4539,Forest_350.jpg,41.87646484375,66.045654296875,80.318603515625,5.299328598645331,5.175307175139641,3.1891548405034196,0,green_area
4540,Forest_2223.jpg,38.2666015625,66.449462890625,74.95654296875,3.757767706780524,4.009069881291173,2.358301941850309,0,green_area
4541,Forest_436.jpg,35.406494140625,60.541748046875,69.74609375,6.329420917766691,4.480395149351463,3.5504847235921093,36,green_area
4542,Forest_595.jpg,40.348876953125,62.019775390625,77.5595703125,3.834352550425328,3.623969350836266,2.637223439835664,0,green_area
4543,Forest_581.jpg,38.493896484375,64.978759765625,80.5390625,6.142351208787805,5.202236976106403,3.662379677524403,0,green_area
4544,Forest_218.jpg,35.4990234375,60.876220703125,76.18017578125,2.030648714715493,2.5705971487749943,1.8377172406550883,0,green_area
4545,Forest_556.jpg,35.50732421875,64.40380859375,71.07666015625,2.475750570447213,3.011294680177224,2.3605609969758725,0,green_area
4546,Forest_230.jpg,40.518310546875,65.77734375,81.752197265625,4.838218280537076,4.7632150028196225,3.3386892275204763,0,green_area
4547,Forest_1892.jpg,32.766357421875,52.579345703125,63.955810546875,5.120792004667061,4.814128494924663,3.1720290029187175,8,green_area
4548,Forest_224.jpg,58.93505859375,78.157958984375,88.91064453125,8.612149700133195,5.076244857163632,3.808184542069156,25,green_area
4549,Forest_542.jpg,32.13330078125,58.616943359375,67.496337890625,2.2044664451898877,3.3027563111283413,1.8762980577336121,0,green_area
4550,Forest_9.jpg,43.080322265625,69.14501953125,85.353271484375,2.517641562409126,2.7517687138104523,2.086614248957503,0,green_area
4551,Forest_973.jpg,44.9423828125,93.299560546875,70.601318359375,5.301882826855436,9.12022883625356,3.6616530884360903,0,green_area
4552,Forest_967.jpg,41.3203125,68.0673828125,79.444580078125,6.933729091988939,4.632526665501191,3.6210046569991277,30,green_area
4553,Forest_2814.jpg,39.57666015625,63.46337890625,80.797607421875,2.4530716908487866,2.5874597500236702,1.7488288877688736,0,green_area
4554,Forest_2182.jpg,35.54248046875,59.204833984375,75.80126953125,2.803222911404796,3.2217501296997044,2.233240172829695,0,green_area
4555,Forest_89.jpg,43.738525390625,69.924560546875,86.925048828125,2.235574453698018,2.623217829219907,1.8604900799143123,0,green_area
4556,Forest_797.jpg,58.92578125,79.8359375,84.548583984375,7.260859282113133,4.473712006946105,3.8814315258950853,0,green_area
4557,Forest_2828.jpg,28.709228515625,50.0869140625,64.43017578125,4.6307157239188586,5.343728494879745,3.4288965586214397,7,green_area
4558,Forest_783.jpg,71.33447265625,83.866455078125,117.059326171875,7.18919430541219,4.704810509012706,4.169755540161276,35,green_area
4559,Forest_2196.jpg,41.544677734375,63.720703125,80.842529296875,1.9411397248269164,2.195659134944501,1.80056898806525,0,green_area
4560,Forest_768.jpg,37.7578125,64.521484375,76.63330078125,1.6808135760231562,2.0621513303176515,1.5392978701239535,0,green_area
4561,Forest_76.jpg,40.36767578125,62.76416015625,71.655517578125,4.236429398813605,4.1201492167274685,2.3925612717638254,0,green_area
4562,Forest_62.jpg,54.2841796875,76.681396484375,81.4208984375,10.420214153219808,8.143297042458073,4.966645856894777,0,green_area
4563,Forest_2169.jpg,42.62841796875,70.738037109375,84.65380859375,2.75684748291452,3.285113566843678,2.5221238156539116,0,green_area
4564,Forest_2141.jpg,51.906005859375,76.18994140625,86.616455078125,4.147571185905453,2.5003039652093846,2.12709288755308,0,green_area
4565,Forest_754.jpg,28.26708984375,49.394287109375,63.70654296875,4.375552524009465,5.070793417060658,3.274444752864207,0,green_area
4566,Forest_740.jpg,32.7607421875,55.931884765625,68.233642578125,2.4190773833545953,2.3725313984689516,1.7199856391296129,0,green_area
4567,Forest_998.jpg,52.9755859375,74.85205078125,109.631591796875,4.526170606572652,2.6799650354381983,2.3994970186989626,0,green_area
4568,Forest_2155.jpg,41.47802734375,63.432861328125,79.3115234375,2.6463982036680194,2.5804221236531943,2.1166250460079565,7,green_area
4569,Forest_999.jpg,45.13818359375,69.0810546875,88.310302734375,2.5765519863120043,3.125511280196294,1.8717814318622776,0,green_area
4570,Forest_741.jpg,33.551513671875,57.587890625,69.497802734375,4.540914548343753,5.2356192405280115,3.252552341550213,0,green_area
4571,Forest_2154.jpg,64.298095703125,79.968994140625,113.475830078125,7.691929382388622,4.727719699660653,3.784270719356182,0,green_area
4572,Forest_2140.jpg,35.04345703125,62.115234375,70.637451171875,2.183045948081473,2.9627245339076596,1.9468408272378586,0,green_area
4573,Forest_755.jpg,34.228759765625,58.90478515625,73.49755859375,1.8354322509306071,2.358022491629302,1.7411870435956966,0,green_area
4574,Forest_63.jpg,36.06396484375,63.1572265625,75.328125,2.228589604158657,2.519394792513558,1.9259357506482402,0,green_area
4575,Forest_2168.jpg,35.2197265625,61.958251953125,70.51025390625,2.7469908115940127,3.462404848505894,1.9986304720124268,0,green_area
4576,Forest_77.jpg,34.711181640625,59.57275390625,69.24560546875,3.6112795259662374,3.5589455724800523,2.532837122915742,9,green_area
4577,Forest_769.jpg,36.384521484375,58.981201171875,74.01025390625,2.3358919655945236,2.8195896966023493,2.125090148359974,0,green_area
4578,Forest_782.jpg,46.66552734375,68.510986328125,81.091064453125,5.571047077724354,2.6617363201666557,2.6689509291577553,0,green_area
4579,Forest_2829.jpg,40.9775390625,80.37646484375,77.005859375,2.612224005763407,3.6942962797629386,2.0950240628629087,0,green_area
4580,Forest_2197.jpg,32.76220703125,57.2470703125,71.981201171875,2.1641831898000365,2.6874075585368797,1.8777032915069747,0,green_area
4581,Forest_2183.jpg,34.206298828125,56.31396484375,71.006103515625,2.9996206421211418,3.0576428802492677,2.260330419755487,0,green_area
4582,Forest_796.jpg,39.527099609375,62.169189453125,76.3505859375,6.217198926057596,4.995744080047162,3.8174455178400706,42,green_area
4583,Forest_88.jpg,37.841552734375,65.1201171875,75.649658203125,2.3486494480106987,2.7902287628019122,1.8075268195762397,0,green_area
4584,Forest_2815.jpg,30.262939453125,50.311767578125,62.210205078125,5.240127767131764,4.890022746532481,3.63226687527988,16,green_area
4585,Forest_966.jpg,37.671142578125,65.09130859375,74.82470703125,2.022820794819138,2.6955661377913542,1.6305598732051552,0,green_area
4586,Forest_972.jpg,44.987060546875,69.167236328125,86.357177734375,2.4081929153263086,2.603353977550934,1.7423415693232318,0,green_area
4587,Forest_8.jpg,49.271484375,77.87060546875,81.52490234375,4.7373935657311455,5.709722658460093,3.1453035721176037,0,green_area
4588,Forest_225.jpg,45.730712890625,70.222412109375,85.690673828125,3.9625929207842505,3.4543755713556052,2.457106827148172,0,green_area
4589,Forest_543.jpg,30.269287109375,53.150634765625,65.198486328125,3.066562050912953,4.168334708910754,2.6774717796220475,0,green_area
4590,Forest_557.jpg,38.805419921875,60.65185546875,79.287109375,3.9081220413482316,3.8831676113529685,2.70941101543068,0,green_area
4591,Forest_231.jpg,46.76611328125,68.683837890625,82.019775390625,2.862998750705693,2.0094728098982952,1.7171440077351197,0,green_area
4592,Forest_219.jpg,44.939453125,68.724365234375,84.102783203125,3.461950838353678,3.8333130772027806,2.2106878321645427,0,green_area
4593,Forest_580.jpg,40.35107421875,61.969970703125,79.000732421875,3.8685415960577543,4.080109263329132,2.561022716452003,0,green_area
4594,Forest_594.jpg,45.05029296875,75.925048828125,84.313720703125,2.116690996235471,2.761162978476563,1.6919695508654273,0,green_area
4595,Forest_2222.jpg,43.252685546875,74.81396484375,76.348876953125,4.376268523099958,4.782736727872342,2.9020658234184173,0,green_area
4596,Forest_351.jpg,40.226806640625,64.187744140625,75.82568359375,5.042502378000768,4.2614913795860225,3.300003628295291,0,green_area
4597,Forest_437.jpg,34.539306640625,59.045654296875,73.561279296875,2.5089523125704836,3.1374930997217905,2.1386635000683265,0,green_area
4598,Forest_2550.jpg,40.156494140625,64.3115234375,75.884521484375,5.711032344797658,5.272702404639217,3.52946507233094,0,green_area
4599,Forest_423.jpg,41.29052734375,65.3935546875,80.48681640625,3.201191202120481,3.0869397044964737,2.4315476242726226,0,green_area
4600,Forest_345.jpg,29.459228515625,50.086181640625,63.53662109375,4.8042032571553275,5.519288308101343,3.5127594862148697,0,green_area
4601,Forest_2236.jpg,33.794921875,59.31787109375,68.88623046875,5.026097283195629,5.581868750607469,3.5151382787536476,0,green_area
4602,Forest_379.jpg,31.1337890625,53.657470703125,65.776611328125,4.200907976914678,4.529860546573958,2.9265336926819967,0,green_area
4603,Forest_392.jpg,43.200439453125,63.833251953125,81.025146484375,4.5964713242884425,3.9557831689171707,2.719396919805672,0,green_area
4604,Forest_386.jpg,28.406494140625,49.574951171875,59.853515625,3.460582559954688,4.1594498370378945,2.6839597582920014,0,green_area
4605,Forest_635.jpg,43.179443359375,71.607666015625,80.92529296875,2.7876116294062943,2.8706029251847838,1.9093941570513437,0,green_area
4606,Forest_2020.jpg,37.4013671875,69.34326171875,68.41455078125,3.4036024811291257,7.24126248177352,2.79788270836449,0,green_area
4607,Forest_2034.jpg,36.56982421875,62.31298828125,78.533447265625,2.6028656774266996,3.9872461782288,2.094765246196387,0,green_area
4608,Forest_621.jpg,32.457275390625,56.17431640625,67.466552734375,3.846369889454699,4.4633254359011385,2.764583919719604,0,green_area
4609,Forest_609.jpg,32.970458984375,54.466064453125,70.87939453125,2.5999279557847066,2.7871813053079797,2.1479926186226974,0,green_area
4610,Forest_2008.jpg,37.963134765625,81.201904296875,73.3115234375,2.4970408927607646,3.1262507319916635,2.2708719466073344,0,green_area
4611,Forest_2949.jpg,32.885009765625,58.218017578125,69.06884765625,2.549454196317985,3.1842166876256255,2.206755926462843,0,green_area
4612,Forest_2961.jpg,43.708251953125,70.978271484375,75.59521484375,6.816769753631086,6.608785179099388,3.8288859642564,21,green_area
4613,Forest_812.jpg,33.653564453125,57.42724609375,67.636962890625,6.126901170962073,6.093235541904265,4.088174991404067,13,green_area
4614,Forest_806.jpg,56.680908203125,76.443603515625,78.7998046875,8.763549038676745,5.5828492864576,4.5216449882042955,26,green_area
4615,Forest_2975.jpg,40.108154296875,61.8466796875,71.13525390625,4.198652582370024,3.4135427537640277,2.7774319534138217,9,green_area
4616,Forest_810.jpg,34.49658203125,59.171875,74.146484375,3.9841590673239473,4.238639457788902,2.9250112419238423,0,green_area
4617,Forest_2963.jpg,41.03955078125,67.99365234375,82.213623046875,1.9379783163009112,2.596846559003849,1.7463745813023166,0,green_area
4618,Forest_2977.jpg,40.82861328125,63.84521484375,82.831787109375,3.175209397447058,3.322870933831867,2.303779022129202,0,green_area
4619,Forest_804.jpg,44.587158203125,67.755859375,82.586181640625,4.211129822877469,3.822727680299057,2.525339254401116,0,green_area
4620,Forest_838.jpg,30.40625,52.0205078125,65.359375,3.402449140876319,3.8873378854785012,2.7477352179795274,0,green_area
4621,Forest_2022.jpg,50.00732421875,76.352294921875,78.432373046875,16.768338988986645,12.230519411901364,10.101888980295271,289,green_area
4622,Forest_637.jpg,37.176025390625,63.653564453125,75.9130859375,5.613575327051407,6.170142319265126,3.4987811282273356,0,green_area
4623,Forest_2988.jpg,41.84912109375,78.69970703125,77.314208984375,3.452550745376352,5.369151970555435,2.9476475755698868,0,green_area
4624,Forest_623.jpg,32.57666015625,53.874755859375,69.607666015625,2.7916732664647066,3.1368816993734567,2.12698203103116,0,green_area
4625,Forest_2036.jpg,43.996337890625,72.901611328125,77.47509765625,2.756603624404482,3.5107726709902014,2.068260183288301,0,green_area
4626,Forest_390.jpg,37.962158203125,66.230224609375,76.537353515625,6.792961059179882,6.296116932372931,4.267206806989843,72,green_area
4627,Forest_384.jpg,50.2431640625,71.237548828125,87.583740234375,9.831239676788401,6.528817298705903,4.390299062068189,31,green_area
4628,Forest_409.jpg,30.625244140625,52.057861328125,59.656982421875,2.732175443714972,3.595831152332185,2.4124848355424455,0,green_area
4629,Forest_2208.jpg,40.287353515625,70.4716796875,76.9990234375,2.508519901791284,3.661411782516397,1.8612776566315095,0,green_area
4630,Forest_435.jpg,35.131591796875,59.290283203125,72.6826171875,3.609073040043691,4.579747293394963,2.5685619201859997,0,green_area
4631,Forest_353.jpg,38.31103515625,65.00830078125,74.78515625,5.752881012508127,4.663786836845209,3.505887121234216,81,green_area
4632,Forest_2220.jpg,37.699951171875,66.1171875,75.279052734375,3.078967206729525,3.178823592713781,2.02221806429545,0,green_area
4633,Forest_2234.jpg,41.2841796875,67.93896484375,75.754638671875,5.4262908630308795,4.345175721815119,2.97057558446772,0,green_area
4634,Forest_347.jpg,32.821533203125,57.86083984375,68.07470703125,1.8874935825819852,2.541581861196384,1.6638343188947065,0,green_area
4635,Forest_421.jpg,38.601318359375,79.19970703125,73.746337890625,3.5925933220382125,3.685998093518133,2.605650648090113,0,green_area
4636,Forest_582.jpg,39.06640625,64.69775390625,80.482666015625,2.3483256117308215,2.9256667966572794,2.2563262456337485,0,green_area
4637,Forest_596.jpg,34.72265625,60.21484375,73.7119140625,2.363300619755332,2.5525214202011974,2.0168999476584717,0,green_area
4638,Forest_1675.jpg,43.653076171875,76.48583984375,75.23779296875,4.493213775167402,4.588144398471454,3.379134824220996,20,green_area
4639,Forest_569.jpg,40.51708984375,68.41845703125,81.34814453125,2.0331003417786837,2.599709111227146,1.9589005791797391,0,green_area
4640,Forest_541.jpg,30.923095703125,56.104736328125,68.203369140625,3.6034100855643896,4.843701313143276,2.984562882905376,0,green_area
4641,Forest_227.jpg,37.71533203125,59.46142578125,73.730712890625,5.0211971858131355,3.822984599550177,3.2056002752369888,21,green_area
4642,Forest_2340.jpg,31.799560546875,56.16845703125,67.471435546875,2.0880542401973066,2.8143988662985273,1.9892691835238563,0,green_area
4643,Forest_555.jpg,37.566650390625,60.897216796875,83.247314453125,2.359830483939373,2.329316404018648,1.9372776119210386,0,green_area
4644,Forest_964.jpg,32.473388671875,52.299560546875,59.836181640625,6.0458271735317926,5.308303471390926,4.062111696612574,0,green_area
4645,Forest_2817.jpg,44.993408203125,88.7041015625,72.041015625,6.897598193943233,9.843097338157083,5.04324824639397,31,green_area
4646,Forest_2803.jpg,47.44140625,80.82373046875,70.757080078125,7.627047904740794,8.602988406426158,4.763839180711419,12,green_area
4647,Forest_970.jpg,41.42724609375,64.732177734375,82.32666015625,4.676975668140189,4.3815018365179865,2.7890046698721616,0,green_area
4648,Forest_2195.jpg,38.68896484375,58.98291015625,67.04345703125,3.9914991826789263,4.14880688418256,3.098412862690338,0,green_area
4649,Forest_958.jpg,31.353271484375,56.869140625,68.30517578125,2.8096259691376155,3.3136001775221176,2.420136990965274,0,green_area
4650,Forest_780.jpg,38.882080078125,64.064697265625,79.7607421875,4.0696464989480345,4.256883649390202,2.5948570370846475,0,green_area
4651,Forest_794.jpg,53.218994140625,73.218017578125,81.48828125,7.036119186525831,5.88667204698491,3.925248720100223,0,green_area
4652,Forest_2181.jpg,45.3232421875,77.772216796875,77.136962890625,4.284556984184038,5.703499094568975,3.3096303835876664,0,green_area
4653,Forest_1488.jpg,33.364501953125,56.51904296875,67.4853515625,3.035145635598572,3.163223833621514,2.1520067563854925,0,green_area
4654,Forest_61.jpg,34.942626953125,58.81201171875,69.1865234375,3.5208474174007143,4.084891686888732,2.2898753939381034,0,green_area
4655,Forest_75.jpg,38.86328125,63.99267578125,80.23876953125,2.403886699628008,3.193460277398124,2.2277811028457566,0,green_area
4656,Forest_2156.jpg,32.779296875,59.7353515625,69.31884765625,3.7269632375924013,3.7183928758979743,2.6687017414098344,0,green_area
4657,Forest_743.jpg,38.344482421875,62.3427734375,78.18115234375,4.237715912834901,4.8622817395019835,2.5910935644248516,0,green_area
4658,Forest_757.jpg,34.994384765625,57.923583984375,68.573486328125,3.141086364184836,3.387097884167359,2.0027983727970984,0,green_area
4659,Forest_49.jpg,51.834716796875,78.033935546875,80.82470703125,7.859097026512635,6.504098072602634,4.650534969238143,0,green_area
4660,Forest_2142.jpg,52.8837890625,81.690673828125,84.13671875,5.507600474503881,5.002857673122248,3.629087051470168,0,green_area
4661,Forest_48.jpg,27.728271484375,48.490966796875,63.9091796875,3.366836414487825,3.9213354263874574,2.74352108080791,0,green_area
4662,Forest_756.jpg,35.125244140625,59.6962890625,78.60302734375,2.119175712892658,2.2324720695773266,1.840471294312905,0,green_area
4663,Forest_2143.jpg,41.28564453125,66.328369140625,81.72998046875,1.631132950365165,2.144404937415086,1.4006275099017333,0,green_area
4664,Forest_2157.jpg,40.712890625,69.8330078125,74.214111328125,2.001242251836871,3.2145671146071852,1.9166738796789475,0,green_area
4665,Forest_742.jpg,44.9658203125,74.797607421875,81.23681640625,7.3766089155324215,5.730120538430663,4.426104649093922,60,green_area
4666,Forest_74.jpg,44.54736328125,64.610107421875,83.422119140625,4.83372984553225,3.3007730788631986,2.733935500655239,0,green_area
4667,Forest_60.jpg,37.39013671875,64.15087890625,67.04833984375,8.086576235693508,4.840491767955897,4.270813828710662,12,green_area
4668,Forest_795.jpg,38.789794921875,66.83544921875,75.630615234375,4.2740591249133955,3.5458455545384395,2.9004529233464837,27,green_area
4669,Forest_2180.jpg,42.47900390625,63.737060546875,78.44873046875,3.465869945128819,2.679576537834911,2.203913500211704,0,green_area
4670,Forest_2194.jpg,41.353515625,65.9228515625,81.09716796875,4.0117049620929075,3.7981807519971067,2.7644032942660517,0,green_area
4671,Forest_781.jpg,32.422119140625,55.41748046875,64.193115234375,2.1257556104813675,2.6901380765143412,1.6625944117935947,0,green_area
4672,Forest_959.jpg,36.306640625,61.184326171875,72.972900390625,3.12682990856548,3.9199084256506436,2.50078073470001,0,green_area
4673,Forest_971.jpg,37.97998046875,59.33740234375,78.058837890625,3.1706185318670124,3.34373941152447,2.1986779179774834,0,green_area
4674,Forest_2802.jpg,34.1796875,56.676025390625,77.080322265625,3.5130806765350195,4.3362988501837965,2.622141951109792,0,green_area
4675,Forest_2816.jpg,32.967529296875,55.607177734375,70.871826171875,2.822148441403033,3.203885160356757,2.298187801923242,0,green_area
4676,Forest_965.jpg,31.573486328125,53.861083984375,66.281005859375,4.80985825969214,5.043752826514982,3.26003417411105,0,green_area
4677,Forest_232.jpg,40.813720703125,77.007080078125,76.0576171875,2.7803223916806403,4.279219257133098,2.291522374089895,0,green_area
4678,Forest_554.jpg,37.07861328125,59.479736328125,76.73291015625,4.300444157527349,3.504890490778869,2.7552242506945963,0,green_area
4679,Forest_540.jpg,30.679931640625,52.21533203125,67.85693359375,3.3692583677201124,4.012677576764392,2.6411409946087145,0,green_area
4680,Forest_226.jpg,50.8447265625,83.51220703125,82.43603515625,12.086755548568728,7.822858596024094,6.582915439701777,79,green_area
4681,Forest_568.jpg,42.5283203125,64.72509765625,78.604736328125,3.413363946116778,2.2107282344062007,1.8995186039022867,0,green_area
4682,Forest_597.jpg,35.42431640625,60.571533203125,75.1396484375,3.0861862275528815,3.607549618626288,2.361501581653887,0,green_area
4683,Forest_583.jpg,36.826171875,65.457275390625,74.44091796875,1.7487603292644147,2.868816515830832,1.575237313814453,0,green_area
4684,Forest_2396.jpg,36.8486328125,61.264892578125,72.932373046875,2.4878686296302583,3.257338153144265,2.0574196031281584,0,green_area
4685,Forest_346.jpg,38.648681640625,60.74609375,78.696533203125,4.594320034808313,4.326797447011003,3.0283406935679196,0,green_area
4686,Forest_2235.jpg,44.320556640625,71.795166015625,78.178955078125,3.123050529854779,2.92188102803144,2.1244154715211137,0,green_area
4687,Forest_420.jpg,33.863037109375,57.768798828125,77.018798828125,3.475435695846874,4.778595374427367,2.7228575513026985,0,green_area
4688,Forest_434.jpg,31.7060546875,55.687255859375,67.428955078125,1.9139247299748434,2.5374333598401613,1.8261424832350226,0,green_area
4689,Forest_2221.jpg,36.820068359375,64.696044921875,78.725341796875,3.105579906849443,4.51101559530745,2.4499885164692397,0,green_area
4690,Forest_352.jpg,36.803955078125,80.8828125,72.938720703125,2.0994311873652887,3.4508175973012176,1.9475306691165368,0,green_area
4691,Forest_2209.jpg,48.701171875,67.857421875,82.20654296875,4.07001211628528,2.145053264961382,1.8394590327892428,0,green_area
4692,Forest_408.jpg,35.742431640625,63.362060546875,74.8740234375,1.9245576666142978,2.352175699171211,1.6355573589607562,0,green_area
4693,Forest_385.jpg,52.97802734375,77.9033203125,83.282470703125,7.945616274627621,7.474430940330836,4.460497772670789,0,green_area
4694,Forest_391.jpg,47.27587890625,93.95849609375,73.3779296875,3.9424032230146504,7.262532008588051,2.8627867642484572,15,green_area
4695,Forest_622.jpg,34.775634765625,63.08251953125,68.717529296875,2.3169724671387124,4.323302491523382,2.0644037968021345,0,green_area
4696,Forest_2989.jpg,41.896484375,63.403564453125,79.85546875,4.690678853762092,4.030399254918664,2.6014774526263795,0,green_area
4697,Forest_2751.jpg,37.94921875,64.84423828125,75.018798828125,3.889571817166825,3.792487949812372,2.3786748137747047,16,green_area
4698,Forest_2037.jpg,48.476318359375,71.739013671875,82.792236328125,1.9067432046941477,2.188839189138122,1.6553795704532592,0,green_area
4699,Forest_2023.jpg,34.062744140625,57.759521484375,63.429931640625,5.200212087111662,4.967770359944972,3.653908517774425,10,green_area
4700,Forest_636.jpg,28.878173828125,51.03662109375,60.3798828125,4.694479406651102,5.0433788886264095,3.7356791114557857,20,green_area
4701,Forest_839.jpg,33.322509765625,56.368408203125,66.686279296875,2.137769799744937,3.222202033197982,1.6013810031675022,0,green_area
4702,Forest_805.jpg,55.921142578125,83.838134765625,73.74462890625,13.637157071449687,9.015986281615325,6.664183978888707,132,green_area
4703,Forest_2976.jpg,45.314697265625,79.01220703125,77.821044921875,3.6614331325497598,4.590916155261176,2.9735908693258852,0,green_area
4704,Forest_2962.jpg,41.27587890625,84.013427734375,70.7353515625,5.914145203267865,6.682501444468572,3.468015163357682,0,green_area
4705,Forest_811.jpg,27.697265625,48.63232421875,60.668212890625,2.9033339442687884,3.5344385588282905,2.367695454904955,0,green_area
4706,Forest_829.jpg,36.9560546875,61.73095703125,77.86962890625,4.008538550333435,4.750244510782175,3.023685060760202,0,green_area
4707,Forest_197.jpg,41.904052734375,74.06005859375,74.5263671875,12.112159888686001,9.521552771689436,6.657224700197774,57,green_area
4708,Forest_815.jpg,43.5341796875,74.0322265625,80.322998046875,3.371207897247276,3.429740748937073,2.0140905971653646,0,green_area
4709,Forest_2966.jpg,38.969482421875,60.390625,78.7392578125,2.938130970413059,3.09505180944116,1.9947151454926377,0,green_area
4710,Forest_2972.jpg,29.37158203125,50.73388671875,64.33837890625,5.234455506573928,5.554021288358765,3.9372831920697617,20,green_area
4711,Forest_801.jpg,35.747802734375,60.93701171875,79.585205078125,3.9624236063407294,4.724482988399384,2.9807431855850504,0,green_area
4712,Forest_632.jpg,37.1513671875,62.147705078125,80.72998046875,2.772816935139848,3.5532238891985246,2.0430760546889903,0,green_area
4713,Forest_2999.jpg,45.065673828125,74.343505859375,82.1494140625,5.134883137806002,4.667448970952981,3.3234106352401365,25,green_area
4714,Forest_2027.jpg,42.079345703125,62.75341796875,81.981201171875,5.3093559778960575,3.3690975639798,2.5498713437517053,0,green_area
4715,Forest_2033.jpg,42.724853515625,69.931884765625,84.041015625,1.8885519311131156,2.4969706181633455,1.8052866548019069,0,green_area
4716,Forest_626.jpg,42.9287109375,68.595703125,82.896484375,2.8028124648855606,3.1588202860190124,1.9491903727268045,0,green_area
4717,Forest_395.jpg,44.111328125,76.579345703125,77.856201171875,5.344235046859746,4.8576467145260365,3.376457385360413,0,green_area
4718,Forest_1937.jpg,50.7841796875,75.288330078125,109.0361328125,2.574534187035084,2.5406116513397774,2.017541019065248,0,green_area
4719,Forest_381.jpg,39.553955078125,63.80078125,76.2685546875,9.568651972367608,8.305763210846337,4.789122140833514,0,green_area
4720,Forest_356.jpg,31.8828125,55.43603515625,65.707275390625,2.8777055034947114,3.511325190368166,2.0923516315240263,0,green_area
4721,Forest_2225.jpg,36.98388671875,80.73681640625,72.89208984375,2.3014376728834867,3.1734635833314417,2.067955835040512,0,green_area
4722,Forest_2543.jpg,38.1142578125,63.064453125,66.787353515625,5.1275843175449305,4.699437517637375,2.923160851425722,0,green_area
4723,Forest_430.jpg,47.1142578125,68.015625,75.6640625,8.648497873317812,5.570372764400512,5.039970848362493,80,green_area
4724,Forest_424.jpg,41.884765625,63.4169921875,80.704345703125,2.8343598993103116,2.856845591612183,2.0436498115783803,0,green_area
4725,Forest_2231.jpg,32.697265625,57.479248046875,68.265869140625,2.7965087650843077,3.019558480795081,2.179643733087663,10,green_area
4726,Forest_342.jpg,38.76416015625,57.865234375,70.77490234375,2.5388667574037784,2.2784448386055693,1.7511477793580863,0,green_area
4727,Forest_2219.jpg,26.2490234375,45.953125,58.68115234375,3.0244768115867053,4.420881072040391,2.640929390783457,0,green_area
4728,Forest_418.jpg,41.47314453125,67.779541015625,76.701904296875,3.193585103774161,3.5812938184870204,2.261959596766355,0,green_area
4729,Forest_2392.jpg,45.851318359375,71.13916015625,88.188720703125,2.9939087282123444,3.2173342878324713,2.1336633431347614,0,green_area
4730,Forest_587.jpg,45.576171875,68.47314453125,86.82958984375,3.3015086800141815,3.0666842389294366,2.096491541813811,0,green_area
4731,Forest_593.jpg,35.75830078125,57.55322265625,74.241943359375,5.171349052124179,5.1555964893852675,3.682240493433222,11,green_area
4732,Forest_222.jpg,36.732666015625,62.7392578125,80.34423828125,3.325823341696487,3.932273544707656,2.288442430065053,0,green_area
4733,Forest_2437.jpg,34.176513671875,58.91455078125,71.35302734375,2.4113876066004414,2.9159822251284413,1.867139935386424,0,green_area
4734,Forest_544.jpg,38.10693359375,63.837646484375,71.873779296875,4.657538702901749,5.804283400135558,3.0414512581952766,5,green_area
4735,Forest_550.jpg,47.311279296875,83.491455078125,72.246337890625,5.43804143533883,5.299425568805562,3.3049901999502853,0,green_area
4736,Forest_578.jpg,37.4892578125,64.436767578125,65.530517578125,2.888957599491158,3.565158780415512,2.1824822642292845,0,green_area
4737,Forest_785.jpg,31.157470703125,54.813720703125,66.679931640625,3.758240665462008,4.054164191196596,2.7750717183889133,23,green_area
4738,Forest_2190.jpg,35.601318359375,63.339599609375,71.1865234375,4.527745220035416,4.262464973719708,3.287178279088797,7,green_area
4739,Forest_2184.jpg,42.85693359375,66.831787109375,85.91064453125,3.0328669610457215,3.389476379406203,2.1762711745562564,0,green_area
4740,Forest_949.jpg,38.3505859375,60.60888671875,78.631103515625,3.6006916176517043,4.027355086775917,2.476628913349912,0,green_area
4741,Forest_791.jpg,40.130126953125,61.66357421875,78.342041015625,5.803454872784435,4.155145684865975,3.570160367967414,0,green_area
4742,Forest_961.jpg,36.478515625,63.749755859375,75.337158203125,2.637808657840985,3.587171279986203,2.2328657775245966,0,green_area
4743,Forest_2812.jpg,42.76318359375,66.167724609375,89.90673828125,2.215131737556671,2.111270744962617,1.6917173879125897,0,green_area
4744,Forest_2806.jpg,41.76806640625,65.090087890625,80.584716796875,4.307732393103152,5.196851453653235,2.9344483513647397,0,green_area
4745,Forest_975.jpg,47.76611328125,91.80029296875,71.947509765625,4.632066406075409,6.417228391343829,3.2245743193358494,0,green_area
4746,Forest_746.jpg,36.658935546875,63.83349609375,78.4033203125,3.6285856780830663,4.952174700240642,2.8093608715818092,0,green_area
4747,Forest_58.jpg,35.746337890625,62.44677734375,68.728759765625,4.38329139173891,3.6180697986097083,2.6138926134466955,0,green_area
4748,Forest_2153.jpg,43.144775390625,65.761962890625,79.7744140625,7.707404810595741,6.560768257714594,3.9617790216078745,7,green_area
4749,Forest_2147.jpg,41.726318359375,66.3955078125,83.86328125,8.67743632036328,6.337845107092904,4.637952658059204,68,green_area
4750,Forest_752.jpg,45.671142578125,69.49072265625,92.5244140625,4.209597393807718,4.2163085372032425,2.8445036172506875,0,green_area
4751,Forest_64.jpg,37.625,63.3359375,79.779541015625,5.081225015313729,4.836126813741938,3.185351816610426,24,green_area
4752,Forest_70.jpg,39.765380859375,65.70947265625,82.21044921875,2.0550012240208972,3.0100041715143138,1.744452197704917,0,green_area
4753,Forest_71.jpg,54.097900390625,81.5068359375,84.714111328125,7.041169078916545,6.978968975246881,4.521115400448052,0,green_area
4754,Forest_65.jpg,31.7412109375,54.580078125,66.218017578125,5.572710160561948,5.594922502269043,3.299736254801815,7,green_area
4755,Forest_2146.jpg,39.880859375,63.66943359375,79.86572265625,4.5229411799983215,3.8624549035955047,2.817536612664589,17,green_area
4756,Forest_753.jpg,34.248046875,57.191650390625,74.938720703125,5.11364940603115,5.8926048240271705,3.5429706930977436,0,green_area
4757,Forest_59.jpg,45.859130859375,67.939453125,80.507568359375,3.967818496301787,2.841988825132452,2.5522740597722593,0,green_area
4758,Forest_747.jpg,42.270751953125,64.136474609375,80.137939453125,2.637559985432369,2.987143296131095,1.9921148399117397,0,green_area
4759,Forest_2152.jpg,42.134033203125,84.11572265625,71.70751953125,8.900126949085337,10.809419126880984,4.613573522135502,28,green_area
4760,Forest_974.jpg,53.942626953125,77.200927734375,109.90283203125,4.0497853113303774,3.2232082472179684,2.409967053374174,0,green_area
4761,Forest_2807.jpg,31.39404296875,51.11572265625,61.9775390625,5.234352020668718,5.648197554138882,3.465578983919804,25,green_area
4762,Forest_2813.jpg,36.89306640625,63.1357421875,74.83154296875,3.584538571284693,3.4188602353025073,2.33810594629979,0,green_area
4763,Forest_960.jpg,35.57763671875,59.645263671875,73.709716796875,2.536612352607653,2.540375531419202,1.8408248294198146,0,green_area
4764,Forest_2185.jpg,35.894775390625,59.38134765625,71.864013671875,4.031784369662753,3.399661595669874,2.4815360949295258,0,green_area
4765,Forest_790.jpg,39.912841796875,61.934326171875,77.970458984375,6.706236248411103,5.335458976992927,3.4854407540899106,17,green_area
4766,Forest_948.jpg,40.453125,61.697021484375,79.54248046875,3.8395874310432103,3.962008412370508,2.4065852241349734,0,green_area
4767,Forest_784.jpg,37.299560546875,61.5556640625,71.339111328125,4.574935941560379,3.965774862765913,3.1199949906229496,11,green_area
4768,Forest_2191.jpg,35.65185546875,60.604736328125,81.87646484375,5.712931335825831,4.3119640777516794,3.322416289791255,0,green_area
4769,Forest_2378.jpg,33.5732421875,60.6455078125,70.064453125,2.6702767215159957,3.158850929570983,2.13548564024152,0,green_area
4770,Forest_579.jpg,41.837158203125,79.53515625,77.169189453125,3.4348848191847017,4.267854771496558,2.7602681042022463,0,green_area
4771,Forest_551.jpg,32.99365234375,57.0634765625,60.89892578125,5.280414018546286,4.239632808512217,3.1775332564827825,0,green_area
4772,Forest_223.jpg,35.798828125,57.031005859375,76.697265625,4.473234047695133,3.7156323018174735,2.757651348646772,21,green_area
4773,Forest_545.jpg,35.58447265625,64.48193359375,71.005615234375,2.6027128866523235,2.999864217546389,2.3695904083866295,0,green_area
4774,Forest_592.jpg,38.237548828125,65.0966796875,75.343505859375,3.0461082765360525,3.102485884419928,2.1495416058313555,0,green_area
4775,Forest_586.jpg,41.871826171875,75.25244140625,76.114501953125,6.042284852223435,5.224804113448706,3.5633667594152527,6,green_area
4776,Forest_419.jpg,51.373779296875,90.010009765625,74.67138671875,7.2099639425487165,7.510386518946087,4.233472185911478,35,green_area
4777,Forest_2218.jpg,32.796875,58.51123046875,68.914306640625,4.245603194408893,4.630789329484948,3.06954394129389,17,green_area
4778,Forest_425.jpg,30.72119140625,53.70654296875,66.413818359375,2.6207927866489458,3.2191771807109246,2.1235966115458895,0,green_area
4779,Forest_343.jpg,39.006591796875,63.383056640625,76.026611328125,2.543029210182014,3.076577344541835,1.8763080961266525,0,green_area
4780,Forest_2230.jpg,41.43701171875,62.59814453125,77.3955078125,4.562814335903354,3.1084148132103793,2.5175786932093036,0,green_area
4781,Forest_2224.jpg,49.5302734375,72.429931640625,91.0595703125,4.061124950396372,3.997249126745104,2.8486164080775516,0,green_area
4782,Forest_357.jpg,34.743896484375,60.1064453125,73.952392578125,2.0686666460330225,2.5796676182110705,1.9594096732836184,0,green_area
4783,Forest_431.jpg,36.766357421875,64.580322265625,78.622314453125,2.2999768623971204,3.260483915754664,1.9172785773868992,0,green_area
4784,Forest_380.jpg,45.08740234375,71.294921875,82.92578125,3.850055484867329,3.586804918746834,2.6686035116046067,7,green_area
4785,Forest_1936.jpg,34.107177734375,58.121826171875,69.665283203125,5.15255428575277,5.3487323433427925,3.5059973474412014,18,green_area
4786,Forest_394.jpg,37.727783203125,64.6083984375,74.343994140625,2.683749120842728,2.6131555273265996,2.054691198657518,0,green_area
4787,Forest_2032.jpg,38.481201171875,64.810791015625,79.99072265625,3.1384302223103715,3.557300311627735,2.5601002225778084,14,green_area
4788,Forest_627.jpg,54.597412109375,81.355712890625,85.107177734375,6.782638332975385,5.756338352639481,4.014255267808618,13,green_area
4789,Forest_2998.jpg,46.880859375,69.735595703125,93.148681640625,5.068954685655082,4.751763913502968,3.2539959239166323,0,green_area
4790,Forest_633.jpg,33.895263671875,59.4052734375,77.570556640625,2.562026829181516,3.5405452224349476,2.0798048386119583,0,green_area
4791,Forest_2026.jpg,31.337890625,52.8447265625,67.48095703125,3.5194895209443526,4.229824760360284,2.7550785248049077,0,green_area
4792,Forest_800.jpg,63.140625,78.4501953125,74.452392578125,12.62392670252109,6.999683304843372,5.78156072967174,34,green_area
4793,Forest_2973.jpg,33.224853515625,55.98193359375,67.252197265625,6.900413079094329,5.791179460391916,3.9989769268009376,23,green_area
4794,Forest_2967.jpg,34.595947265625,60.0869140625,70.578369140625,3.3009191992108935,4.484648799180349,2.5857766899517247,0,green_area
4795,Forest_814.jpg,57.159423828125,84.824951171875,76.00390625,15.253768875343594,7.0673291355997465,6.706492042973058,200,green_area
4796,Forest_828.jpg,31.92041015625,54.092041015625,65.494873046875,4.926809374536613,5.668372294324687,3.3922408424375847,0,green_area
4797,Forest_196.jpg,32.32275390625,55.388427734375,60.0185546875,4.919253253518298,4.148401055472253,2.88392762323741,0,green_area
4798,Forest_194.jpg,34.999755859375,59.699951171875,70.452392578125,4.0007018352747,4.5813032906985995,2.7169856232840863,0,green_area
4799,Forest_2959.jpg,51.536376953125,73.953369140625,109.161865234375,4.218477416945756,2.767261764331114,2.448576762432766,0,green_area
4800,Forest_2971.jpg,30.795166015625,55.4873046875,67.617919921875,2.4147144289170224,3.3110012766594528,2.1174639278568583,0,green_area
4801,Forest_802.jpg,40.015869140625,64.2373046875,82.13720703125,2.773337080306111,3.4676004515429004,2.6846319020166547,0,green_area
4802,Forest_816.jpg,36.63427734375,58.598876953125,77.8291015625,3.3094084726285216,3.1692937015825335,2.2375071520131637,0,green_area
4803,Forest_2965.jpg,43.862060546875,65.979736328125,82.43017578125,3.43057057996867,3.449882460748068,2.320826977550449,0,green_area
4804,Forest_625.jpg,33.81787109375,58.672119140625,68.377685546875,2.966863374046432,3.8772881351120283,2.3313589356975326,0,green_area
4805,Forest_2030.jpg,31.76318359375,53.31640625,62.36572265625,3.6673272397593366,4.014680625213036,2.890842367711433,10,green_area
4806,Forest_2024.jpg,34.538330078125,61.6884765625,69.995849609375,3.273874977394667,3.6995465335819446,2.379463806960018,0,green_area
4807,Forest_631.jpg,39.4833984375,61.78955078125,67.15185546875,7.821726912141753,5.828619130641281,4.495862515731627,64,green_area
4808,Forest_619.jpg,36.083740234375,59.129638671875,76.3349609375,2.7579907475863332,2.6901405026744394,2.1493568256804454,0,green_area
4809,Forest_2018.jpg,32.693115234375,55.75,72.31396484375,2.494390476650015,2.868028231642778,2.107941712758927,0,green_area
4810,Forest_382.jpg,32.320556640625,57.9072265625,68.8525390625,2.1755313832547243,3.133611030312223,1.919328444576806,0,green_area
4811,Forest_396.jpg,39.820556640625,61.2744140625,78.269775390625,4.090800139813874,4.405351154823216,2.8229362878903466,0,green_area
4812,Forest_1934.jpg,48.001708984375,83.340087890625,81.237060546875,8.008860267384955,5.557697575077762,4.6604640695954656,65,green_area
4813,Forest_2232.jpg,34.970458984375,62.41943359375,73.03369140625,1.9565236390779548,3.5015138009058253,1.8210567540977127,0,green_area
4814,Forest_341.jpg,39.5107421875,60.910888671875,78.928466796875,4.6886333875563055,3.4600988108108703,2.4774392558599043,0,green_area
4815,Forest_427.jpg,43.87255859375,77.7734375,77.095947265625,7.111820932027396,4.4703272456939604,3.6093172588931672,76,green_area
4816,Forest_433.jpg,38.82470703125,65.14990234375,70.863525390625,7.531641257478798,4.930670711205348,4.1006237227245,69,green_area
4817,Forest_355.jpg,34.67333984375,59.304443359375,73.848388671875,2.6463477518211254,3.5541074090842364,2.3039776112864407,0,green_area
4818,Forest_2226.jpg,31.361328125,55.409912109375,68.414794921875,2.9245573572908405,4.127211693075936,2.527208551626025,0,green_area
4819,Forest_369.jpg,33.78076171875,57.904541015625,73.705322265625,2.313298216515663,3.063523248104557,2.0488018110565545,0,green_area
4820,Forest_590.jpg,43.3642578125,60.984375,76.7216796875,4.571334750626201,3.082880210229551,2.563296124602053,0,green_area
4821,Forest_584.jpg,36.0029296875,59.46728515625,74.602783203125,2.8276486496170548,2.6301853644749857,2.026480474407628,0,green_area
4822,Forest_553.jpg,32.1572265625,53.80078125,63.7978515625,7.486947400011865,6.366136560124079,4.809623254784756,63,green_area
4823,Forest_547.jpg,36.201171875,59.3359375,76.7392578125,4.9362200273041905,4.420901781152093,3.271246930515597,7,green_area
4824,Forest_221.jpg,44.524169921875,73.06884765625,79.029541015625,3.50806851716533,4.211353033791976,2.106851820613126,0,green_area
4825,Forest_209.jpg,46.7001953125,68.906005859375,82.25537109375,2.5537120578391423,1.8137665466931425,1.6470026216515044,0,green_area
4826,Forest_792.jpg,40.366455078125,65.4970703125,82.5341796875,3.5676002049825315,4.100780129064609,2.516799747241008,0,green_area
4827,Forest_2839.jpg,29.300048828125,50.08544921875,64.669189453125,2.5319366347947603,2.822122980756688,2.1256175406105546,0,green_area
4828,Forest_2187.jpg,49.29345703125,70.29931640625,83.401611328125,2.9283127878199653,1.912453921392509,1.7550394352397536,0,green_area
4829,Forest_2193.jpg,40.290283203125,64.535888671875,80.4169921875,2.363864379064182,2.1964506816637264,1.713327906608646,0,green_area
4830,Forest_98.jpg,40.413330078125,62.504150390625,78.955078125,3.1413335712547594,3.60236499476492,2.262537463810596,0,green_area
4831,Forest_786.jpg,33.70458984375,55.00390625,69.698974609375,4.51831542124212,4.366843331138746,3.163197632313553,0,green_area
4832,Forest_2805.jpg,43.031982421875,69.616943359375,84.0224609375,2.0685759404880475,2.7164135133845306,1.8498266912164019,0,green_area
4833,Forest_976.jpg,36.9462890625,58.584228515625,78.236328125,2.334993203457533,2.393173741531444,1.9934728926132868,0,green_area
4834,Forest_962.jpg,36.203125,59.286865234375,70.41455078125,3.0153011484137036,4.124524515375315,2.003664414832238,0,green_area
4835,Forest_2811.jpg,41.140869140625,64.396240234375,76.15087890625,2.5262159870732694,2.1848143167183443,1.6762324083786244,0,green_area
4836,Forest_751.jpg,41.977294921875,63.880615234375,80.263671875,3.2259812743647998,3.9115158522127538,2.5025979848117803,0,green_area
4837,Forest_989.jpg,37.015869140625,61.3681640625,80.478271484375,2.906920642793818,3.402836900746713,2.2331217071867657,0,green_area
4838,Forest_2144.jpg,49.06494140625,85.829833984375,81.98583984375,5.024858264916959,5.323481166516071,3.4022044033942134,7,green_area
4839,Forest_2150.jpg,42.337158203125,79.31298828125,77.22705078125,4.765224996570521,4.599718407636512,3.1938831144836475,0,green_area
4840,Forest_745.jpg,34.0888671875,63.627685546875,70.347900390625,1.9221704767621002,2.4405640026680784,1.771853087893568,0,green_area
4841,Forest_73.jpg,40.111572265625,68.01953125,76.657958984375,3.6156267378793823,3.0334414396479517,2.3329857257932844,0,green_area
4842,Forest_2178.jpg,32.817626953125,55.67041015625,67.76513671875,3.8568997418455835,3.9997880104634107,2.7791451622523216,0,green_area
4843,Forest_1465.jpg,33.798095703125,58.14208984375,76.8046875,3.28556357635618,3.829409979200856,2.432273543383587,0,green_area
4844,Forest_779.jpg,35.27490234375,60.161376953125,75.81591796875,2.4605510589908017,3.0048109956576456,2.116665765306576,0,green_area
4845,Forest_67.jpg,40.81591796875,76.01123046875,74.4169921875,3.059277727180204,4.243776561221344,2.6308425189117584,0,green_area
4846,Forest_1464.jpg,28.48095703125,50.653564453125,64.11962890625,3.7802334199214718,4.8806409661013195,3.1047540190068887,0,green_area
4847,Forest_66.jpg,36.41357421875,62.84912109375,78.514892578125,4.306024499533802,5.360098275628797,2.924133967710233,0,green_area
4848,Forest_778.jpg,35.256103515625,57.17041015625,73.19873046875,4.005499985009302,4.034853455814331,2.843158995868927,0,green_area
4849,Forest_72.jpg,39.3642578125,63.50830078125,83.629150390625,4.051503366317584,2.951500784055569,2.3077273090318555,0,green_area
4850,Forest_1470.jpg,48.47705078125,70.95068359375,90.284423828125,3.7555246665224775,3.605010824994092,2.4755467278198813,0,green_area
4851,Forest_2179.jpg,45.447509765625,71.1455078125,83.494873046875,4.578543992121869,5.080823257750802,2.705602745110903,0,green_area
4852,Forest_2151.jpg,33.12255859375,58.6484375,67.945556640625,6.052393226327749,6.666910294213786,4.2813315209751,5,green_area
4853,Forest_744.jpg,36.27783203125,62.18603515625,73.824462890625,2.4290632813723687,3.223609847963776,1.9799278920221486,0,green_area
4854,Forest_988.jpg,43.3046875,65.104248046875,84.31005859375,3.6734288600493885,2.859096899214461,2.384552417318976,0,green_area
4855,Forest_750.jpg,43.323974609375,66.586181640625,84.228271484375,3.8783089983722694,3.7127570499992566,2.572748473431912,0,green_area
4856,Forest_2145.jpg,41.318359375,60.190185546875,71.9765625,6.086431089078362,4.006734000203265,2.8465709737496008,0,green_area
4857,Forest_2810.jpg,49.974365234375,78.919921875,84.81689453125,4.4415779114146305,4.668287041318955,2.7851390864845227,0,green_area
4858,Forest_963.jpg,36.281005859375,59.084228515625,71.832763671875,3.401500496673772,3.3286729728648035,2.4759804676491832,0,green_area
4859,Forest_977.jpg,42.988525390625,63.7568359375,78.677978515625,5.5341284153617805,3.6186571863687913,2.672937182057581,0,green_area
4860,Forest_2804.jpg,39.032958984375,66.85986328125,80.8603515625,1.9493432473461334,2.5403752146696723,1.751681745895586,0,green_area
4861,Forest_2192.jpg,39.17529296875,64.612548828125,78.543701171875,2.750361288786768,2.6443721097904676,2.1001637707156915,0,green_area
4862,Forest_787.jpg,37.684326171875,62.1044921875,72.7470703125,6.404093267677471,4.933079442802585,3.0783218863012283,23,green_area
4863,Forest_99.jpg,44.21484375,66.95263671875,82.517578125,4.037450944820994,2.8277715388339337,2.1107480701806844,0,green_area
4864,Forest_2838.jpg,46.804931640625,75.987548828125,81.333740234375,2.2278171016256576,2.4807050817648477,1.6468466182630124,0,green_area
4865,Forest_793.jpg,28.71923828125,49.791015625,64.490234375,3.3151936285509094,3.8052283809261516,2.697818553029162,0,green_area
4866,Forest_2186.jpg,34.498046875,58.444091796875,75.38525390625,4.843850411635637,5.043686033455426,3.2351700915823756,0,green_area
4867,Forest_1672.jpg,30.968505859375,53.781982421875,65.92431640625,4.565146312384883,5.232586221936865,3.30750426963248,0,green_area
4868,Forest_208.jpg,35.97998046875,64.175048828125,76.087646484375,2.9058449985965407,4.263062703139266,2.6288817519340237,0,green_area
4869,Forest_546.jpg,44.964599609375,70.389892578125,85.96044921875,4.3584471162867855,4.057278542095433,2.895966044250608,0,green_area
4870,Forest_220.jpg,42.81689453125,65.171875,81.614501953125,2.8840157083594122,2.303879625354806,2.0353503436707303,0,green_area
4871,Forest_2347.jpg,37.211181640625,60.58837890625,75.850830078125,6.834617334682164,5.015503474869702,3.862816569555537,14,green_area
4872,Forest_552.jpg,42.595947265625,65.410400390625,80.5302734375,2.6193341347982098,3.1559837814459453,2.1048125481220255,0,green_area
4873,Forest_585.jpg,39.342041015625,61.48583984375,73.556396484375,5.849466633527814,4.241811352768411,3.458069579664374,0,green_area
4874,Forest_591.jpg,40.832275390625,65.881103515625,82.791748046875,2.2477078816062828,2.8340794279850847,1.960508611214096,0,green_area
4875,Forest_368.jpg,36.181884765625,58.360595703125,70.71826171875,2.9863579737966006,3.647103950158644,2.2834361327018313,0,green_area
4876,Forest_432.jpg,41.805419921875,67.95263671875,82.681396484375,1.7498548822179139,2.301643197172236,1.5716313190301312,0,green_area
4877,Forest_2227.jpg,42.20263671875,77.2236328125,76.534912109375,3.858451671035188,3.70741287694982,2.527727466444709,19,green_area
4878,Forest_354.jpg,41.256103515625,66.97119140625,79.7529296875,2.6742198871651364,2.5244217597652234,2.002559692788495,10,green_area
4879,Forest_340.jpg,30.917724609375,54.484130859375,66.876953125,3.209379305367707,3.4633604140885805,2.4150601890124257,6,green_area
4880,Forest_2233.jpg,34.865234375,58.713623046875,68.934814453125,4.380454450746904,4.871620418951362,2.834876069399438,0,green_area
4881,Forest_426.jpg,39.31591796875,65.875,80.68798828125,1.997630563510399,2.510816444655005,1.8658140230507088,0,green_area
4882,Forest_1935.jpg,31.197265625,54.445556640625,65.385986328125,1.774975886651241,2.358384473929127,1.6371805818618725,0,green_area
4883,Forest_397.jpg,32.0693359375,56.544921875,68.465576171875,4.336558474501525,5.218790568119829,3.577311119235678,12,green_area
4884,Forest_383.jpg,35.15966796875,58.599365234375,74.929443359375,3.8609744012690954,4.5122326776993225,2.9127367598769913,0,green_area
4885,Forest_2019.jpg,40.290771484375,66.692626953125,81.54248046875,2.6674712961434768,3.1917105054625146,2.2120612426026502,0,green_area
4886,Forest_618.jpg,43.893310546875,63.579345703125,80.357177734375,5.835730976704365,3.5833481475982207,2.8195419209849923,0,green_area
4887,Forest_2025.jpg,33.571533203125,54.701416015625,66.43310546875,10.200349459435234,8.283517257249468,5.482475429989527,30,green_area
4888,Forest_630.jpg,36.11767578125,61.85107421875,69.941650390625,4.354619950180177,4.315928077966439,2.4104597126296854,0,green_area
4889,Forest_624.jpg,35.55712890625,60.587158203125,74.53759765625,1.756449599140459,2.6652826440413446,1.5684426025502198,0,green_area
4890,Forest_2031.jpg,49.535400390625,87.27197265625,71.4765625,5.215962647833437,9.57294954052837,3.7703791954316412,17,green_area
4891,Forest_2964.jpg,40.23046875,66.608154296875,81.297607421875,1.9176425384501246,2.50488232469461,1.8158788920437166,0,green_area
4892,Forest_817.jpg,37.026123046875,60.927978515625,74.054931640625,2.363366079778367,2.7506104463670282,1.8399484365691463,0,green_area
4893,Forest_803.jpg,37.9228515625,61.34326171875,83.71142578125,2.9886512676860293,3.083449314273026,2.6359011590484243,0,green_area
4894,Forest_2970.jpg,37.47900390625,59.501953125,79.508544921875,2.4169907571807636,2.8463237140744786,1.904565144740434,0,green_area
4895,Forest_195.jpg,37.8203125,65.56884765625,75.3798828125,3.907367027787862,3.7315491714539797,2.6482831971896603,0,green_area
4896,Forest_2958.jpg,44.98779296875,74.556640625,78.802734375,2.3846120074108623,3.497657536959502,2.0824443700717095,0,green_area
4897,Forest_198.jpg,40.431640625,81.531982421875,74.470703125,7.865272690495201,5.759032695986455,5.029611640635411,54,green_area
4898,Forest_826.jpg,44.70361328125,65.27099609375,80.306884765625,5.839532789033607,6.076602362621915,3.8521011239000837,0,green_area
4899,Forest_2955.jpg,45.717529296875,74.314697265625,81.962646484375,3.4786661962598635,3.342631063680697,1.970564944183635,0,green_area
4900,Forest_2941.jpg,41.132568359375,63.210205078125,81.2724609375,5.139865430701238,4.333508988482135,2.9615015785976917,0,green_area
4901,Forest_832.jpg,35.480224609375,63.493408203125,70.811279296875,2.832843016992934,3.173137911352729,2.5433314543796697,0,green_area
4902,Forest_2969.jpg,38.61083984375,64.802490234375,80.13916015625,1.9449001013001865,2.60910433661779,1.8095799964114534,0,green_area
4903,Forest_2028.jpg,32.01953125,55.111572265625,66.623291015625,6.091394526729773,5.904059023897737,4.105295564172713,30,green_area
4904,Forest_2996.jpg,43.953125,68.76220703125,81.848388671875,2.1146923719834523,2.106096390009978,1.5408539197663007,0,green_area
4905,Forest_629.jpg,38.125244140625,67.31982421875,77.333251953125,1.9561070831792684,2.5122274355342418,1.6447204154850674,0,green_area
4906,Forest_2982.jpg,27.083251953125,47.831787109375,63.156982421875,3.551195437338795,4.262421568375491,3.01518213647157,0,green_area
4907,Forest_2014.jpg,39.7158203125,65.797607421875,81.50927734375,3.001757901457478,3.660694966115712,2.4165590580188483,0,green_area
4908,Forest_601.jpg,34.294189453125,58.51904296875,68.150146484375,8.350045929142846,5.79252520951279,4.260403738802794,44,green_area
4909,Forest_615.jpg,41.389404296875,67.82373046875,83.10498046875,2.2079346959772805,3.1318180855699307,1.9317491768940993,0,green_area
4910,Forest_2000.jpg,34.9775390625,56.406982421875,71.155517578125,3.7875700538124204,3.085000265220371,2.5624016417258115,0,green_area
4911,Forest_1938.jpg,48.3173828125,74.452392578125,85.728759765625,2.4872429566348337,2.145735036271351,1.869108719986934,0,green_area
4912,Forest_359.jpg,37.18212890625,58.55419921875,73.52978515625,6.304375415059622,5.944074644735452,3.87091412016815,2,green_area
4913,Forest_403.jpg,33.1259765625,55.34765625,65.501708984375,3.7901817320480404,4.286292009923722,2.792725100260032,7,green_area
4914,Forest_365.jpg,36.72705078125,59.540771484375,77.103515625,2.2776535634801367,2.390736882702038,2.0794820155223412,0,green_area
4915,Forest_2216.jpg,35.864990234375,61.63427734375,73.838623046875,2.6164453051919283,3.3766686941356037,2.0154632828769397,0,green_area
4916,Forest_2202.jpg,38.120361328125,63.864990234375,80.026123046875,1.6695853089366193,1.9838421774578952,1.5457070112239792,0,green_area
4917,Forest_371.jpg,38.2275390625,61.48291015625,78.800537109375,1.7495767899085255,1.88880359778104,1.6332452191537312,0,green_area
4918,Forest_417.jpg,35.185791015625,60.12255859375,74.305419921875,2.0892917224834906,2.588118679146693,1.8913944507153628,0,green_area
4919,Forest_588.jpg,41.681884765625,78.222412109375,75.13330078125,3.113905926570926,2.3462685722181003,2.145877325353931,0,green_area
4920,Forest_577.jpg,38.572265625,66.95361328125,75.989501953125,2.6403295588701345,2.9313094061909615,1.9078213671978859,0,green_area
4921,Forest_211.jpg,35.27783203125,62.27880859375,74.063232421875,1.9252274589412803,2.0670877353298645,1.5452661142822042,0,green_area
4922,Forest_2362.jpg,46.1533203125,90.772216796875,76.698974609375,6.104472034441218,8.264022148929607,4.049553761505589,0,green_area
4923,Forest_205.jpg,43.54052734375,68.58642578125,85.58056640625,2.4333534673180073,2.840803988853389,1.9961763428324564,0,green_area
4924,Forest_563.jpg,32.18212890625,57.8525390625,67.931396484375,2.641971357766427,3.2798707515558627,2.1909416236561143,0,green_area
4925,Forest_952.jpg,32.904052734375,54.80712890625,66.494140625,5.79338449335482,6.372733049677013,3.998408477785206,0,green_area
4926,Forest_94.jpg,37.216796875,64.6591796875,79.5107421875,3.218199451360999,4.561221322418745,2.509723636261115,0,green_area
4927,Forest_2821.jpg,46.87548828125,71.50927734375,75.106689453125,7.5864886035565835,5.182783234507589,4.3812560379378525,40,green_area
4928,Forest_2835.jpg,39.83642578125,66.874267578125,81.10595703125,2.0468395317440806,2.799198048989111,1.8943026375235523,0,green_area
4929,Forest_946.jpg,34.515625,59.43896484375,69.040283203125,5.033020845190789,5.6358563033669995,3.286615897913991,0,green_area
4930,Forest_80.jpg,35.6416015625,64.26904296875,75.369873046875,2.1850360617727933,2.9870126861491877,2.02960524359305,0,green_area
4931,Forest_2809.jpg,37.29150390625,62.96337890625,75.927490234375,4.782882287140359,4.855341644955847,3.191842347025305,0,green_area
4932,Forest_749.jpg,63.11181640625,78.34619140625,85.217529296875,9.14582902188442,6.357841119258851,4.8842855627129405,0,green_area
4933,Forest_991.jpg,36.085205078125,63.252197265625,78.353271484375,3.9520213203545236,4.912826012575275,2.800400020345751,0,green_area
4934,Forest_57.jpg,43.645751953125,66.427001953125,80.900146484375,2.7873434865316202,3.0691960272850665,2.3360373051478285,0,green_area
4935,Forest_985.jpg,37.061279296875,63.7236328125,77.109130859375,2.123713931630036,2.7559927753303963,1.7472228596138142,0,green_area
4936,Forest_43.jpg,37.243408203125,60.876708984375,71.3486328125,6.371711813243476,4.756490683512494,3.7242000616975908,38,green_area
4937,Forest_2148.jpg,39.19970703125,65.5087890625,78.909423828125,4.980397110966083,4.3661652871690935,3.0333995374766363,0,green_area
4938,Forest_2160.jpg,34.80712890625,54.99951171875,64.9033203125,12.279616142868461,10.249547425024748,7.6753224631298,104,green_area
4939,Forest_775.jpg,33.2138671875,55.513427734375,70.976806640625,3.882510751094044,3.956404934842938,2.897028238549963,5,green_area
4940,Forest_761.jpg,42.162353515625,64.837646484375,80.93359375,5.001929191106088,3.891629981651545,3.0199506500456157,34,green_area
4941,Forest_2174.jpg,73.09912109375,85.1123046875,117.9482421875,7.926354084399321,5.221610832723512,3.8359622371831574,0,green_area
4942,Forest_760.jpg,41.0390625,68.683837890625,82.94384765625,2.413936080832247,3.372379265625465,2.015630145399047,0,green_area
4943,Forest_2175.jpg,44.603271484375,73.4375,76.41015625,5.5755709349370655,5.259199529158406,3.8750925360674855,50,green_area
4944,Forest_2161.jpg,33.5849609375,56.620849609375,76.721923828125,3.489676236106886,4.240631316875343,2.5758167337293902,0,green_area
4945,Forest_2607.jpg,37.005615234375,64.208740234375,76.491943359375,2.52259665023323,2.9856642789215386,2.0746407663236157,0,green_area
4946,Forest_774.jpg,33.728515625,58.2470703125,74.624755859375,2.338959133435396,3.271039352893993,1.949700106888648,0,green_area
4947,Forest_42.jpg,40.040771484375,78.897705078125,74.39892578125,2.6005272509506336,2.691046825044779,2.096322770604297,0,green_area
4948,Forest_984.jpg,42.792236328125,65.55126953125,81.1318359375,2.3578841065188123,2.4443630044789595,1.8568659932352405,0,green_area
4949,Forest_2149.jpg,36.0732421875,63.6474609375,76.76318359375,1.987634339980625,2.492514848884881,1.889933246765831,0,green_area
4950,Forest_56.jpg,34.1416015625,59.802001953125,68.07373046875,4.857085249663378,4.714982549841376,3.139098408457101,0,green_area
4951,Forest_990.jpg,50.40673828125,74.201904296875,80.0908203125,8.997943206050802,7.652199584631102,4.712387443837508,0,green_area
4952,Forest_748.jpg,39.5087890625,63.641845703125,77.5625,1.789433203525734,2.2062581691644736,1.4614178688862403,0,green_area
4953,Forest_2808.jpg,42.322265625,67.707275390625,67.56494140625,15.41678938258363,9.391886136111918,7.133676282342385,200,green_area
4954,Forest_81.jpg,36.205322265625,60.459228515625,70.343017578125,2.697941379851241,4.2665461219892915,2.072481782301659,0,green_area
4955,Forest_947.jpg,38.066650390625,61.552001953125,65.897216796875,5.405545574667236,4.382274186637708,3.0218817974120635,15,green_area
4956,Forest_2834.jpg,34.206298828125,56.353515625,71.474853515625,2.718780418751991,2.477935314254765,1.949146567558114,0,green_area
4957,Forest_2820.jpg,35.099853515625,59.932373046875,77.0107421875,3.18559072383637,3.537752148905577,2.509723636261115,0,green_area
4958,Forest_95.jpg,41.180908203125,63.712890625,80.126220703125,3.317248476737473,3.734746300023217,2.4625983431586302,0,green_area
4959,Forest_953.jpg,39.796630859375,61.41259765625,72.23876953125,8.292822007737563,5.707911304085497,4.556730175487315,49,green_area
4960,Forest_204.jpg,39.472412109375,62.19384765625,83.425048828125,4.203005416757259,4.161301117729451,2.508432555269239,13,green_area
4961,Forest_562.jpg,33.28564453125,58.1748046875,67.76708984375,6.3307632598105394,6.107333415348144,3.6958262628762193,26,green_area
4962,Forest_576.jpg,32.942138671875,56.334228515625,73.89892578125,1.8808039640224632,1.90185463823293,1.664642304612038,0,green_area
4963,Forest_210.jpg,34.686767578125,58.591552734375,77.274169921875,3.602269887239339,4.78445735265019,2.6721540048833368,0,green_area
4964,Forest_589.jpg,34.922119140625,56.281005859375,72.575439453125,3.2684331528835053,4.073829222626044,2.4700693275011942,0,green_area
4965,Forest_1695.jpg,32.8359375,55.782958984375,70.434326171875,3.7249079136058856,3.4995832109926273,2.7053519430564683,0,green_area
4966,Forest_370.jpg,39.463623046875,66.444580078125,81.953857421875,2.655173487463925,3.2131101863707334,1.9459417313627299,0,green_area
4967,Forest_2203.jpg,30.671630859375,54.634033203125,64.838134765625,4.403848622723106,6.40347530938943,3.2583158090531565,0,green_area
4968,Forest_2565.jpg,40.081787109375,67.896240234375,76.772705078125,4.761283917244915,4.115546165354296,2.918798030074167,20,green_area
4969,Forest_416.jpg,36.5537109375,65.223388671875,74.564697265625,1.9997670514819648,2.8843512731466885,1.7904678721833152,0,green_area
4970,Forest_402.jpg,35.425048828125,61.002197265625,71.829345703125,2.59878041888586,3.434692753747964,2.0759335629622395,0,green_area
4971,Forest_2217.jpg,29.072021484375,49.60302734375,64.422119140625,4.021601634008945,4.421751391297324,3.0424710161713966,0,green_area
4972,Forest_364.jpg,41.098876953125,65.55859375,81.136962890625,6.915063572196261,4.925220527165351,3.8592852917951848,49,green_area
4973,Forest_358.jpg,33.432373046875,57.412841796875,68.4267578125,3.1507248721859273,3.4878025644921506,2.3128181444874163,0,green_area
4974,Forest_1911.jpg,69.660888671875,84.257080078125,116.77099609375,3.9564269302000636,2.8431616268788247,2.4142113797102027,0,green_area
4975,Forest_1939.jpg,43.65869140625,68.220458984375,89.631591796875,5.620198701454638,5.700404435374155,3.615122318849697,9,green_area
4976,Forest_614.jpg,39.5185546875,66.552978515625,75.033447265625,4.326872275942725,4.005139022478767,2.7560488218729384,0,green_area
4977,Forest_2001.jpg,38.9599609375,67.0927734375,76.269775390625,3.364038681179829,2.8508987281284535,1.9748725602524657,20,green_area
4978,Forest_2015.jpg,41.057861328125,63.224609375,79.4013671875,3.9252440355451292,3.5401353704571963,2.4243511708389813,0,green_area
4979,Forest_600.jpg,42.98193359375,65.12255859375,83.255859375,4.017559817378605,3.6131431759408623,2.7835252006627513,0,green_area
4980,Forest_2983.jpg,37.753173828125,59.86328125,70.8857421875,5.584608861661892,3.4511602689745424,2.9244443642823357,0,green_area
4981,Forest_628.jpg,52.368408203125,72.114501953125,81.142333984375,7.41822397075238,6.962078129470795,3.9823223660970664,0,green_area
4982,Forest_2029.jpg,41.739501953125,65.02001953125,79.645263671875,2.985522054758482,3.5989893329056324,2.1988304838898776,0,green_area
4983,Forest_2997.jpg,38.079345703125,66.3125,72.076904296875,4.232766433583431,5.780447579448325,3.1497758146012806,11,green_area
4984,Forest_2968.jpg,41.180419921875,65.00048828125,79.934326171875,2.8963907732151095,3.3274280015248143,2.1652514637853053,0,green_area
4985,Forest_833.jpg,45.291259765625,75.131591796875,82.020751953125,4.752197453763161,4.233310291116186,2.8437172080863626,13,green_area
4986,Forest_2940.jpg,45.12158203125,74.389404296875,81.361328125,5.169619319004749,4.231574839430385,2.8487779373064486,0,green_area
4987,Forest_199.jpg,34.51220703125,58.0732421875,70.421875,2.853323071593552,2.8418618106305265,2.0040851832881255,0,green_area
4988,Forest_2954.jpg,36.795166015625,59.315673828125,74.984619140625,4.055858281328388,3.843585925748494,2.7537275432202595,15,green_area
4989,Forest_827.jpg,38.00927734375,63.56640625,74.33544921875,4.455609160753773,4.354918687238711,2.6781766318971596,0,green_area
4990,Forest_2942.jpg,32.7138671875,57.1943359375,67.48876953125,3.8594272625430888,4.480080385679034,2.798815815719508,0,green_area
4991,Forest_831.jpg,41.7900390625,64.837890625,82.07421875,5.402758843727352,4.967530298778972,3.1483284526711057,21,green_area
4992,Forest_825.jpg,39.855224609375,61.115966796875,78.42529296875,3.1619359440688197,3.072127555562684,2.3778323801798584,0,green_area
4993,Forest_2956.jpg,38.578857421875,60.317138671875,67.598876953125,4.028903418675512,4.452687392567141,3.070936833547821,0,green_area
4994,Forest_819.jpg,43.1826171875,79.952392578125,77.551025390625,5.224533713675278,4.597939112282525,3.1929845467464397,23,green_area
4995,Forest_2981.jpg,40.657958984375,62.792236328125,79.12060546875,6.14580730227976,6.108599557470109,3.744997343411286,6,green_area
4996,Forest_2995.jpg,45.80322265625,74.83056640625,79.68310546875,2.4407729158991205,4.152207064599375,2.189991376938239,0,green_area
4997,Forest_2003.jpg,40.892333984375,67.162353515625,67.48876953125,9.177283851361166,5.371797622336419,4.478995123247139,40,green_area
4998,Forest_616.jpg,37.170654296875,60.716064453125,82.430419921875,2.647214072441649,2.662253461984,2.083473479007621,0,green_area
4999,Forest_602.jpg,48.7548828125,76.515869140625,77.535888671875,9.484644023467201,5.1546628358822675,4.275906918067914,81,green_area
5000,Forest_2017.jpg,56.83154296875,93.2001953125,75.79931640625,11.39127618003674,7.890050100401963,5.216575100839591,12,green_area
5001,Forest_164.jpg,30.522705078125,53.130126953125,65.451904296875,5.451443339100878,6.086727570948564,4.12519309285528,34,green_area
5002,Forest_399.jpg,41.326904296875,64.00732421875,75.2275390625,6.83477713627589,4.994229587065426,3.8133302628787114,17,green_area
5003,Forest_428.jpg,35.659912109375,57.027587890625,72.08203125,2.850663709739407,2.777379793558285,2.1881939468482763,0,green_area
5004,Forest_2229.jpg,35.939697265625,58.54248046875,73.664794921875,6.07348604352162,5.852904936100089,4.140028359954098,39,green_area
5005,Forest_414.jpg,36.0009765625,60.625244140625,79.4150390625,3.2096350039880988,3.4979678027376275,2.2143681198818594,0,green_area
5006,Forest_2201.jpg,37.2607421875,59.880615234375,75.18408203125,2.941882010152296,3.3149541634631485,2.3796829934932244,0,green_area
5007,Forest_372.jpg,39.8349609375,63.052001953125,77.4287109375,5.7609956345756,5.387655966419551,3.6197828699823793,16,green_area
5008,Forest_366.jpg,34.941162109375,64.164794921875,70.655029296875,2.4660200525344074,2.637052105211274,2.084374788962015,0,green_area
5009,Forest_2215.jpg,48.158935546875,73.107421875,88.6123046875,4.551611926841363,2.9787141327293365,2.6501004110062563,14,green_area
5010,Forest_400.jpg,36.464111328125,59.281494140625,75.172119140625,6.627445089133598,6.666410182449681,4.800046183195065,9,green_area
5011,Forest_548.jpg,41.834228515625,74.459228515625,74.685546875,4.135239456409158,4.9101097268606795,3.2667456351356368,0,green_area
5012,Forest_560.jpg,32.340087890625,54.39892578125,66.08740234375,6.0492214756136375,6.79459651596797,4.038230087124433,25,green_area
5013,Forest_206.jpg,32.230224609375,57.744384765625,67.4296875,2.1605425001288747,2.8645944017138647,1.9168347271201422,0,green_area
5014,Forest_212.jpg,33.401123046875,56.32861328125,71.287841796875,3.6063622042358303,4.271821464420781,2.891242945836059,0,green_area
5015,Forest_574.jpg,42.6552734375,71.4013671875,80.888671875,2.1688516554520123,2.8789100595187653,1.8925761093900515,0,green_area
5016,Forest_2188.jpg,42.069580078125,64.796875,79.30322265625,2.7725095136632296,3.3009453546484226,2.2134287786682214,0,green_area
5017,Forest_2836.jpg,37.330322265625,57.982666015625,67.021728515625,3.9031260625564435,3.7110532642176786,2.9235484079255016,0,green_area
5018,Forest_945.jpg,33.520751953125,56.42578125,74.181640625,4.554311897141158,5.405288875457854,3.367862076243564,0,green_area
5019,Forest_83.jpg,36.08447265625,62.56689453125,74.98486328125,2.844298215570243,3.6980671847519,2.3813167192218434,0,green_area
5020,Forest_951.jpg,36.16259765625,63.478271484375,74.360107421875,2.149088535503367,2.422432706053717,1.5461521000812115,0,green_area
5021,Forest_97.jpg,29.03759765625,51.48193359375,60.3359375,2.5851802120441247,4.072483618593844,2.1789873427451916,0,green_area
5022,Forest_789.jpg,34.550048828125,59.599365234375,70.67626953125,2.696013948137753,2.8619591443533223,1.8943489537577034,0,green_area
5023,Forest_2822.jpg,36.0068359375,65.4560546875,75.664306640625,2.725109686087607,3.853268506671872,2.4259251230915035,0,green_area
5024,Forest_979.jpg,39.819091796875,66.444091796875,78.07666015625,2.6161003815635753,2.5825812349901667,1.9965747470214397,0,green_area
5025,Forest_3.jpg,33.982666015625,58.929443359375,68.5283203125,2.363240277904616,2.6001713214880118,1.834505082413211,0,green_area
5026,Forest_986.jpg,37.677001953125,64.4453125,74.5087890625,2.7433190144130037,2.3633425870139417,1.8599450015068648,0,green_area
5027,Forest_40.jpg,31.837158203125,54.6953125,73.193359375,3.9760140376155015,4.952798441522101,2.93412619481501,0,green_area
5028,Forest_992.jpg,35.250732421875,58.9951171875,70.646728515625,7.711273862387828,7.518465262814086,5.40714895348764,66,green_area
5029,Forest_54.jpg,40.408203125,63.987060546875,83.385986328125,3.4822893272587554,3.883946143895127,2.419038440450168,0,green_area
5030,Forest_1456.jpg,38.932373046875,64.60400390625,72.422119140625,5.438763038787958,7.360978698939071,3.686015193843212,0,green_area
5031,Forest_2177.jpg,49.113037109375,67.7509765625,89.8857421875,8.824690479842856,7.858116762070011,6.0656911572204795,71,green_area
5032,Forest_762.jpg,38.22705078125,78.729736328125,75.467529296875,2.6158155346820164,3.248490413952247,2.1686510129429695,0,green_area
5033,Forest_776.jpg,42.885986328125,69.46240234375,86.05224609375,2.135872668138384,2.648620014034574,1.9207198850789946,0,green_area
5034,Forest_68.jpg,41.84814453125,73.304931640625,73.814453125,5.682723481448901,7.23702604606483,4.355732807998872,0,green_area
5035,Forest_2163.jpg,35.937744140625,62.76220703125,74.050048828125,2.4461547449207868,3.169079342492558,1.922874485419762,0,green_area
5036,Forest_69.jpg,31.8349609375,55.94384765625,67.82080078125,1.5506136633117615,2.1610614887229334,1.4954739474492325,0,green_area
5037,Forest_777.jpg,49.493896484375,92.13916015625,74.00244140625,6.891100596754993,6.269358276643031,4.173892758359457,27,green_area
5038,Forest_2162.jpg,37.28955078125,64.796875,75.100341796875,2.9650714369686804,3.017081901958414,2.292553306779342,0,green_area
5039,Forest_2176.jpg,40.2705078125,64.55126953125,67.013671875,7.481883675644554,5.577867496648285,4.355011099134419,60,green_area
5040,Forest_763.jpg,40.72265625,66.864501953125,78.80615234375,6.9964579748852875,5.8311151550255,4.285527201951515,33,green_area
5041,Forest_55.jpg,33.4287109375,56.77783203125,73.945556640625,2.5077605910588576,2.757351109971579,2.10554392438034,0,green_area
5042,Forest_993.jpg,36.223388671875,59.3037109375,78.375,5.807133766274282,5.52286139131636,3.5150346726597164,26,green_area
5043,Forest_41.jpg,38.569580078125,58.578857421875,76.588623046875,4.971210320457999,4.55029749447937,3.103041202685293,0,green_area
5044,Forest_987.jpg,34.99560546875,60.6494140625,72.089111328125,3.0376832867491457,4.1101341561653735,2.4448244503593295,0,green_area
5045,Forest_2.jpg,36.443359375,63.9833984375,74.0068359375,2.564160065128464,3.1182298184422774,2.0903545575352753,0,green_area
5046,Forest_978.jpg,32.9970703125,57.116943359375,69.491455078125,3.867052233863819,3.549489129272421,2.505253314898545,0,green_area
5047,Forest_2823.jpg,51.310791015625,80.853271484375,82.715087890625,10.819309667394764,7.826843335731046,5.528965532136775,27,green_area
5048,Forest_788.jpg,34.731201171875,63.274658203125,70.316650390625,2.7695087706348986,3.0925664371733625,2.515882384123319,0,green_area
5049,Forest_96.jpg,34.150634765625,57.75244140625,73.62939453125,3.890971945800959,3.58357852643981,2.7457095836563985,28,green_area
5050,Forest_950.jpg,30.863037109375,52.19873046875,67.8232421875,4.234120259241186,4.5134952102877435,3.0161522913258567,8,green_area
5051,Forest_2189.jpg,38.689208984375,65.610595703125,75.840576171875,3.3014025131725124,2.8878745422369523,2.328853505998385,0,green_area
5052,Forest_1480.jpg,46.580322265625,74.892578125,81.81591796875,3.8880065854683,3.973506450167344,2.294439724534265,0,green_area
5053,Forest_82.jpg,39.49267578125,59.937744140625,76.885498046875,8.429477961271962,6.2328891704488445,4.324747626984211,35,green_area
5054,Forest_944.jpg,44.083251953125,69.517822265625,86.40673828125,2.1019319542806025,2.641443058130913,1.7482115598707715,0,green_area
5055,Forest_2837.jpg,43.78955078125,66.121826171875,82.1123046875,2.7058148093647345,2.2739721633017593,1.921960099980103,0,green_area
5056,Forest_2360.jpg,39.831298828125,82.11474609375,74.28076171875,3.404688127087854,3.689157113619467,2.193581057833183,0,green_area
5057,Forest_213.jpg,35.782470703125,62.158203125,78.427978515625,2.5324640894543933,3.675479758989326,2.0419641508333153,0,green_area
5058,Forest_575.jpg,42.55029296875,72.925048828125,75.158935546875,4.251999749211459,5.82982109180544,3.1883245317979387,9,green_area
5059,Forest_561.jpg,38.920654296875,61.454833984375,78.286865234375,2.7898923243147933,3.03574265518877,2.0812320141401766,0,green_area
5060,Forest_207.jpg,35.762939453125,61.49462890625,66.171142578125,2.9120747329421897,3.497832819418608,2.2305490108553383,0,green_area
5061,Forest_549.jpg,42.18115234375,64.1728515625,80.881103515625,4.197096773765632,4.328706557661458,2.8363183031226002,0,green_area
5062,Forest_1641.jpg,43.731689453125,67.014404296875,86.283203125,5.200194527352861,4.958867682052682,2.989380797504767,0,green_area
5063,Forest_2214.jpg,49.608154296875,75.3916015625,78.083740234375,10.590962110654418,5.836264237292341,5.146161463413465,28,green_area
5064,Forest_367.jpg,37.10595703125,60.278076171875,76.662109375,6.383840657866445,5.332230622193713,4.044200352113766,16,green_area
5065,Forest_401.jpg,37.353515625,65.29296875,69.52978515625,3.7380052103870667,4.297143102431363,2.6086903204897975,0,green_area
5066,Forest_415.jpg,26.053955078125,46.57080078125,57.098388671875,3.2210654569054515,4.410001388817739,2.7335869116641733,0,green_area
5067,Forest_373.jpg,36.44384765625,60.878662109375,69.193359375,5.483397459198209,4.653226132955895,3.1086627393623143,0,green_area
5068,Forest_2200.jpg,37.652099609375,61.751708984375,83.622314453125,2.2726315121633713,2.3876353874565743,1.91013439142557,0,green_area
5069,Forest_2228.jpg,39.489013671875,66.599853515625,80.775634765625,2.3160606885602824,3.0768620470647248,2.100200438584101,0,green_area
5070,Forest_429.jpg,31.154052734375,53.47265625,66.0029296875,4.573611061913397,5.0615097772883875,3.4340879672674594,0,green_area
5071,Forest_1735.jpg,48.101806640625,74.601318359375,77.685791015625,9.49774524320376,7.699589593124659,5.368878532665182,53,green_area
5072,Forest_398.jpg,30.39501953125,54.21337890625,66.960205078125,3.1183859067923314,3.8365502577012536,2.4781522612256826,0,green_area
5073,Forest_603.jpg,40.4033203125,62.041015625,79.789306640625,4.583953064143971,4.501874321436112,2.921213646361778,0,green_area
5074,Forest_165.jpg,46.419921875,72.63818359375,79.30126953125,3.395328476399078,3.2622885200681337,2.1676686672068692,0,green_area
5075,Forest_2016.jpg,32.41748046875,57.712646484375,65.557373046875,2.2536920878776407,2.6908946997574903,1.89703956594012,0,green_area
5076,Forest_2002.jpg,52.912841796875,77.253662109375,82.6904296875,7.2075448160766244,5.809085124818918,3.9914295649076226,0,green_area
5077,Forest_617.jpg,48.631103515625,73.21826171875,106.530517578125,3.460561753449975,3.004914351462999,2.358608386565134,0,green_area
5078,Forest_2994.jpg,42.234130859375,66.38330078125,81.533203125,3.087369861640054,3.304538552104233,2.1661617962401225,0,green_area
5079,Forest_2980.jpg,30.84716796875,53.77978515625,66.30419921875,3.1821465133968925,3.529499227594782,2.3393170459691626,0,green_area
5080,Forest_818.jpg,31.56103515625,55.227783203125,61.09375,4.441369934738778,5.355854307134308,3.2221614203434936,0,green_area
5081,Forest_2957.jpg,39.200927734375,60.7177734375,80.29345703125,3.5745969395071566,2.6155776809185833,2.1610716385765505,0,green_area
5082,Forest_824.jpg,44.376220703125,76.284423828125,76.802001953125,6.6759034218722135,6.145724787534805,4.2824024333963155,35,green_area
5083,Forest_830.jpg,43.065673828125,76.3857421875,75.11328125,4.838034272323255,4.658517886869462,3.4676742947757417,10,green_area
5084,Forest_2943.jpg,35.447998046875,59.7177734375,76.667724609375,3.788117587849034,3.7719975284879808,2.507643257205858,0,green_area
5085,Forest_808.jpg,39.413818359375,67.234130859375,81.495361328125,2.1074399620319397,2.808089793358347,1.917481758771967,0,green_area
5086,Forest_2947.jpg,33.181396484375,55.90283203125,70.506103515625,4.894348183730025,3.9773322299122813,2.9146320410297104,27,green_area
5087,Forest_834.jpg,41.16650390625,58.170166015625,75.072509765625,8.322105064177181,5.831420697844678,4.684047285682971,44,green_area
5088,Forest_820.jpg,32.888671875,59.56787109375,68.68212890625,2.8842935040203495,4.188232557073828,2.4006698607384935,0,green_area
5089,Forest_2953.jpg,38.048828125,61.325439453125,78.444091796875,4.297875859998633,3.6664917057010644,3.041830640884422,0,green_area
5090,Forest_613.jpg,32.168212890625,55.70703125,61.38134765625,6.0565189028271496,5.31646078223318,4.293729955856869,20,green_area
5091,Forest_2006.jpg,34.4345703125,58.8974609375,77.474609375,4.034169995146914,4.8645956078755015,2.917541881218179,0,green_area
5092,Forest_2012.jpg,36.646484375,58.793212890625,72.765869140625,6.726705126518544,5.3525569632206,4.3910550419362,55,green_area
5093,Forest_607.jpg,34.26220703125,61.961669921875,69.082763671875,2.983859152425439,4.055733011212145,2.5461052860678732,0,green_area
5094,Forest_2984.jpg,40.927978515625,76.920166015625,76.316162109375,2.731907532323051,2.986415135754541,2.0841413186779225,0,green_area
5095,Forest_2990.jpg,36.58154296875,61.55078125,65.068603515625,2.8246596798105497,2.845613979600613,1.6685658263966965,0,green_area
5096,Forest_388.jpg,36.2587890625,61.87646484375,79.017333984375,2.9958338419595925,3.831837842689887,2.2818796908712535,0,green_area
5097,Forest_2204.jpg,39.3798828125,63.45654296875,78.892822265625,2.5423609509700014,3.22497367996003,1.9560571100121904,0,green_area
5098,Forest_377.jpg,46.451416015625,85.156005859375,81.13525390625,2.670747742246027,3.75901625262058,2.4231886223722072,0,green_area
5099,Forest_411.jpg,38.37158203125,64.949462890625,76.8798828125,2.2512177774600404,2.984683345423936,1.8698433219837136,0,green_area
5100,Forest_405.jpg,47.85986328125,77.916748046875,81.853515625,9.58738033563173,7.440463745824307,5.710506981357335,86,green_area
5101,Forest_363.jpg,42.2900390625,66.25537109375,79.015625,2.6459097262990894,1.7066965014984148,1.6809043557338412,0,green_area
5102,Forest_2210.jpg,42.688232421875,66.07080078125,83.1298828125,2.7604061282454566,3.011917562886539,2.215165587493876,0,green_area
5103,Forest_1731.jpg,34.32958984375,59.68310546875,73.616943359375,1.9469937332710783,2.58425742715656,1.8219034176371944,0,green_area
5104,Forest_2238.jpg,40.553955078125,69.77734375,73.35205078125,2.500589575389077,3.6207861250129008,2.0048977367739393,0,green_area
5105,Forest_439.jpg,33.441162109375,58.03515625,62.021240234375,6.506678886642309,6.221751346633513,4.258698362536221,45,green_area
5106,Forest_203.jpg,45.242431640625,68.069580078125,88.73828125,3.113818487243415,3.220386783385362,1.9702026820605127,0,green_area
5107,Forest_565.jpg,68.66845703125,84.54541015625,117.2412109375,3.9643111449055604,3.217443367638248,2.846568126030075,0,green_area
5108,Forest_571.jpg,43.137451171875,77.9150390625,77.03271484375,4.783996734266777,6.586274524178985,3.7266727647122995,0,green_area
5109,Forest_217.jpg,26.9560546875,48.76904296875,58.041015625,2.42011477584417,3.614394326815516,2.1827576594198126,0,green_area
5110,Forest_559.jpg,52.094482421875,96.719482421875,74.111572265625,9.654434943982046,7.898196944017532,4.952706298219016,35,green_area
5111,Forest_6.jpg,43.404052734375,65.208740234375,82.01611328125,2.7507231260105196,2.683341945956212,1.9559939256468457,0,green_area
5112,Forest_968.jpg,29.761962890625,53.11376953125,64.7041015625,5.074419653412141,5.366248858025423,3.7120926193570467,18,green_area
5113,Forest_2833.jpg,46.565673828125,72.59326171875,88.8271484375,2.555551447006968,2.6769585240185916,2.0916279529570523,0,green_area
5114,Forest_86.jpg,33.048583984375,56.15673828125,74.1201171875,2.207129106630885,2.408550747844188,1.8811683915899422,0,green_area
5115,Forest_940.jpg,46.015380859375,87.345947265625,72.208984375,3.5206571973198253,4.03641846257689,2.543714938285314,0,green_area
5116,Forest_798.jpg,31.874267578125,54.8134765625,66.473876953125,2.5462637208691574,3.0274418771899128,2.1759294907974307,0,green_area
5117,Forest_2199.jpg,40.6767578125,63.782470703125,80.044677734375,1.7140580378068342,1.7290304333284792,1.6358430290453045,0,green_area
5118,Forest_92.jpg,35.243896484375,56.8330078125,75.974609375,2.4789813410521093,2.4161614734044505,2.0069069805703776,0,green_area
5119,Forest_954.jpg,40.272705078125,63.026123046875,71.389404296875,6.377075114697163,4.366123943447662,3.4541464887074906,0,green_area
5120,Forest_2827.jpg,53.295654296875,93.53564453125,73.675048828125,7.526855607331282,9.876443672883573,4.0520445381340595,10,green_area
5121,Forest_767.jpg,36.137451171875,62.543212890625,76.818115234375,4.9918296279746155,6.465963154943263,3.7728307563961225,0,green_area
5122,Forest_79.jpg,35.733642578125,60.54736328125,76.417724609375,3.8469373234674755,3.480442410935603,2.814334175937091,0,green_area
5123,Forest_2172.jpg,42.94775390625,63.437255859375,79.31640625,8.234313023603601,5.970219770688281,5.2180467691427355,59,green_area
5124,Forest_2166.jpg,42.439208984375,60.0927734375,70.67431640625,7.854680864533535,6.008432105844622,5.039578173370474,17,green_area
5125,Forest_773.jpg,45.463623046875,69.354248046875,86.609130859375,3.5592288927563147,3.362498042662664,3.29703119097804,0,green_area
5126,Forest_45.jpg,41.362060546875,64.49462890625,82.232666015625,3.400298133218847,4.254417563850771,2.5393999433031786,0,green_area
5127,Forest_983.jpg,33.27197265625,56.510986328125,74.101806640625,3.9220624476163457,2.852044292142801,2.192769692318291,0,green_area
5128,Forest_51.jpg,46.482421875,69.84375,84.48095703125,7.854461286636499,4.711915580472553,3.7849450775858275,70,green_area
5129,Forest_997.jpg,38.1689453125,66.034423828125,74.98046875,3.5159753243423477,3.8770831799733445,2.2256954177904573,0,green_area
5130,Forest_996.jpg,42.103271484375,65.714111328125,76.899658203125,6.906237912922634,5.119619516665135,3.619937181177996,0,green_area
5131,Forest_50.jpg,56.0986328125,74.70263671875,107.912109375,4.355373172823236,2.990945463639254,2.468866659377762,0,green_area
5132,Forest_982.jpg,31.6005859375,53.51220703125,68.581298828125,3.4701770218430132,3.8077387549421062,2.6372911411229327,0,green_area
5133,Forest_44.jpg,35.06103515625,58.9951171875,69.46826171875,5.299725938404885,3.945301743294433,2.944384967655095,0,green_area
5134,Forest_2167.jpg,42.139892578125,65.115966796875,89.429443359375,2.8863076522540942,2.567635658324123,1.9388609843703892,0,green_area
5135,Forest_772.jpg,37.740234375,64.20751953125,65.673583984375,2.660915451272054,2.48980383647985,1.826360111428877,0,green_area
5136,Forest_78.jpg,46.2041015625,77.83642578125,81.127685546875,2.523975421271978,3.172467819964503,1.9189014381265737,0,green_area
5137,Forest_766.jpg,35.306884765625,61.153564453125,74.1240234375,2.178062557929016,3.0342449749668234,1.9379407319886446,0,green_area
5138,Forest_2173.jpg,48.594970703125,75.39599609375,86.10009765625,3.6924971568097305,3.446284738669273,2.6762555446861302,0,green_area
5139,Forest_2198.jpg,42.212646484375,81.17138671875,78.012939453125,4.903905314344676,3.9051775566401727,3.153011728677492,10,green_area
5140,Forest_2826.jpg,40.70361328125,70.78173828125,73.88671875,2.065349979530977,3.572726345646738,2.0266436652501194,0,green_area
5141,Forest_955.jpg,31.06884765625,54.6337890625,68.17041015625,1.9630737219291796,2.8254339576878045,1.8680243751479397,0,green_area
5142,Forest_93.jpg,39.569091796875,62.08935546875,77.97119140625,8.562734471890657,6.0919728157391235,4.690743684633189,0,green_area
5143,Forest_799.jpg,37.10693359375,65.321533203125,74.498779296875,2.0873949195774406,2.6265592825811446,1.7702507089064758,0,green_area
5144,Forest_941.jpg,37.019287109375,64.298583984375,76.51953125,1.8752263091522998,2.646942875970267,1.7612942947654822,0,green_area
5145,Forest_87.jpg,35.267822265625,57.105224609375,69.649658203125,2.2951842722122535,2.694922897265686,1.409913589014375,0,green_area
5146,Forest_2832.jpg,38.15869140625,59.40576171875,78.8330078125,3.28975276997868,3.1981907125509332,2.0765253090954525,0,green_area
5147,Forest_969.jpg,30.087890625,51.49072265625,64.609130859375,3.92173055557583,4.705632830676756,3.3064958300717806,0,green_area
5148,Forest_7.jpg,34.456787109375,63.75390625,70.751708984375,2.6328171976200383,3.3039371008254586,2.3763610428415345,0,green_area
5149,Forest_2359.jpg,29.299560546875,51.204833984375,62.309814453125,2.594852890942173,3.666290443618735,2.3241810899776842,0,green_area
5150,Forest_558.jpg,51.850341796875,85.1953125,73.005859375,5.628888836316844,11.724933264568875,4.418253247775031,6,green_area
5151,Forest_570.jpg,33.538818359375,55.9052734375,70.748046875,3.3825807470000524,4.1922561054111345,2.5201330131667126,0,green_area
5152,Forest_216.jpg,31.98388671875,52.82470703125,68.54541015625,4.689086620112424,4.279200571526977,3.152517661363589,9,green_area
5153,Forest_202.jpg,42.04931640625,69.434326171875,80.3515625,7.241543392438837,6.5908675153237155,4.675812251881351,47,green_area
5154,Forest_2417.jpg,35.30517578125,64.092529296875,70.685791015625,3.1755493755078747,3.3497292989277234,2.5173525239352217,0,green_area
5155,Forest_564.jpg,48.863525390625,76.0400390625,78.7177734375,8.567840355239525,5.514527900666033,4.285460580400832,52,green_area
5156,Forest_438.jpg,42.656005859375,67.952880859375,85.48291015625,2.320000097648849,2.8425437863314897,1.944594101217681,0,green_area
5157,Forest_2239.jpg,43.938720703125,73.992431640625,74.9853515625,3.891083648182021,4.386390456350343,2.602260186747053,0,green_area
5158,Forest_404.jpg,45.042236328125,67.262451171875,80.2216796875,7.460732050758257,5.298392688873338,3.672796255566037,0,green_area
5159,Forest_2211.jpg,31.55029296875,53.10400390625,61.7568359375,4.487820966075219,4.545175110073839,3.205289230507677,12,green_area
5160,Forest_362.jpg,43.894287109375,69.78857421875,89.554443359375,5.000225246839457,5.728281530727416,3.108230754081808,0,green_area
5161,Forest_376.jpg,36.857177734375,59.612060546875,69.8388671875,3.2778795552257165,2.890353205506911,2.0540577898968277,0,green_area
5162,Forest_2205.jpg,33.8896484375,58.698486328125,69.24951171875,5.897482768215928,4.727966749438648,3.1172951510013327,0,green_area
5163,Forest_410.jpg,35.601806640625,60.82421875,71.263916015625,1.8974918317807463,2.158707696956315,1.767608591733935,0,green_area
5164,Forest_389.jpg,41.17578125,63.065673828125,80.76171875,2.6852933118932163,2.7294747940628445,2.0619931609727606,0,green_area
5165,Forest_2991.jpg,50.42626953125,86.71240234375,71.86083984375,7.254237268605701,9.742700717748622,4.027089626164592,36,green_area
5166,Forest_2985.jpg,41.228515625,66.76123046875,80.857666015625,2.840662359447328,3.526146872607075,2.208162419584877,0,green_area
5167,Forest_2013.jpg,46.759033203125,87.248291015625,72.46826171875,6.01846860087172,5.120293380845956,3.5024361646935547,0,green_area
5168,Forest_606.jpg,45.62841796875,70.70263671875,87.745849609375,3.073022903071522,3.5606427287028155,2.1653132353242013,0,green_area
5169,Forest_612.jpg,43.360595703125,71.396728515625,82.450439453125,3.1172716994613716,3.57994345720222,2.1867152168706037,0,green_area
5170,Forest_2007.jpg,51.085693359375,77.600341796875,78.562744140625,10.674070071089755,6.154162866410012,4.807776566830787,69,green_area
5171,Forest_2952.jpg,39.55810546875,61.355712890625,78.7880859375,3.67583466348139,3.5140179076191695,2.443005530870683,0,green_area
5172,Forest_821.jpg,42.443603515625,65.257568359375,74.22216796875,7.2620618348235055,5.594868633366102,4.312155419556617,17,green_area
5173,Forest_835.jpg,34.13720703125,59.9130859375,68.93798828125,3.5299669145865322,4.503987453023126,2.6180268720904434,0,green_area
5174,Forest_2946.jpg,40.93994140625,61.75830078125,81.370849609375,4.104626105422609,2.855774619110486,2.4246294539787745,0,green_area
5175,Forest_809.jpg,43.15087890625,69.57958984375,83.864013671875,1.7292828425098086,1.983209162386018,1.4445526393794308,0,green_area
5176,Forest_2978.jpg,50.753173828125,64.937744140625,76.791748046875,9.511165554244787,5.421517566475136,4.693989286406033,0,green_area
5177,Forest_823.jpg,42.473388671875,67.94921875,80.445556640625,2.91393051666738,2.56552020473401,1.9020098289362137,0,green_area
5178,Forest_2950.jpg,31.886474609375,52.474365234375,63.72607421875,4.891903055182967,4.874732273037295,3.7437661490625422,12,green_area
5179,Forest_2944.jpg,29.182861328125,50.038818359375,64.505859375,3.627896097471834,3.793138203631715,2.8010121014955662,0,green_area
5180,Forest_837.jpg,41.36474609375,62.846923828125,79.713134765625,3.08058552260672,3.451216286684898,2.076652047872242,0,green_area
5181,Forest_604.jpg,37.056640625,65.2763671875,74.55810546875,2.5311949924096346,3.131756459468606,1.89147520258695,0,green_area
5182,Forest_2011.jpg,56.938720703125,77.473388671875,83.1005859375,7.304075323553934,5.696787989710994,3.7879769254745,0,green_area
5183,Forest_2005.jpg,38.513427734375,60.98779296875,73.56982421875,3.2864267747737137,2.961808894221243,2.218091356544169,0,green_area
5184,Forest_610.jpg,40.56298828125,60.808837890625,78.38671875,4.263184656325031,3.9053536492953236,2.7206996197482805,0,green_area
5185,Forest_2993.jpg,32.804443359375,59.028564453125,68.675048828125,2.8008595539463355,3.569539986138644,2.071741251706415,0,green_area
5186,Forest_638.jpg,36.312744140625,64.8935546875,71.7548828125,4.236835503873112,5.073184852900274,2.9586135480816163,0,green_area
5187,Forest_2039.jpg,51.776123046875,75.248046875,77.822265625,6.9372836543192085,5.271995969061693,3.858603458272612,11,green_area
5188,Forest_2987.jpg,54.08203125,90.4072265625,73.11572265625,6.92419257018632,12.285709532391461,4.174160991813857,9,green_area
5189,Forest_360.jpg,29.5595703125,50.620361328125,61.786376953125,4.748238387456832,5.406355261467007,3.7249187226997105,0,green_area
5190,Forest_2213.jpg,35.47802734375,60.6201171875,70.6201171875,4.039236954070326,3.988597711604555,2.638863241059887,0,green_area
5191,Forest_406.jpg,34.183349609375,58.5927734375,75.16552734375,4.3714635384064495,5.12225407797138,3.3038571083237045,0,green_area
5192,Forest_412.jpg,33.442138671875,56.02197265625,73.173095703125,4.531904232544815,4.993502185578507,3.35411198000822,0,green_area
5193,Forest_2207.jpg,33.137939453125,57.0283203125,72.9833984375,2.078950975948345,2.525007485860171,1.9028447488228142,0,green_area
5194,Forest_374.jpg,45.02978515625,68.721923828125,87.358154296875,4.0520408092055495,4.736985440605697,2.424926889929875,0,green_area
5195,Forest_348.jpg,43.267822265625,68.327880859375,82.88525390625,2.4587018105924296,2.4077032951924355,1.6221481387250414,0,green_area
5196,Forest_1861.jpg,31.340087890625,54.253173828125,67.904052734375,2.7011489150036208,3.3361646856274247,2.4252140653649703,0,green_area
5197,Forest_1691.jpg,33.718994140625,54.16357421875,65.28369140625,3.749790432160432,3.6937977627991936,2.604474748825547,0,green_area
5198,Forest_599.jpg,49.260498046875,75.98291015625,90.333740234375,5.239830379716438,4.314503715636435,3.0833465032468084,0,green_area
5199,Forest_214.jpg,32.202880859375,54.66162109375,69.169921875,3.452467627114592,4.224562166314405,2.6899395892652467,0,green_area
5200,Forest_572.jpg,35.262939453125,60.15576171875,65.067138671875,4.753745804322663,4.018530807331461,2.7477146427738566,0,green_area
5201,Forest_566.jpg,35.3115234375,59.55712890625,65.72998046875,2.5917017559198787,3.0803304216951592,2.162883726704589,0,green_area
5202,Forest_200.jpg,36.850830078125,59.45458984375,73.379638671875,2.3903623823141977,2.8863377713305405,1.8921521379614237,0,green_area
5203,Forest_228.jpg,42.051025390625,69.349853515625,82.897705078125,2.034272732486125,2.4731793686426844,1.8018367925768382,0,green_area
5204,Forest_2818.jpg,44.27490234375,65.4150390625,82.031982421875,4.079186283151428,3.352661663939432,2.3899003345466125,0,green_area
5205,Forest_5.jpg,39.91748046875,61.50439453125,77.99560546875,4.242643805984929,4.16070956996461,2.875930594059094,0,green_area
5206,Forest_91.jpg,39.799560546875,64.024169921875,83.37939453125,3.0131725458818237,3.8374760527593597,2.242523434026408,0,green_area
5207,Forest_957.jpg,40.443603515625,67.53076171875,81.277099609375,1.692481969711979,2.3234603029015894,1.6072112231624138,0,green_area
5208,Forest_2824.jpg,35.822021484375,56.64599609375,77.121337890625,3.2948843835711323,2.681074000631042,1.9996761864546158,0,green_area
5209,Forest_2830.jpg,33.12744140625,57.31591796875,69.521728515625,2.2869938170495834,3.7099160485138842,1.9637875306047583,0,green_area
5210,Forest_85.jpg,36.39453125,59.377685546875,70.131591796875,5.202830263330088,5.054360752069122,3.2381119724108074,0,green_area
5211,Forest_943.jpg,33.328857421875,58.997802734375,70.434814453125,2.4678612449249915,2.981837117264921,2.108078042193554,0,green_area
5212,Forest_770.jpg,41.376708984375,63.439208984375,81.09228515625,3.052428354067652,2.9560940364642123,2.2424524130816943,0,green_area
5213,Forest_2165.jpg,44.9921875,68.745849609375,89.134521484375,5.671762008172042,5.586859177531698,3.668678085103209,0,green_area
5214,Forest_2171.jpg,34.70703125,58.46875,69.88037109375,4.427818374947581,4.446184284023774,3.0069654584879135,17,green_area
5215,Forest_764.jpg,30.069580078125,52.915283203125,65.756591796875,2.899149999931552,3.5139788948857165,2.3816888755201546,0,green_area
5216,Forest_52.jpg,42.626953125,66.95458984375,82.16943359375,1.8824062304807467,1.9915319822838273,1.3666662475926448,0,green_area
5217,Forest_994.jpg,40.76611328125,64.465576171875,83.444091796875,2.792985097130373,3.5954868846315127,2.098245932099794,0,green_area
5218,Forest_2159.jpg,45.295654296875,77.26513671875,78.581298828125,7.157494478420109,5.656510299678636,4.105390400960121,35,green_area
5219,Forest_758.jpg,35.69677734375,59.408935546875,76.291748046875,4.831622859685624,4.331199070739769,3.086179226449693,0,green_area
5220,Forest_46.jpg,42.277587890625,68.273193359375,85.424072265625,2.7963679083059443,3.722467175512553,2.190309940488487,0,green_area
5221,Forest_980.jpg,39.108642578125,72.096923828125,74.754638671875,3.398308332772845,4.106508067192441,2.6317997804327242,0,green_area
5222,Forest_981.jpg,36.012939453125,59.271240234375,76.44775390625,3.53374891562457,3.648350577779114,2.4560998749415437,0,green_area
5223,Forest_47.jpg,33.92578125,55.724609375,70.222900390625,4.005533206034927,4.315707575666139,2.955211396877425,0,green_area
5224,Forest_759.jpg,43.157958984375,64.00048828125,81.633544921875,3.3344936328294614,3.3394393586845412,2.5659728243088233,0,green_area
5225,Forest_995.jpg,48.387451171875,72.508056640625,89.790283203125,3.5555756098749596,3.1401870858743175,2.2981423624818134,4,green_area
5226,Forest_53.jpg,32.059814453125,53.2646484375,68.58935546875,3.5501549213481316,3.6098525486893243,2.5349748778744274,0,green_area
5227,Forest_2158.jpg,32.369873046875,54.97216796875,66.719482421875,7.0025567724275115,5.191988531313075,3.532034111738997,41,green_area
5228,Forest_2170.jpg,36.790283203125,61.763427734375,74.86474609375,2.435638976630874,2.979657653995179,2.060787009759649,0,green_area
5229,Forest_1479.jpg,43.0986328125,64.046875,78.283203125,4.668925499330476,4.260241566287644,3.080047162177916,0,green_area
5230,Forest_765.jpg,40.096923828125,65.0224609375,79.68603515625,3.1951700472614277,3.2828096588572753,2.303733447176352,0,green_area
5231,Forest_771.jpg,41.609619140625,69.10400390625,77.433837890625,5.208606839310166,3.3973397773088196,2.6084892802699136,7,green_area
5232,Forest_2164.jpg,39.8271484375,62.644287109375,72.30224609375,6.422038872106063,6.049856466174896,3.6082526439487115,0,green_area
5233,Forest_942.jpg,49.66845703125,75.676513671875,80.46875,7.430566697592616,7.863588902253296,4.422565096327017,0,green_area
5234,Forest_84.jpg,34.93896484375,62.8984375,68.621826171875,2.4657191250123236,3.6824564953090415,1.9091428319002963,0,green_area
5235,Forest_2831.jpg,40.010986328125,63.5595703125,68.5615234375,5.7868744940571615,6.115894556123303,3.721457001012934,0,green_area
5236,Forest_2825.jpg,50.657470703125,75.906005859375,109.134521484375,2.19265193519339,2.4582853891794514,1.9258012905973831,0,green_area
5237,Forest_956.jpg,36.65283203125,57.77685546875,76.26806640625,3.986437185347839,3.362826929188182,2.521182868831654,0,green_area
5238,Forest_90.jpg,36.666015625,59.93017578125,74.364501953125,2.7658063753643094,3.042425849092456,2.337846658368136,10,green_area
5239,Forest_4.jpg,42.012451171875,63.359619140625,79.84912109375,12.850024746433135,9.065803290832596,6.988075027280317,112,green_area
5240,Forest_2819.jpg,32.272705078125,55.729736328125,68.14453125,3.139823763922083,3.800821576585731,2.3930460320527556,0,green_area
5241,Forest_229.jpg,32.14794921875,56.172607421875,66.8974609375,5.107256412196402,5.861498918240851,3.856271955776929,14,green_area
5242,Forest_567.jpg,33.812255859375,56.796875,72.4599609375,3.0014085542518165,3.212638311711264,2.3586729912652413,0,green_area
5243,Forest_201.jpg,34.6708984375,57.1474609375,67.23046875,6.3773044834052,5.278867195304464,3.795120398982546,25,green_area
5244,Forest_215.jpg,32.11767578125,55.48046875,67.968017578125,4.855511935986483,5.463534063934573,3.394288426396026,9,green_area
5245,Forest_573.jpg,27.4013671875,48.716064453125,62.950439453125,3.3737031776370516,3.713519922471912,2.748976159239736,0,green_area
5246,Forest_598.jpg,38.69140625,56.60693359375,66.68115234375,4.874848192247727,4.446435850096987,3.2247965415827218,0,green_area
5247,Forest_349.jpg,34.30517578125,61.5126953125,71.912353515625,2.648358234130808,3.474493409698819,2.112066275747923,0,green_area
5248,Forest_2548.jpg,35.292724609375,61.2333984375,75.12939453125,2.1357736537239274,2.7019447881336434,1.8195861546056544,0,green_area
5249,Forest_413.jpg,33.05224609375,53.045166015625,68.946533203125,4.586378527982385,3.6522629264823694,2.6746280941949534,0,green_area
5250,Forest_375.jpg,41.892333984375,66.510986328125,84.906005859375,2.268345311224558,2.862127500976211,1.7129741200330983,0,green_area
5251,Forest_2206.jpg,33.521728515625,60.0615234375,67.6826171875,2.2670828371188234,3.9663038750375876,2.004840476903235,0,green_area
5252,Forest_2212.jpg,43.337158203125,66.10546875,87.229248046875,6.182316810301824,4.500283126401431,3.016059557581547,18,green_area
5253,Forest_361.jpg,39.122802734375,67.924072265625,76.41455078125,2.5022075324211266,2.776918435024277,1.8465347596281567,0,green_area
5254,Forest_407.jpg,45.066650390625,65.1796875,79.512451171875,5.121683483953741,3.532485610705831,2.927983462354072,0,green_area
5255,Forest_2038.jpg,31.1552734375,54.226318359375,66.54931640625,3.341823557708715,4.02492244687209,2.576563830632687,20,green_area
5256,Forest_2986.jpg,50.431884765625,89.6142578125,75.497314453125,9.586991153503066,12.372203433848505,5.661771529330549,0,green_area
5257,Forest_639.jpg,34.272705078125,56.01318359375,71.476318359375,2.5899062458397673,2.538054515589812,1.9912959329033213,0,green_area
5258,Forest_2992.jpg,44.145263671875,62.175537109375,73.441650390625,3.677972600497235,2.456197757990441,1.9992707681391695,0,green_area
5259,Forest_2004.jpg,41.665283203125,64.025390625,80.519287109375,2.7466289384015345,3.1206751078351793,2.274523275856274,0,green_area
5260,Forest_611.jpg,38.4892578125,65.83642578125,74.777099609375,3.1514322506453656,2.8190204482160692,2.0566614771235985,0,green_area
5261,Forest_605.jpg,46.529052734375,79.036376953125,72.33203125,6.428591809827043,7.23563332458924,3.566624445680178,0,green_area
5262,Forest_163.jpg,38.986328125,61.087158203125,69.078857421875,5.243607398402744,4.788951225294848,3.302074138536297,0,green_area
5263,Forest_2010.jpg,41.12890625,67.11865234375,81.21923828125,2.2561730369058437,2.548568022453517,1.7014128451920616,0,green_area
5264,Forest_188.jpg,36.979248046875,63.75244140625,74.240966796875,1.8085379705210776,2.403660111197197,1.4032229374475043,0,green_area
5265,Forest_836.jpg,46.81640625,69.056640625,81.906494140625,5.117227755089756,3.691498738094002,3.3830628247399637,47,green_area
5266,Forest_2945.jpg,47.540771484375,89.789794921875,72.78857421875,9.192935137161681,12.119703391977275,5.896381166255522,98,green_area
5267,Forest_2951.jpg,33.402587890625,59.140380859375,64.86865234375,2.0590129476152192,3.3795643689233286,1.872611431783869,0,green_area
5268,Forest_822.jpg,37.15234375,58.9052734375,73.023681640625,4.472762007483289,4.01806364709507,2.9984819922791446,0,green_area
5269,Forest_2979.jpg,38.991455078125,61.127197265625,77.656494140625,2.2353418432501884,2.6198205143659217,1.9895777793793443,0,green_area
5270,Forest_2936.jpg,51.2529296875,75.195556640625,108.7802734375,5.321177766545782,3.5266271984975197,2.7852081251195453,0,green_area
5271,Forest_845.jpg,36.896240234375,64.462646484375,75.9287109375,5.223260169823292,6.002894095964916,3.3706997920784745,0,green_area
5272,Forest_2088.jpg,39.276123046875,65.5966796875,76.12060546875,2.196449596191423,2.0889470823898106,1.6034037357002735,0,green_area
5273,Forest_689.jpg,33.753662109375,56.70068359375,67.037109375,4.6646433649066275,5.136112145407223,3.52711176822299,0,green_area
5274,Forest_851.jpg,30.123291015625,51.3310546875,65.295166015625,4.65653150462779,4.744576721124265,3.3211173394800526,12,green_area
5275,Forest_2922.jpg,39.346923828125,61.3671875,79.912109375,2.936503373164093,3.3470249003546044,2.0998255702646134,0,green_area
5276,Forest_879.jpg,39.76611328125,65.115234375,78.500244140625,2.691854054883429,3.967261328053442,2.4396024464337125,5,green_area
5277,Forest_886.jpg,32.358154296875,58.15087890625,68.015869140625,3.0321997403296135,3.6330311371014705,2.3707799939578584,0,green_area
5278,Forest_892.jpg,32.4755859375,55.915771484375,74.177490234375,4.246079263250069,3.852440035747553,2.635301799808991,0,green_area
5279,Forest_662.jpg,36.6708984375,62.625732421875,77.8095703125,3.7526153345447035,4.30664366291657,2.6813822466908093,0,green_area
5280,Forest_2077.jpg,42.1962890625,75.701171875,74.891845703125,5.266116065606878,4.959706647873338,3.7143845058693743,0,green_area
5281,Forest_2063.jpg,51.02880859375,81.562255859375,71.31103515625,6.271186757398965,8.338541866416064,3.9741517499431924,0,green_area
5282,Forest_676.jpg,40.22314453125,62.271484375,80.658447265625,2.4033081600001314,2.7661153067760678,1.9116960961449811,0,green_area
5283,Forest_1967.jpg,45.311767578125,67.1337890625,82.6669921875,3.885786172752571,2.6417196138132018,2.1465916697904994,0,green_area
5284,Forest_1973.jpg,37.703125,66.64111328125,77.152099609375,2.5523331085254135,3.535341812237518,2.335518981287237,0,green_area
5285,Forest_1998.jpg,36.962646484375,63.40185546875,70.173095703125,3.286501932031298,3.7470869511843086,2.28179975966005,0,green_area
5286,Forest_2249.jpg,40.0400390625,63.640380859375,83.003173828125,2.9393043657852314,3.640366172594611,2.256661078604856,0,green_area
5287,Forest_448.jpg,40.64990234375,61.16796875,78.281982421875,4.013282389433649,3.8486515210231023,2.540170926459184,0,green_area
5288,Forest_2275.jpg,37.429931640625,60.9111328125,75.189697265625,2.476741928676562,3.118025511719851,1.9537877141054496,0,green_area
5289,Forest_306.jpg,30.365478515625,52.427734375,65.28955078125,3.0775252692287594,3.7802364788057057,2.595565665963301,0,green_area
5290,Forest_460.jpg,42.6240234375,62.8525390625,73.24365234375,5.255879243708962,5.085233812536217,3.6558104356811407,14,green_area
5291,Forest_2507.jpg,48.406982421875,81.278076171875,81.68408203125,3.2344338877011785,3.544026638515905,2.1923607907962763,0,green_area
5292,Forest_474.jpg,37.740966796875,59.2001953125,78.56201171875,2.9713050588594574,3.3644888345933066,2.1621437242324273,0,green_area
5293,Forest_312.jpg,43.512939453125,67.97900390625,84.45849609375,4.770906760832036,4.441135019091093,3.0715326112571213,0,green_area
5294,Forest_1768.jpg,36.623046875,60.600830078125,69.026611328125,5.247906585396955,4.194093374359387,3.2312446870889278,7,green_area
5295,Forest_2261.jpg,43.209228515625,64.130859375,71.287109375,4.783386245655305,4.7331077969685635,3.1680765192443046,0,green_area
5296,Forest_2498.jpg,36.06982421875,54.63134765625,64.112548828125,5.002343939692267,4.441166370526737,3.2850095645846586,16,green_area
5297,Forest_299.jpg,50.016845703125,97.78759765625,73.6669921875,6.817977973282198,9.022719938473072,4.233993794641646,33,green_area
5298,Forest_528.jpg,39.527099609375,62.35302734375,78.0341796875,3.0848590656497943,2.591938489251784,2.00543784937664,14,green_area
5299,Forest_2301.jpg,36.331298828125,61.0537109375,77.3818359375,4.5688479889199645,5.1736020434454435,2.9930260979623107,0,green_area
5300,Forest_514.jpg,39.556396484375,81.15771484375,74.4052734375,2.496725023465768,3.085220099006052,2.212317154220193,0,green_area
5301,Forest_500.jpg,40.962158203125,67.26123046875,71.843017578125,11.512212589312893,7.254620082984818,5.940707610196554,177,green_area
5302,Forest_2315.jpg,37.432373046875,62.57666015625,65.8076171875,2.471283674825905,3.095482812978248,1.6925851004320551,0,green_area
5303,Forest_2842.jpg,36.946044921875,61.504638671875,74.8896484375,3.1156530499510895,3.4110456445162436,2.386286969625365,0,green_area
5304,Forest_931.jpg,45.619384765625,69.17724609375,87.669921875,3.2283541805750904,3.7847775170411757,2.511484090661632,0,green_area
5305,Forest_925.jpg,43.6728515625,67.447998046875,88.40869140625,5.784872621207083,6.043521429234878,3.6705732594796956,0,green_area
5306,Forest_2856.jpg,43.2890625,64.914794921875,82.126220703125,2.732979554642469,2.7726897507721113,2.144086155796364,0,green_area
5307,Forest_919.jpg,33.572021484375,57.507568359375,67.39697265625,4.5512691841988895,5.49084299378851,3.249869380673602,0,green_area
5308,Forest_34.jpg,30.284423828125,53.081787109375,66.086669921875,1.5344073189247112,1.9104462853912123,1.438198894109289,0,green_area
5309,Forest_2881.jpg,35.22021484375,61.092529296875,65.934814453125,2.8888662813190513,3.8739266216391886,2.2591824055072682,0,green_area
5310,Forest_2895.jpg,47.504638671875,74.13427734375,85.520263671875,2.481174819057141,2.241746334045278,1.9048610536210095,8,green_area
5311,Forest_20.jpg,37.465087890625,62.546875,79.444091796875,3.169257215952815,4.317224540648193,2.628123003746844,0,green_area
5312,Forest_716.jpg,40.306396484375,65.246826171875,76.0634765625,3.443761074027587,2.553980633296293,1.8276238691982505,0,green_area
5313,Forest_2103.jpg,35.88720703125,57.775146484375,72.525390625,5.359167489797325,4.163583459549727,3.0809932454749247,0,green_area
5314,Forest_2117.jpg,37.95263671875,64.906982421875,70.677978515625,6.390697805274415,5.320617885479539,3.975641582402257,40,green_area
5315,Forest_702.jpg,47.584716796875,77.64013671875,77.8857421875,7.006111368071966,4.144472314126128,3.4546633784686915,21,green_area
5316,Forest_2116.jpg,45.595458984375,74.513427734375,79.574951171875,3.6355139665598992,3.6804508057369216,2.326236125017098,0,green_area
5317,Forest_703.jpg,30.76708984375,54.66796875,65.4658203125,3.2589946038411295,3.795442036051063,2.7117012992699623,7,green_area
5318,Forest_717.jpg,43.36669921875,64.45849609375,78.41943359375,5.296096406950891,5.429253452433953,3.526040581046106,0,green_area
5319,Forest_2102.jpg,44.0859375,67.33935546875,86.466064453125,4.911068245157438,4.296229948696818,2.9837320543923336,18,green_area
5320,Forest_21.jpg,35.692626953125,56.5654296875,73.07763671875,6.327102875284215,5.117288043949026,3.7418959151614217,22,green_area
5321,Forest_2894.jpg,50.07080078125,76.566650390625,77.342529296875,8.2515603959569,6.096670062454548,4.257014873583051,23,green_area
5322,Forest_2880.jpg,38.65234375,63.012451171875,79.39208984375,3.6136993001404996,4.5365907370176055,2.5926345356949367,0,green_area
5323,Forest_35.jpg,33.587646484375,54.719970703125,70.206787109375,3.557031675959142,4.044847658103664,2.6884015256786573,0,green_area
5324,Forest_918.jpg,39.826171875,64.0625,81.021240234375,2.7123773362511683,3.2305608549445406,2.5087324101164508,0,green_area
5325,Forest_2857.jpg,42.77197265625,65.915283203125,81.181640625,2.412280514472212,3.086386568254573,1.9654523085283981,0,green_area
5326,Forest_924.jpg,45.53271484375,70.89697265625,75.619873046875,4.9392702574872756,4.990286523356131,3.3176972175942914,11,green_area
5327,Forest_930.jpg,42.65283203125,64.85888671875,80.191650390625,7.052473648141055,5.004891077546529,4.352749065205607,0,green_area
5328,Forest_2843.jpg,41.146240234375,64.01904296875,80.679931640625,2.672624259875478,3.2217262729538625,1.969827977502603,0,green_area
5329,Forest_501.jpg,40.154052734375,61.803466796875,78.875732421875,3.512595664449096,3.8543043223705657,2.389130854704687,0,green_area
5330,Forest_2314.jpg,35.677978515625,61.171875,70.861572265625,3.9416599324365773,5.318539765233969,2.9271973364860124,6,green_area
5331,Forest_2300.jpg,52.6591796875,75.37646484375,108.113525390625,5.969654194514738,3.422748576096452,2.8218685411989766,0,green_area
5332,Forest_515.jpg,36.08203125,61.6611328125,67.979736328125,3.7598320813931885,4.018683548966731,2.4343588592229253,0,green_area
5333,Forest_529.jpg,36.399658203125,63.359130859375,64.837646484375,6.9486249398747875,5.105831112950131,3.9389579056952617,89,green_area
5334,Forest_298.jpg,38.228759765625,60.27978515625,77.6015625,3.260299638876187,3.55685429190488,2.4865728289341837,0,green_area
5335,Forest_475.jpg,39.752685546875,60.682861328125,78.9111328125,4.114228077130688,3.949975179944345,2.701347516376936,0,green_area
5336,Forest_2260.jpg,53.892578125,68.784423828125,91.464599609375,12.208002930077118,9.074892473109239,7.268108899059892,152,green_area
5337,Forest_313.jpg,31.09326171875,54.75537109375,66.78076171875,3.5670329584706386,4.068771656406504,2.8380404575225042,0,green_area
5338,Forest_307.jpg,34.861328125,59.167236328125,68.275146484375,2.143829397616327,2.5747820711043232,1.7059831172995463,0,green_area
5339,Forest_2274.jpg,36.329345703125,59.352783203125,77.57373046875,4.210429081276408,4.109738228703607,2.9759671073833975,0,green_area
5340,Forest_461.jpg,36.781982421875,63.54638671875,77.1025390625,3.1159364776104646,3.5424044831616293,2.4827989101338073,0,green_area
5341,Forest_449.jpg,35.193359375,59.301025390625,65.0419921875,5.568265520078906,4.727068301793836,3.1039438018332364,33,green_area
5342,Forest_2248.jpg,43.329345703125,64.13525390625,82.396728515625,3.516309400274398,2.9744628148783634,2.222285704070245,0,green_area
5343,Forest_1999.jpg,34.50390625,61.820068359375,72.66455078125,1.8734327760053036,2.2517566049258066,1.7095701423574332,0,green_area
5344,Forest_1972.jpg,38.711669921875,67.954345703125,73.214111328125,2.1457217026966546,2.5843420610093104,2.0669474046389156,0,green_area
5345,Forest_1966.jpg,38.968994140625,65.606689453125,71.594482421875,10.247368448585199,7.140665630166552,5.8354602654337935,89,green_area
5346,Forest_1782.jpg,43.607666015625,73.931884765625,77.54638671875,3.4074151994700377,4.039296591669277,2.3422488173385014,0,green_area
5347,Forest_2062.jpg,45.113037109375,72.107666015625,83.44873046875,5.370789225875387,4.434679982220187,2.967649195519141,19,green_area
5348,Forest_677.jpg,39.8486328125,63.97314453125,76.038330078125,3.428687295204732,3.5835127933423396,2.1907889436766683,0,green_area
5349,Forest_663.jpg,32.47509765625,57.31005859375,64.236328125,2.4501604280691005,3.2482050927692008,1.9629897363037803,0,green_area
5350,Forest_2076.jpg,32.709716796875,60.189208984375,69.6455078125,2.5169277135246633,3.4540214842060233,2.117246732551845,0,green_area
5351,Forest_893.jpg,33.065185546875,57.647705078125,67.25927734375,2.5460406733011176,3.5350725448561997,2.3270576129563154,0,green_area
5352,Forest_887.jpg,47.926025390625,69.272705078125,84.888916015625,2.469273366861761,1.8468187139618868,1.6606998585808257,0,green_area
5353,Forest_878.jpg,36.2177734375,64.683349609375,75.46826171875,3.56680613152992,3.777771658265231,2.7308403057032273,17,green_area
5354,Forest_2923.jpg,39.961181640625,65.65966796875,82.002685546875,3.6470513252969767,3.636081430744538,2.8426753832812115,24,green_area
5355,Forest_850.jpg,43.99169921875,73.537353515625,75.3662109375,6.368825858490766,5.098547513372848,3.3104608845303356,23,green_area
5356,Forest_688.jpg,42.198974609375,66.132568359375,79.283203125,7.886784890035931,4.9735387541938,3.9623929271010256,0,green_area
5357,Forest_844.jpg,41.329833984375,68.06689453125,79.84765625,2.3409042247871468,2.801701095395232,1.8175399687726093,0,green_area
5358,Forest_2937.jpg,36.687744140625,59.070556640625,70.18994140625,4.092486230143112,2.906359588443714,2.415577780199133,9,green_area
5359,Forest_2089.jpg,50.696044921875,82.322509765625,73.555419921875,7.554369595297613,5.956691119380079,4.297057373338104,28,green_area
5360,Forest_852.jpg,33.75048828125,56.668701171875,67.853271484375,6.733976188586979,5.703990248795837,4.114594361334722,69,green_area
5361,Forest_2921.jpg,62.45166015625,78.85986328125,113.10400390625,4.387048941572937,3.057695590646326,2.599189248589787,0,green_area
5362,Forest_2935.jpg,52.2900390625,83.73193359375,82.883056640625,7.603636722300989,5.019630971430092,4.146222164220472,0,green_area
5363,Forest_846.jpg,45.670166015625,77.30859375,80.411376953125,3.827180823841005,4.256656594818396,2.551607462573856,0,green_area
5364,Forest_2909.jpg,52.05712890625,74.72265625,109.31103515625,3.6417525023085626,2.57195936507285,2.1410093867324678,0,green_area
5365,Forest_891.jpg,31.56884765625,55.897216796875,67.27490234375,3.036664983000081,3.827319056471562,2.5997887140401925,0,green_area
5366,Forest_649.jpg,28.56396484375,48.9970703125,61.12939453125,4.9494821287195325,5.698863237364199,3.952026184317684,0,green_area
5367,Forest_2048.jpg,46.2275390625,75.09326171875,81.646728515625,5.479853317497342,4.006414961728977,2.6080093807734825,27,green_area
5368,Forest_885.jpg,37.420166015625,62.754638671875,83.221923828125,2.18470213300093,2.2118296491334353,1.748832705016505,0,green_area
5369,Forest_675.jpg,43.1748046875,69.766357421875,74.605224609375,3.0686656621776227,3.680322863562666,1.9300922015753235,0,green_area
5370,Forest_2060.jpg,34.565185546875,58.889892578125,76.244140625,3.642622690209433,4.0315328617069515,2.9288377673959016,7,green_area
5371,Forest_2074.jpg,52.306884765625,73.198974609375,81.715087890625,8.754898821874088,7.250115093600175,4.562727615479198,0,green_area
5372,Forest_661.jpg,42.023193359375,65.0849609375,80.46728515625,2.6453266497175547,2.905764139232419,2.06791525188979,0,green_area
5373,Forest_488.jpg,34.530517578125,58.341552734375,68.776123046875,6.780569257715416,5.846029963917048,4.359674744230866,19,green_area
5374,Forest_2289.jpg,43.02001953125,68.644775390625,79.234375,8.194956623565407,6.323206966110581,4.252153636320658,0,green_area
5375,Forest_1958.jpg,42.45703125,63.5810546875,80.501953125,2.773533779138707,2.5193145422186323,1.854575237164223,0,green_area
5376,Forest_1970.jpg,37.839599609375,64.60595703125,72.705322265625,3.374696779758494,3.527376700719486,2.5482321908508685,0,green_area
5377,Forest_1964.jpg,33.93017578125,56.442138671875,71.151611328125,3.503487042002004,2.9783679262655935,2.4072060481623034,0,green_area
5378,Forest_339.jpg,36.379638671875,57.452880859375,76.46337890625,3.91937363786511,3.1741796586420183,2.295253830296892,0,green_area
5379,Forest_311.jpg,44.488525390625,68.34326171875,87.12939453125,3.8713270361517758,4.42000772255443,2.6618241558248346,0,green_area
5380,Forest_2262.jpg,38.05224609375,61.69873046875,77.8720703125,3.999780857520555,4.467936808616524,2.6160078891903504,0,green_area
5381,Forest_477.jpg,34.443603515625,58.56103515625,73.115478515625,3.8376785258538972,4.484694599100538,2.8529375392836847,0,green_area
5382,Forest_463.jpg,39.61279296875,63.364013671875,78.2294921875,7.031143916707335,5.732357777329768,4.338921477265573,0,green_area
5383,Forest_2276.jpg,35.119384765625,59.162841796875,65.57568359375,6.973768877433613,4.902924443234418,3.6839408832304956,14,green_area
5384,Forest_305.jpg,51.9150390625,80.084228515625,82.969482421875,10.314824946180575,9.823540031998679,9.032320239661589,39,green_area
5385,Forest_1637.jpg,40.572998046875,66.121337890625,72.85546875,4.267089194216877,6.45277872611278,3.36407510956183,0,green_area
5386,Forest_2316.jpg,37.046875,60.169677734375,77.536376953125,2.9191999786970744,3.384862397621559,2.2376276496618783,0,green_area
5387,Forest_503.jpg,45.61669921875,70.8837890625,90.637939453125,5.961919721121137,5.592891946972101,3.6140075860838445,16,green_area
5388,Forest_517.jpg,36.88232421875,64.6884765625,78.922607421875,2.818192168395761,4.099962369234404,2.3019430986616864,0,green_area
5389,Forest_2302.jpg,36.290283203125,59.755615234375,76.075439453125,2.1689983912761415,2.4346122141329642,1.9476604310138872,0,green_area
5390,Forest_926.jpg,31.583740234375,55.55029296875,67.824951171875,2.2963582060834544,2.7962045132275843,2.0284530015869393,0,green_area
5391,Forest_2855.jpg,29.038818359375,49.853759765625,63.984375,4.294085113630194,6.02042020933547,3.3092923738504885,0,green_area
5392,Forest_2841.jpg,44.80810546875,75.574951171875,76.1826171875,5.516159917812059,5.623675842194726,3.6248451726011126,11,green_area
5393,Forest_932.jpg,36.186279296875,64.0791015625,74.31982421875,1.9717777373301373,2.472523376848045,1.622671880449326,0,green_area
5394,Forest_2869.jpg,44.19091796875,74.32373046875,75.92236328125,4.630399670704287,4.6312967429331175,3.5059697805887793,0,green_area
5395,Forest_2896.jpg,40.9169921875,66.297607421875,75.661376953125,5.304722646785029,3.8687644055395665,3.034121136795644,10,green_area
5396,Forest_23.jpg,37.022216796875,64.38427734375,78.92431640625,3.9075303611503283,5.053743088477138,2.9549241413506855,0,green_area
5397,Forest_2128.jpg,35.17236328125,62.420654296875,69.462890625,2.3001311700154696,3.108323182906758,1.772343369465158,0,green_area
5398,Forest_729.jpg,44.00390625,70.83935546875,82.735595703125,2.79831219621059,2.8441060859836904,2.0021137601093093,8,green_area
5399,Forest_37.jpg,35.31787109375,63.509765625,70.5556640625,4.563520108453361,4.143531096186966,3.278916900959217,54,green_area
5400,Forest_2882.jpg,39.6533203125,65.63525390625,81.84619140625,2.353299028868814,3.2478609748716334,1.9997009411381113,0,green_area
5401,Forest_701.jpg,33.654052734375,59.602294921875,69.15087890625,4.103601954994122,4.433403105144916,2.8857119072940742,0,green_area
5402,Forest_2114.jpg,32.45556640625,53.7216796875,68.529052734375,3.4752863910038347,3.7384168387032366,2.726665145122396,0,green_area
5403,Forest_2100.jpg,37.770751953125,63.283935546875,79.31201171875,2.1743879394277825,2.7767160621129046,2.0262708820300093,0,green_area
5404,Forest_715.jpg,35.61572265625,63.051025390625,75.056396484375,2.36444754077574,2.859261255138566,2.1536426951621155,0,green_area
5405,Forest_2101.jpg,31.97265625,54.04150390625,69.227783203125,2.652245948123201,3.286563567317083,2.1446972141771234,0,green_area
5406,Forest_714.jpg,34.02587890625,60.9375,71.927490234375,2.7506771554403295,4.085212949620864,2.5227221605864583,0,green_area
5407,Forest_700.jpg,36.516845703125,56.364013671875,61.77490234375,9.356268234974147,7.089003361267582,5.404634421739435,80,green_area
5408,Forest_2115.jpg,35.51318359375,58.574462890625,73.787353515625,2.8642499463831426,2.977999112729849,2.2857289566586747,0,green_area
5409,Forest_2883.jpg,47.37548828125,77.955322265625,81.142333984375,2.1456088778931544,2.769057896546426,1.7690108083380771,0,green_area
5410,Forest_36.jpg,35.230224609375,58.840576171875,73.643310546875,4.19850170312138,4.659470788340771,3.147182081784336,0,green_area
5411,Forest_728.jpg,38.92822265625,60.18896484375,70.133544921875,4.84135266936568,4.280558258752769,3.247443064468783,0,green_area
5412,Forest_22.jpg,37.950439453125,80.4716796875,73.36865234375,2.957583407373062,3.417938476428431,2.608361281427025,0,green_area
5413,Forest_2897.jpg,38.928955078125,68.798828125,79.869873046875,1.821256188308162,2.722081040161917,1.8210763106458236,0,green_area
5414,Forest_2129.jpg,40.5810546875,64.020263671875,80.0712890625,3.538815521312785,3.5795684218529953,2.452935083898037,0,green_area
5415,Forest_2868.jpg,39.80517578125,61.017578125,79.666748046875,4.142674324037366,3.817131356237493,2.391600652829266,0,green_area
5416,Forest_933.jpg,36.446533203125,60.955322265625,78.419189453125,4.307183395402607,5.269931102199166,3.025495976780297,11,green_area
5417,Forest_2840.jpg,41.280029296875,70.01123046875,79.144775390625,1.8348438495596002,2.670891787226067,1.7674318874837522,0,green_area
5418,Forest_2854.jpg,38.762451171875,64.174072265625,71.0654296875,4.886551443234937,4.779127553692743,2.872980984490439,0,green_area
5419,Forest_927.jpg,31.7666015625,56.163330078125,66.96728515625,3.814640507390252,5.026437240477064,2.9536464573893086,0,green_area
5420,Forest_516.jpg,42.611083984375,65.08349609375,82.935546875,2.616030844555426,2.5610440002230517,2.072595108113916,0,green_area
5421,Forest_2303.jpg,33.49169921875,60.515625,71.24462890625,4.834459784663705,5.660543087626398,3.879813096912908,27,green_area
5422,Forest_2317.jpg,34.293701171875,57.38525390625,73.992431640625,5.401724928183983,6.4430359490087525,3.7737129616349163,0,green_area
5423,Forest_502.jpg,35.59912109375,63.93701171875,71.070556640625,3.491680850969029,3.0612939678631275,2.518128079762567,8,green_area
5424,Forest_2459.jpg,36.65576171875,64.43896484375,72.367431640625,3.615174724266041,3.129244820591949,2.2039568122113056,0,green_area
5425,Forest_462.jpg,34.9931640625,61.56494140625,65.67041015625,2.672642826157004,3.9522518053009064,2.357410901793926,0,green_area
5426,Forest_304.jpg,49.260498046875,77.452880859375,78.64697265625,7.589039314741973,6.24591479781679,4.791337460805158,24,green_area
5427,Forest_2277.jpg,33.042724609375,57.44140625,68.080078125,3.2672888701305176,4.027552128459784,2.6392717674855852,0,green_area
5428,Forest_2263.jpg,35.487548828125,59.783935546875,75.269775390625,5.866170330234108,7.519827030854552,4.100391148017239,0,green_area
5429,Forest_310.jpg,40.355224609375,62.382568359375,81.390869140625,2.9088592199124004,3.1008250611377806,2.0354055153168065,0,green_area
5430,Forest_476.jpg,32.716064453125,57.4580078125,68.2783203125,3.2532579433309303,4.131587346279752,2.609829434781113,0,green_area
5431,Forest_2505.jpg,36.2080078125,64.635009765625,76.1357421875,3.00564156003988,3.935991141940729,2.50772864656101,0,green_area
5432,Forest_338.jpg,44.465576171875,73.20751953125,80.88330078125,5.028316940096081,4.522988384398061,2.8745846240966952,0,green_area
5433,Forest_1965.jpg,36.857666015625,65.09619140625,74.49951171875,2.201296852713631,2.212695336205065,1.7942235208667343,0,green_area
5434,Forest_1971.jpg,42.6875,64.828125,83.587890625,1.9345996436601554,2.197910495646945,1.7484898181822819,0,green_area
5435,Forest_1959.jpg,32.4345703125,55.87939453125,67.66943359375,5.186051775531522,4.414288459328139,3.0112262723945142,35,green_area
5436,Forest_2288.jpg,42.03369140625,65.72900390625,80.36181640625,3.8841672870957678,3.702010457801577,2.4347835467281964,0,green_area
5437,Forest_489.jpg,37.38720703125,66.412353515625,68.466796875,6.43423555064629,5.7826547050231785,3.670760614639728,16,green_area
5438,Forest_2075.jpg,41.949951171875,66.567138671875,82.26806640625,1.9048880886887591,2.2533361153496076,1.5230699144623039,0,green_area
5439,Forest_660.jpg,42.721435546875,66.075439453125,89.91162109375,2.482023157593452,2.111150248866054,1.6840246936817922,0,green_area
5440,Forest_674.jpg,34.556396484375,60.88818359375,72.963623046875,3.3559565605874786,4.097290575495389,2.819157910911757,0,green_area
5441,Forest_2061.jpg,46.457763671875,77.27001953125,80.53271484375,4.298513696481206,4.438472560633166,2.88972182726961,0,green_area
5442,Forest_2049.jpg,33.9404296875,56.5478515625,71.27587890625,2.059862473350746,1.9656859274732341,1.6753218583562692,0,green_area
5443,Forest_884.jpg,35.326416015625,59.885986328125,81.27392578125,2.603923093213104,2.8832149793243964,2.2530716486313915,0,green_area
5444,Forest_648.jpg,47.19921875,69.951904296875,88.261474609375,4.633844939237656,4.580271604961426,3.226362383827519,0,green_area
5445,Forest_890.jpg,36.528076171875,61.153076171875,73.9501953125,2.0278078551289926,2.4384524000847536,1.6793669638744915,0,green_area
5446,Forest_2908.jpg,47.119140625,73.642822265625,77.6162109375,4.944759777934071,4.379586016445132,3.4931812621885756,0,green_area
5447,Forest_847.jpg,35.180908203125,63.7958984375,67.626220703125,6.576639288528533,7.3077470379683405,4.240071810606824,41,green_area
5448,Forest_2934.jpg,41.81494140625,63.956787109375,80.639892578125,2.1688786427274516,2.3793828452371493,1.773547047327908,0,green_area
5449,Forest_2920.jpg,42.0478515625,64.125244140625,81.28564453125,2.0246660781388885,2.125272831512252,1.8382994048214691,0,green_area
5450,Forest_853.jpg,50.914794921875,75.458740234375,109.197998046875,2.1328705021722985,2.153702474923259,1.8021270787069055,0,green_area
5451,Forest_2918.jpg,27.81005859375,48.74609375,63.786376953125,4.035493938130966,4.5421189015932795,3.2366039962001594,8,green_area
5452,Forest_857.jpg,42.055908203125,80.754150390625,75.667724609375,4.534379227187371,2.6144425644284404,2.6813507590224006,0,green_area
5453,Forest_2924.jpg,33.576904296875,56.833984375,70.816162109375,4.641118848577588,4.246353829287647,2.6439314574787205,0,green_area
5454,Forest_2930.jpg,44.857666015625,64.040771484375,81.309326171875,6.923479979119383,4.373163430422748,3.0165188013284716,0,green_area
5455,Forest_843.jpg,42.440673828125,65.34716796875,87.0048828125,3.188326476042041,3.6523860174171072,2.0291998273684357,0,green_area
5456,Forest_1587.jpg,46.77734375,65.54150390625,89.14697265625,11.333704848838527,8.287865051583912,6.9325630388994535,155,green_area
5457,Forest_2065.jpg,45.000244140625,75.0693359375,78.84814453125,2.415616902267484,3.6141509457991647,2.017474073033088,0,green_area
5458,Forest_670.jpg,36.156494140625,59.478515625,77.101318359375,4.5056574478176925,3.6951096460904727,2.8339009078792006,0,green_area
5459,Forest_664.jpg,38.239990234375,57.222900390625,70.557861328125,2.2496250555436195,1.989074893382404,1.5828585310152046,0,green_area
5460,Forest_2071.jpg,41.775146484375,72.92236328125,75.821533203125,5.759840210968189,6.550534320469723,3.605434157183872,12,green_area
5461,Forest_2059.jpg,44.2724609375,74.3798828125,78.522705078125,3.7338170867808484,4.29874681797115,2.5680146656857974,0,green_area
5462,Forest_894.jpg,53.54345703125,74.68896484375,109.44189453125,6.027773136609816,3.713156941919711,2.802594139498501,0,green_area
5463,Forest_880.jpg,38.07958984375,65.3916015625,75.668701171875,2.563169391938787,2.7456406806968676,1.9004411680865056,0,green_area
5464,Forest_658.jpg,33.56396484375,60.440185546875,69.06787109375,2.734921428032995,3.10270741852134,2.0505770336378926,0,green_area
5465,Forest_1975.jpg,35.298583984375,63.251708984375,70.982177734375,3.5815632971022233,3.308277380723978,2.725373530816096,10,green_area
5466,Forest_1961.jpg,38.5400390625,62.23095703125,77.81689453125,1.8286880538993306,2.90354017855207,1.6963505533390917,0,green_area
5467,Forest_1949.jpg,38.820556640625,64.29345703125,78.301513671875,5.548329675690804,4.574824552871939,3.1554234149393414,24,green_area
5468,Forest_2298.jpg,40.18701171875,64.122802734375,71.17431640625,2.1475565820951426,2.613312440238446,1.720988463212954,0,green_area
5469,Forest_499.jpg,39.906494140625,62.119384765625,76.7763671875,18.825675328554286,11.905333593850349,9.032617115704802,104,green_area
5470,Forest_472.jpg,47.810546875,69.920654296875,85.7705078125,4.664605139470836,3.2934747218964047,2.297580532783664,0,green_area
5471,Forest_314.jpg,37.9931640625,57.894287109375,70.685302734375,2.344989703060228,2.2727380967966164,1.6820916823654852,0,green_area
5472,Forest_2267.jpg,43.4736328125,69.92431640625,81.921875,3.414237779530497,3.100550373504208,2.1890061778978605,0,green_area
5473,Forest_2273.jpg,42.783447265625,62.090087890625,74.451416015625,7.166901831779176,4.701535174821915,3.443756089317629,48,green_area
5474,Forest_300.jpg,41.779296875,68.50048828125,76.922119140625,3.594309887602241,4.137174240841377,2.4860035938465597,0,green_area
5475,Forest_466.jpg,34.33544921875,61.022705078125,70.072509765625,3.3592330192902686,3.911336951101546,2.621159048162474,13,green_area
5476,Forest_328.jpg,42.278076171875,65.74462890625,84.22998046875,5.846888178938464,6.013349444525649,3.296221736169084,0,green_area
5477,Forest_506.jpg,59.15966796875,78.832275390625,73.23388671875,9.151550323702278,8.142525767677066,4.4131687846197725,44,green_area
5478,Forest_2313.jpg,35.290771484375,61.760009765625,73.706787109375,1.7434791429780165,2.4094484424406413,1.4928909760583093,0,green_area
5479,Forest_2307.jpg,36.341796875,57.13232421875,69.630126953125,4.533660037292192,3.520319097913171,2.594250814507033,0,green_area
5480,Forest_512.jpg,38.8671875,63.089111328125,70.229248046875,6.080790506471486,4.497679370305847,3.3730367584165157,0,green_area
5481,Forest_2878.jpg,36.3232421875,57.17578125,72.348876953125,3.668583210105805,2.6672308642857367,2.5090877226002317,0,green_area
5482,Forest_923.jpg,37.724609375,62.974365234375,75.965087890625,2.544302735507728,3.4151370716512024,1.9963349944946585,0,green_area
5483,Forest_2850.jpg,59.037841796875,72.707763671875,72.8466796875,7.021784158177626,8.32475590147537,3.828913019777924,0,green_area
5484,Forest_2844.jpg,42.9990234375,70.69189453125,80.57666015625,4.301503078439638,4.375367476152871,2.667710969013271,0,green_area
5485,Forest_937.jpg,31.313232421875,57.07470703125,68.416748046875,2.4165325552351495,3.6168125361956225,2.20382364166257,0,green_area
5486,Forest_2111.jpg,47.739501953125,73.46337890625,88.530517578125,4.174684464357673,2.984600238389147,2.6238923119909825,0,green_area
5487,Forest_704.jpg,50.243408203125,74.72021484375,80.570068359375,5.814228616057031,5.013735192333373,3.483775536327577,0,green_area
5488,Forest_710.jpg,32.262939453125,57.381591796875,68.33251953125,2.5085699892299846,3.197158010043093,2.009809221067333,0,green_area
5489,Forest_2105.jpg,39.064453125,64.405517578125,74.005615234375,2.896361890532282,3.3489093994473236,2.0083365591374154,0,green_area
5490,Forest_2893.jpg,37.8017578125,65.577392578125,67.89990234375,4.375921424836741,5.224675400931733,3.546942453961335,20,green_area
5491,Forest_738.jpg,36.467041015625,64.455078125,74.37255859375,2.312053933810578,3.1206115426541774,1.8484761715323847,0,green_area
5492,Forest_32.jpg,45.84619140625,68.384521484375,81.887939453125,3.0679599203279446,2.226295415017748,1.7671843369351925,0,green_area
5493,Forest_2887.jpg,30.138427734375,54.201171875,67.2958984375,2.5141451137475745,3.8575791107194397,2.3658010117474078,0,green_area
5494,Forest_2139.jpg,30.5283203125,51.609130859375,65.019287109375,5.447833097654507,5.4009461543124155,3.961591610140671,26,green_area
5495,Forest_2886.jpg,33.699951171875,59.4755859375,69.57958984375,2.0925976300679054,2.844761092306742,1.8344610892635065,0,green_area
5496,Forest_33.jpg,37.349853515625,61.119140625,75.169189453125,2.533161889463409,3.3074054047658885,2.1263639756815538,0,green_area
5497,Forest_2138.jpg,38.984375,65.134521484375,81.144287109375,3.9373449870280606,4.756442964376483,3.030836244247321,0,green_area
5498,Forest_739.jpg,50.893310546875,77.587890625,81.30126953125,5.752257893750669,6.376002513372867,3.904757008386105,0,green_area
5499,Forest_2892.jpg,37.94287109375,67.392822265625,67.700439453125,5.937430752802148,4.918946275830246,3.180117032143778,0,green_area
5500,Forest_711.jpg,43.983154296875,67.429931640625,87.570556640625,4.688849744384141,4.768566980762092,2.778949589856519,0,green_area
5501,Forest_2104.jpg,33.48974609375,57.992431640625,67.857421875,3.2575621657393765,3.4137948758399896,2.4332261397209844,0,green_area
5502,Forest_1419.jpg,45.38232421875,70.486083984375,87.99658203125,3.22501212273027,4.514549147008937,2.237920708769554,0,green_area
5503,Forest_2110.jpg,31.329833984375,56.23681640625,70.108154296875,3.1273192287287066,3.00237081149728,2.2659529744552236,0,green_area
5504,Forest_705.jpg,37.40869140625,61.039306640625,70.6220703125,3.6429998486079294,3.5113053890081645,2.410353888966546,0,green_area
5505,Forest_936.jpg,36.74072265625,63.5908203125,75.53759765625,2.8406854822415566,3.4726264531817126,2.4558707742864865,0,green_area
5506,Forest_2845.jpg,39.443603515625,65.636474609375,75.052734375,3.5834421605211015,3.2760267464561306,2.4165066194702134,0,green_area
5507,Forest_2851.jpg,42.599609375,81.203125,77.6748046875,3.2134877864498117,3.7487302537826057,2.3965327251005832,0,green_area
5508,Forest_922.jpg,38.817626953125,59.197021484375,78.26220703125,5.250296851121709,4.581350284066879,2.8757807044806216,0,green_area
5509,Forest_2879.jpg,35.89892578125,59.62158203125,76.945068359375,4.67650155723315,5.296885420077267,3.3022630875254695,9,green_area
5510,Forest_1627.jpg,45.644287109375,77.014892578125,80.604248046875,4.106930306514612,4.717665737204342,2.7422425245540825,0,green_area
5511,Forest_2306.jpg,41.631591796875,66.11572265625,83.8935546875,4.277914759873695,4.553639391116785,2.941552633465323,0,green_area
5512,Forest_513.jpg,43.992431640625,68.61669921875,85.951171875,2.30354926240169,2.830852352621581,1.761002963997785,0,green_area
5513,Forest_507.jpg,32.42431640625,56.93505859375,68.113525390625,6.171391161532146,6.540154023033729,4.4274812818699125,44,green_area
5514,Forest_2312.jpg,34.7734375,61.43310546875,66.048828125,2.2605951710431813,3.709207521046624,2.0452781447052586,0,green_area
5515,Forest_1814.jpg,39.792724609375,65.9228515625,79.63330078125,3.366417878742366,3.7601302329296136,2.6817351767033486,0,green_area
5516,Forest_329.jpg,34.24462890625,60.41650390625,75.015625,2.9046905189239918,3.1942118495535783,2.0697670271977473,0,green_area
5517,Forest_301.jpg,38.961669921875,62.80078125,81.26708984375,3.021690070678317,3.590468525610333,2.3094259398421073,0,green_area
5518,Forest_2272.jpg,35.488037109375,57.73779296875,71.98388671875,4.44627800966695,3.7063339751381097,2.821467324313248,18,green_area
5519,Forest_467.jpg,42.7841796875,67.51708984375,79.702392578125,6.506367352368171,5.026220402150169,3.4307539113975976,0,green_area
5520,Forest_473.jpg,36.073486328125,63.739013671875,67.101318359375,8.429204264057415,7.434873578004325,5.343908826241196,86,green_area
5521,Forest_2266.jpg,34.3984375,57.25390625,73.6005859375,4.346046773631612,4.8753489834022075,3.036985496619509,0,green_area
5522,Forest_315.jpg,42.239501953125,66.48388671875,84.564453125,2.438103319964991,2.756248960256921,1.8794858042634253,0,green_area
5523,Forest_498.jpg,39.5146484375,65.693603515625,80.292724609375,4.73468751788635,4.401439983543754,3.301352971690736,0,green_area
5524,Forest_2299.jpg,35.022216796875,59.132080078125,70.81689453125,2.637478629925106,3.239825746639392,1.8902163103237266,0,green_area
5525,Forest_1948.jpg,40.247802734375,61.440673828125,79.391357421875,2.44357617191715,2.5352776473358216,1.9770197132219884,0,green_area
5526,Forest_1960.jpg,33.25439453125,55.658203125,66.9228515625,3.354717734582165,3.687085661805301,2.182226964557378,0,green_area
5527,Forest_1974.jpg,41.734130859375,78.228515625,76.774169921875,4.07885734880963,4.605059138776706,2.999841596474563,0,green_area
5528,Forest_659.jpg,37.36328125,64.02880859375,74.353271484375,3.682446136184267,3.313627483012559,2.5938354730885465,0,green_area
5529,Forest_881.jpg,40.6005859375,62.576904296875,79.479248046875,3.2503214457076774,3.569749174188876,2.3736754161935236,0,green_area
5530,Forest_2058.jpg,42.508056640625,71.841552734375,77.36279296875,3.763314064331044,4.6970259385212,2.3442129567992667,0,green_area
5531,Forest_895.jpg,32.46484375,56.72412109375,67.457763671875,4.735507741450323,5.281949307342536,3.226352259919322,22,green_area
5532,Forest_665.jpg,50.865966796875,76.98095703125,81.80419921875,5.658308839979049,6.861465986969635,4.116141285878303,0,green_area
5533,Forest_2070.jpg,39.608154296875,63.11865234375,80.201416015625,3.07896116682518,2.9547505017467435,2.4009088340198903,0,green_area
5534,Forest_2064.jpg,49.6064453125,75.583251953125,86.542724609375,3.1461623232434746,2.7864948389151687,2.3164305275582415,0,green_area
5535,Forest_671.jpg,33.939697265625,57.966796875,73.69677734375,4.06202236448815,4.75815203978816,3.0460895406219914,0,green_area
5536,Forest_842.jpg,42.890625,65.36474609375,85.285888671875,4.054589654407089,4.415135913065884,2.472516132741817,12,green_area
5537,Forest_2931.jpg,48.243408203125,81.247802734375,81.329833984375,5.970188022564822,5.4627976585227165,3.6656994040532447,0,green_area
5538,Forest_1586.jpg,36.8857421875,64.46337890625,75.93505859375,2.891533950999489,4.464937918296575,2.4735280890873814,0,green_area
5539,Forest_2925.jpg,42.072021484375,64.31982421875,83.0703125,2.9752295105022437,2.9249662071297426,2.2623224852668,0,green_area
5540,Forest_856.jpg,37.147216796875,62.807373046875,77.981201171875,3.7423172691319033,4.082373784491662,2.758135714515536,0,green_area
5541,Forest_2919.jpg,37.107666015625,59.524169921875,67.630615234375,7.146751325844103,7.480077823951871,4.460715046161227,9,green_area
5542,Forest_868.jpg,55.568603515625,79.559814453125,83.734375,8.06375236173544,5.085243699292823,3.911215593888299,0,green_area
5543,Forest_2933.jpg,39.00537109375,62.349853515625,79.434814453125,2.725829586126383,3.3260945945627927,2.029121207746991,0,green_area
5544,Forest_698.jpg,57.919189453125,77.48095703125,80.671875,8.87178434961867,6.0387444258174385,5.2284014421833565,0,green_area
5545,Forest_840.jpg,38.322509765625,65.86376953125,75.7138671875,4.028734819760604,3.491129362847237,2.2970691002037444,0,green_area
5546,Forest_854.jpg,40.216796875,66.604248046875,75.60693359375,4.269872095126531,3.771794935070403,2.4865440161050256,0,green_area
5547,Forest_2927.jpg,30.20458984375,53.431884765625,65.664306640625,4.055358919329379,4.9099059788448125,3.227514676046652,0,green_area
5548,Forest_2099.jpg,35.311279296875,63.65283203125,71.171630859375,2.941325588057535,3.374143668432629,2.0384693525376334,12,green_area
5549,Forest_2072.jpg,35.12548828125,59.7666015625,69.0126953125,5.601284621407746,5.94561269556154,3.767515728771484,27,green_area
5550,Forest_2714.jpg,33.449951171875,56.314208984375,71.372314453125,2.666054515065908,2.6979544586617896,2.0572388187493527,0,green_area
5551,Forest_667.jpg,35.327880859375,59.4267578125,69.115234375,2.30915382936705,2.4286712778225494,1.732305167996782,0,green_area
5552,Forest_673.jpg,35.63037109375,60.23828125,75.532470703125,5.291972792273636,5.718695301565598,3.6722300824483436,0,green_area
5553,Forest_2066.jpg,35.484130859375,59.38330078125,81.593994140625,3.6006377102363163,3.662928521667211,2.6397378435704875,0,green_area
5554,Forest_1547.jpg,32.621826171875,56.650634765625,69.025390625,4.901849358542782,5.039082082074581,3.3996265655086457,0,green_area
5555,Forest_883.jpg,50.605712890625,74.16943359375,109.09375,2.947300237676119,2.612620225905204,2.095032256613248,0,green_area
5556,Forest_897.jpg,38.713623046875,60.62939453125,74.252197265625,4.13005962881819,2.998592642646312,2.5481917715973172,0,green_area
5557,Forest_1962.jpg,38.301513671875,65.610595703125,76.46630859375,1.9497239522679755,2.351336686961331,1.533588025805789,0,green_area
5558,Forest_1976.jpg,35.121826171875,61.0400390625,74.2998046875,2.4445115871010477,3.096882630924866,2.2067147087022887,0,green_area
5559,Forest_465.jpg,36.984130859375,60.492431640625,71.73681640625,3.568661355956996,3.6360877500668725,2.2544599940408867,9,green_area
5560,Forest_2270.jpg,40.90234375,61.81298828125,78.322021484375,4.038418332941244,3.1048077725601906,2.697757209327022,0,green_area
5561,Forest_303.jpg,41.31201171875,61.1083984375,78.18701171875,4.789444800795043,4.053712584316697,2.989269098299812,0,green_area
5562,Forest_317.jpg,35.94482421875,57.577880859375,72.345703125,2.967743672921139,2.5088299146201622,2.080795064239925,0,green_area
5563,Forest_2264.jpg,33.10498046875,55.887939453125,66.00439453125,5.004998926816172,5.340586696418201,3.5509654585894093,8,green_area
5564,Forest_471.jpg,39.9248046875,67.71875,79.70068359375,3.7231735718642005,3.186197650609579,2.596244944905928,0,green_area
5565,Forest_459.jpg,34.993896484375,63.820068359375,74.7958984375,2.084684631478348,2.8397288869849877,1.9192290661708566,0,green_area
5566,Forest_2258.jpg,37.55419921875,63.711181640625,78.539794921875,5.461199425349425,4.824238116885705,3.278850068307937,0,green_area
5567,Forest_1989.jpg,35.516357421875,60.591552734375,75.58154296875,2.7088948560251658,3.406739777166501,2.1230899416881606,0,green_area
5568,Forest_1802.jpg,38.786376953125,80.509765625,75.58642578125,5.785515314945492,4.574086566060852,3.0847171350198916,0,green_area
5569,Forest_288.jpg,46.189208984375,73.576904296875,75.110107421875,7.411693065747986,6.6536411984621,4.075080926653241,26,green_area
5570,Forest_511.jpg,34.515380859375,59.82421875,69.68408203125,4.455153896518603,3.218273534971575,2.624125698355716,15,green_area
5571,Forest_2304.jpg,42.181884765625,66.123291015625,81.245849609375,3.676808382980889,4.514049737053321,2.4819381446654063,0,green_area
5572,Forest_2310.jpg,39.947509765625,67.527099609375,75.998779296875,3.157012384703338,3.3639500802511506,2.3404661315662914,0,green_area
5573,Forest_505.jpg,42.454833984375,70.624267578125,77.940673828125,3.1542244539716195,3.1870690503230312,2.1571886396895517,0,green_area
5574,Forest_539.jpg,34.208251953125,55.6494140625,63.7890625,5.256445101814973,5.577546332768312,3.726742658118984,16,green_area
5575,Forest_908.jpg,42.465087890625,66.96240234375,84.932861328125,2.2481007374824173,2.7707936324714812,1.862493240420985,0,green_area
5576,Forest_2847.jpg,39.609375,66.622314453125,80.8583984375,1.8337253960517097,2.440138818962301,1.7718964321448245,0,green_area
5577,Forest_934.jpg,33.68701171875,57.642578125,67.882080078125,4.43752060469021,5.065265794804995,3.1630513306220616,0,green_area
5578,Forest_920.jpg,36.695556640625,64.786376953125,72.168212890625,2.713507838169528,3.482029754248065,2.1893463925456342,0,green_area
5579,Forest_2853.jpg,41.482177734375,65.871826171875,82.65380859375,3.0975631084124813,3.273417315728134,2.2508191101216126,0,green_area
5580,Forest_2106.jpg,38.605224609375,65.019287109375,79.9189453125,2.792666534932497,3.766288722573849,2.3594831227165574,0,green_area
5581,Forest_713.jpg,39.03759765625,61.00732421875,82.859619140625,6.334742102879525,4.122862261926743,3.2246714724055434,0,green_area
5582,Forest_707.jpg,30.127685546875,53.85302734375,66.225830078125,3.016321991141568,4.548553235734943,2.439007305275869,0,green_area
5583,Forest_2112.jpg,32.875732421875,59.06787109375,69.031982421875,3.211374582581725,4.1128826473512685,2.3480590753995116,0,green_area
5584,Forest_31.jpg,38.46044921875,60.909912109375,71.466552734375,3.3501542340543837,2.8238381515833617,2.0037451339110497,0,green_area
5585,Forest_2884.jpg,39.413330078125,59.394775390625,67.547607421875,4.838939954901505,4.573847409493662,3.4950689508051793,0,green_area
5586,Forest_2890.jpg,36.051513671875,58.14453125,72.690673828125,2.641601641473399,2.478247036520661,2.0387531937481196,0,green_area
5587,Forest_2891.jpg,35.80517578125,57.215087890625,76.994873046875,2.3252672411012143,2.094304239164283,1.8588426452975126,0,green_area
5588,Forest_2885.jpg,40.365234375,65.763671875,82.0263671875,4.957229405884739,4.6831029995969535,3.5018533159490475,24,green_area
5589,Forest_30.jpg,43.845947265625,66.149169921875,83.76513671875,3.9980400692910254,3.2850371440111306,2.4780314809078763,0,green_area
5590,Forest_706.jpg,34.239501953125,57.214111328125,73.4873046875,4.110356601631336,4.571513580565363,3.027758130662112,0,green_area
5591,Forest_2113.jpg,52.738525390625,76.71923828125,91.2998046875,6.925682514689595,4.07345649998678,3.663315816900452,13,green_area
5592,Forest_2107.jpg,39.748291015625,65.886962890625,77.90771484375,3.314396863919574,3.2967884992487986,2.1549541062249826,0,green_area
5593,Forest_712.jpg,39.355224609375,60.18017578125,78.916259765625,3.2202722505277994,3.348748828906246,2.1744183118760336,0,green_area
5594,Forest_2852.jpg,42.424560546875,70.20654296875,81.0556640625,3.3747355657758136,3.740915580049881,2.356181022787934,0,green_area
5595,Forest_921.jpg,45.47265625,87.3505859375,70.597900390625,6.676556055095766,8.710885770498729,4.422695980085616,29,green_area
5596,Forest_935.jpg,37.164306640625,61.02734375,78.12353515625,4.633923550132385,4.776267254021276,3.3765003613460918,8,green_area
5597,Forest_2846.jpg,37.344970703125,59.589599609375,74.345458984375,2.734846227095857,2.6591490128422377,1.9695047869298499,0,green_area
5598,Forest_909.jpg,36.740966796875,60.652099609375,72.876953125,3.3108842525908093,3.163869282038683,2.123964842941788,6,green_area
5599,Forest_538.jpg,43.9169921875,68.552734375,86.108642578125,2.628985875639876,2.879522995123213,1.949850633598213,0,green_area
5600,Forest_2311.jpg,33.388671875,54.091064453125,62.424560546875,7.057783864630171,6.011200340281635,4.786167028678816,87,green_area
5601,Forest_504.jpg,61.46484375,81.188232421875,86.97802734375,7.214334037219648,4.299058331743136,3.781186158453101,0,green_area
5602,Forest_510.jpg,31.372314453125,55.189697265625,61.05810546875,4.068301760393301,4.593792655642981,3.12266205115945,0,green_area
5603,Forest_2305.jpg,35.612060546875,63.157470703125,70.258544921875,7.9778221062414065,5.376712831115524,3.9117836095248992,32,green_area
5604,Forest_289.jpg,40.669189453125,64.753662109375,83.738037109375,2.6584894837484807,3.5407934187505807,1.8371115805961253,0,green_area
5605,Forest_1988.jpg,46.239013671875,76.0029296875,79.3125,6.345039231973419,5.408777517094889,3.694907813464363,45,green_area
5606,Forest_2259.jpg,30.40234375,51.435546875,62.7900390625,4.874622819443156,4.4909029243491485,3.5184167246751943,35,green_area
5607,Forest_458.jpg,33.080322265625,56.013671875,67.021484375,5.193769131061744,5.784948866872894,3.9300558778318737,0,green_area
5608,Forest_2265.jpg,33.82177734375,58.471923828125,70.94873046875,3.5874910666856294,4.552503261648787,2.713952007251677,0,green_area
5609,Forest_316.jpg,35.340576171875,61.841552734375,78.125732421875,2.1531848821631576,2.79631487602719,1.765296415963746,0,green_area
5610,Forest_470.jpg,43.15625,62.590087890625,71.58154296875,5.526436818262741,4.216166962949017,3.7119411356118563,0,green_area
5611,Forest_464.jpg,40.40576171875,67.75341796875,81.957763671875,2.6930186807924383,3.453830249970983,2.364269195113263,0,green_area
5612,Forest_302.jpg,48.9140625,90.515625,72.008544921875,8.307325545254848,8.509257940803359,4.699430154942741,117,green_area
5613,Forest_2271.jpg,32.706787109375,57.14990234375,68.445068359375,2.612547253906871,3.060504769411127,1.9214074876528002,0,green_area
5614,Forest_1977.jpg,36.8525390625,62.760986328125,65.063720703125,4.011912607711142,3.031451572519645,2.331235804271686,20,green_area
5615,Forest_1963.jpg,34.20361328125,56.220458984375,71.482177734375,2.7506296564057124,2.802496338415689,1.9877984110814637,0,green_area
5616,Forest_896.jpg,37.973388671875,62.03857421875,71.68212890625,2.8755136839511692,2.7412816912710425,1.9180049853971128,0,green_area
5617,Forest_882.jpg,37.94091796875,60.059814453125,77.2431640625,3.3738316173652434,3.820890659822963,2.340091341958364,0,green_area
5618,Forest_672.jpg,40.3193359375,65.572509765625,78.38134765625,2.3371944044133333,2.80060263985968,1.763780491252421,0,green_area
5619,Forest_2067.jpg,35.685546875,62.91015625,68.954345703125,4.324625852420962,4.45706890869279,2.933860055592606,0,green_area
5620,Forest_2073.jpg,47.338623046875,91.371826171875,72.0546875,6.9226919988000395,6.815844734039485,3.9496881675764923,46,green_area
5621,Forest_666.jpg,48.5869140625,77.5556640625,78.290771484375,9.10795521999805,5.923406558910674,5.019899151452084,6,green_area
5622,Forest_2926.jpg,34.7216796875,55.2578125,67.599609375,13.326638571528452,8.985662271910945,6.566988037042713,85,green_area
5623,Forest_855.jpg,42.35009765625,69.291748046875,82.26904296875,4.089452657427184,3.9267077135648414,2.551496700412561,0,green_area
5624,Forest_1591.jpg,32.44921875,54.857421875,66.571044921875,5.55299920501511,5.059333847283798,3.6601650355995936,18,green_area
5625,Forest_2098.jpg,44.5986328125,65.963623046875,80.52197265625,3.5476029107058107,3.3423471003407683,2.535395065838324,0,green_area
5626,Forest_1585.jpg,38.7529296875,61.305908203125,78.971435546875,4.298379419697748,4.272907503168754,2.755217793141346,0,green_area
5627,Forest_841.jpg,45.707763671875,69.8291015625,89.17431640625,2.9313096806971823,3.311850286140673,2.279512292248516,0,green_area
5628,Forest_699.jpg,35.827392578125,65.32666015625,71.25634765625,2.4080232180231707,2.9126663340603787,2.241674863051092,0,green_area
5629,Forest_2932.jpg,49.15966796875,86.634033203125,71.513916015625,6.706376272045526,9.061158518324799,3.997961113275006,13,green_area
5630,Forest_869.jpg,48.95458984375,74.548828125,85.883056640625,5.088992067340973,4.827094205674775,3.0634956979442767,0,green_area
